ISO-10303-21;
HEADER;
FILE_DESCRIPTION(('FreeCAD Model'),'2;1');
FILE_NAME('Open CASCADE Shape Model','2025-11-16T13:50:18',('Author'),(
    ''),'Open CASCADE STEP processor 7.8','FreeCAD','Unknown');
FILE_SCHEMA(('AUTOMOTIVE_DESIGN { 1 0 10303 214 1 1 1 1 }'));
ENDSEC;
DATA;
#1 = APPLICATION_PROTOCOL_DEFINITION('international standard',
  'automotive_design',2000,#2);
#2 = APPLICATION_CONTEXT(
  'core data for automotive mechanical design processes');
#3 = SHAPE_DEFINITION_REPRESENTATION(#4,#10);
#4 = PRODUCT_DEFINITION_SHAPE('','',#5);
#5 = PRODUCT_DEFINITION('design','',#6,#9);
#6 = PRODUCT_DEFINITION_FORMATION('','',#7);
#7 = PRODUCT('TeileExport','TeileExport','',(#8));
#8 = PRODUCT_CONTEXT('',#2,'mechanical');
#9 = PRODUCT_DEFINITION_CONTEXT('part definition',#2,'design');
#10 = SHAPE_REPRESENTATION('',(#11,#15,#19,#23),#27);
#11 = AXIS2_PLACEMENT_3D('',#12,#13,#14);
#12 = CARTESIAN_POINT('',(0.,0.,0.));
#13 = DIRECTION('',(0.,0.,1.));
#14 = DIRECTION('',(1.,0.,-0.));
#15 = AXIS2_PLACEMENT_3D('',#16,#17,#18);
#16 = CARTESIAN_POINT('',(-37.00000762939,-0.999999761581,-1.5));
#17 = DIRECTION('',(-1.,1.881346737875E-22,-1.685873969315E-07));
#18 = DIRECTION('',(-1.685873969315E-07,1.550846255718E-16,1.));
#19 = AXIS2_PLACEMENT_3D('',#20,#21,#22);
#20 = CARTESIAN_POINT('',(0.,0.,0.));
#21 = DIRECTION('',(0.,0.,1.));
#22 = DIRECTION('',(1.,0.,0.));
#23 = AXIS2_PLACEMENT_3D('',#24,#25,#26);
#24 = CARTESIAN_POINT('',(-1.,-53.00001907348,11.));
#25 = DIRECTION('',(0.,-1.,-3.37174794085E-07));
#26 = DIRECTION('',(1.,0.,0.));
#27 = ( GEOMETRIC_REPRESENTATION_CONTEXT(3) 
GLOBAL_UNCERTAINTY_ASSIGNED_CONTEXT((#31)) GLOBAL_UNIT_ASSIGNED_CONTEXT(
(#28,#29,#30)) REPRESENTATION_CONTEXT('Context #1',
  '3D Context with UNIT and UNCERTAINTY') );
#28 = ( LENGTH_UNIT() NAMED_UNIT(*) SI_UNIT(.MILLI.,.METRE.) );
#29 = ( NAMED_UNIT(*) PLANE_ANGLE_UNIT() SI_UNIT($,.RADIAN.) );
#30 = ( NAMED_UNIT(*) SI_UNIT($,.STERADIAN.) SOLID_ANGLE_UNIT() );
#31 = UNCERTAINTY_MEASURE_WITH_UNIT(LENGTH_MEASURE(1.E-04),#28,
  'distance_accuracy_value','confusion accuracy');
#32 = PRODUCT_RELATED_PRODUCT_CATEGORY('part',$,(#7));
#33 = SHAPE_DEFINITION_REPRESENTATION(#34,#40);
#34 = PRODUCT_DEFINITION_SHAPE('','',#35);
#35 = PRODUCT_DEFINITION('design','',#36,#39);
#36 = PRODUCT_DEFINITION_FORMATION('','',#37);
#37 = PRODUCT('Querwand','Querwand','',(#38));
#38 = PRODUCT_CONTEXT('',#2,'mechanical');
#39 = PRODUCT_DEFINITION_CONTEXT('part definition',#2,'design');
#40 = SHAPE_REPRESENTATION('',(#11,#41),#45);
#41 = AXIS2_PLACEMENT_3D('',#42,#43,#44);
#42 = CARTESIAN_POINT('',(0.,0.,0.));
#43 = DIRECTION('',(0.,0.,1.));
#44 = DIRECTION('',(1.,0.,0.));
#45 = ( GEOMETRIC_REPRESENTATION_CONTEXT(3) 
GLOBAL_UNCERTAINTY_ASSIGNED_CONTEXT((#49)) GLOBAL_UNIT_ASSIGNED_CONTEXT(
(#46,#47,#48)) REPRESENTATION_CONTEXT('Context #1',
  '3D Context with UNIT and UNCERTAINTY') );
#46 = ( LENGTH_UNIT() NAMED_UNIT(*) SI_UNIT(.MILLI.,.METRE.) );
#47 = ( NAMED_UNIT(*) PLANE_ANGLE_UNIT() SI_UNIT($,.RADIAN.) );
#48 = ( NAMED_UNIT(*) SI_UNIT($,.STERADIAN.) SOLID_ANGLE_UNIT() );
#49 = UNCERTAINTY_MEASURE_WITH_UNIT(LENGTH_MEASURE(1.E-04),#46,
  'distance_accuracy_value','confusion accuracy');
#50 = CONTEXT_DEPENDENT_SHAPE_REPRESENTATION(#51,#53);
#51 = ( REPRESENTATION_RELATIONSHIP('','',#40,#10) 
REPRESENTATION_RELATIONSHIP_WITH_TRANSFORMATION(#52) 
SHAPE_REPRESENTATION_RELATIONSHIP() );
#52 = ITEM_DEFINED_TRANSFORMATION('','',#11,#15);
#53 = PRODUCT_DEFINITION_SHAPE('Placement','Placement of an item',#54);
#54 = NEXT_ASSEMBLY_USAGE_OCCURRENCE('2','Querwand003','',#5,#35,$);
#55 = PRODUCT_RELATED_PRODUCT_CATEGORY('part',$,(#37));
#56 = SHAPE_DEFINITION_REPRESENTATION(#57,#63);
#57 = PRODUCT_DEFINITION_SHAPE('','',#58);
#58 = PRODUCT_DEFINITION('design','',#59,#62);
#59 = PRODUCT_DEFINITION_FORMATION('','',#60);
#60 = PRODUCT('Body','Body','',(#61));
#61 = PRODUCT_CONTEXT('',#2,'mechanical');
#62 = PRODUCT_DEFINITION_CONTEXT('part definition',#2,'design');
#63 = ADVANCED_BREP_SHAPE_REPRESENTATION('',(#11,#64),#2152);
#64 = MANIFOLD_SOLID_BREP('',#65);
#65 = CLOSED_SHELL('',(#66,#106,#641,#1176,#1193,#1215,#1232,#1249,#1266
    ,#1283,#1300,#1317,#1334,#1351,#1368,#1385,#1402,#1419,#1436,#1453,
    #1470,#1487,#1504,#1521,#1538,#1555,#1572,#1589,#1606,#1623,#1640,
    #1657,#1674,#1691,#1708,#1725,#1742,#1759,#1776,#1793,#1814,#1831,
    #1848,#1865,#1884,#1901,#1918,#1935,#1952,#1964,#1986,#2003,#2020,
    #2042,#2059,#2076,#2093,#2110,#2122,#2138));
#66 = ADVANCED_FACE('',(#67),#101,.F.);
#67 = FACE_BOUND('',#68,.F.);
#68 = EDGE_LOOP('',(#69,#79,#87,#95));
#69 = ORIENTED_EDGE('',*,*,#70,.F.);
#70 = EDGE_CURVE('',#71,#73,#75,.T.);
#71 = VERTEX_POINT('',#72);
#72 = CARTESIAN_POINT('',(-1.5,31.5,-3.2E-14));
#73 = VERTEX_POINT('',#74);
#74 = CARTESIAN_POINT('',(-1.5,33.368629150102,-1.5E-14));
#75 = LINE('',#76,#77);
#76 = CARTESIAN_POINT('',(-1.5,-19.,7.549516567451E-15));
#77 = VECTOR('',#78,1.);
#78 = DIRECTION('',(-2.2E-16,1.,-3.3E-16));
#79 = ORIENTED_EDGE('',*,*,#80,.T.);
#80 = EDGE_CURVE('',#71,#81,#83,.T.);
#81 = VERTEX_POINT('',#82);
#82 = CARTESIAN_POINT('',(1.5,31.5,-3.1E-14));
#83 = LINE('',#84,#85);
#84 = CARTESIAN_POINT('',(46.958438873907,31.5,-6.05E-15));
#85 = VECTOR('',#86,1.);
#86 = DIRECTION('',(1.,-1.1E-16,2.2E-16));
#87 = ORIENTED_EDGE('',*,*,#88,.T.);
#88 = EDGE_CURVE('',#81,#89,#91,.T.);
#89 = VERTEX_POINT('',#90);
#90 = CARTESIAN_POINT('',(1.5,33.368629150102,-1.5E-14));
#91 = LINE('',#92,#93);
#92 = CARTESIAN_POINT('',(1.5,-19.,5.773159728051E-15));
#93 = VECTOR('',#94,1.);
#94 = DIRECTION('',(-2.2E-16,1.,-3.3E-16));
#95 = ORIENTED_EDGE('',*,*,#96,.F.);
#96 = EDGE_CURVE('',#73,#89,#97,.T.);
#97 = LINE('',#98,#99);
#98 = CARTESIAN_POINT('',(95.331374164018,33.368629150102,2.532E-14));
#99 = VECTOR('',#100,1.);
#100 = DIRECTION('',(1.,1.1E-16,0.));
#101 = PLANE('',#102);
#102 = AXIS2_PLACEMENT_3D('',#103,#104,#105);
#103 = CARTESIAN_POINT('',(-1.5,-19.,1.071E-14));
#104 = DIRECTION('',(-3.3E-16,1.1E-16,1.));
#105 = DIRECTION('',(-2.2E-16,1.,-1.1E-16));
#106 = ADVANCED_FACE('',(#107),#636,.T.);
#107 = FACE_BOUND('',#108,.T.);
#108 = EDGE_LOOP('',(#109,#119,#127,#136,#144,#153,#161,#169,#178,#187,
    #195,#203,#211,#220,#229,#236,#237,#245,#254,#262,#271,#279,#287,
    #296,#305,#313,#321,#329,#338,#347,#356,#364,#372,#381,#389,#398,
    #406,#414,#422,#430,#438,#447,#455,#464,#472,#480,#488,#497,#505,
    #514,#522,#530,#538,#547,#555,#564,#572,#580,#588,#597,#605,#614,
    #622,#630));
#109 = ORIENTED_EDGE('',*,*,#110,.F.);
#110 = EDGE_CURVE('',#111,#113,#115,.T.);
#111 = VERTEX_POINT('',#112);
#112 = CARTESIAN_POINT('',(-1.5,56.5,-5.7E-14));
#113 = VERTEX_POINT('',#114);
#114 = CARTESIAN_POINT('',(-1.5,69.,-3.1E-14));
#115 = LINE('',#116,#117);
#116 = CARTESIAN_POINT('',(-1.5,-19.,7.549516567451E-15));
#117 = VECTOR('',#118,1.);
#118 = DIRECTION('',(-2.2E-16,1.,-3.3E-16));
#119 = ORIENTED_EDGE('',*,*,#120,.F.);
#120 = EDGE_CURVE('',#121,#111,#123,.T.);
#121 = VERTEX_POINT('',#122);
#122 = CARTESIAN_POINT('',(-1.5,56.5,2.868629150101));
#123 = LINE('',#124,#125);
#124 = CARTESIAN_POINT('',(-1.5,56.5,8.934314575051));
#125 = VECTOR('',#126,1.);
#126 = DIRECTION('',(4.4E-16,2.6E-16,-1.));
#127 = ORIENTED_EDGE('',*,*,#128,.T.);
#128 = EDGE_CURVE('',#121,#129,#131,.T.);
#129 = VERTEX_POINT('',#130);
#130 = CARTESIAN_POINT('',(-1.5,55.368629150102,4.));
#131 = CIRCLE('',#132,0.8);
#132 = AXIS2_PLACEMENT_3D('',#133,#134,#135);
#133 = CARTESIAN_POINT('',(-1.5,55.934314575051,3.434314575051));
#134 = DIRECTION('',(1.,3.3E-16,2.2E-16));
#135 = DIRECTION('',(-3.3E-16,1.,-5.5E-16));
#136 = ORIENTED_EDGE('',*,*,#137,.F.);
#137 = EDGE_CURVE('',#138,#129,#140,.T.);
#138 = VERTEX_POINT('',#139);
#139 = CARTESIAN_POINT('',(-1.5,45.631370849898,4.));
#140 = LINE('',#141,#142);
#141 = CARTESIAN_POINT('',(-1.5,35.315685424949,4.));
#142 = VECTOR('',#143,1.);
#143 = DIRECTION('',(2.2E-16,1.,-3.8E-16));
#144 = ORIENTED_EDGE('',*,*,#145,.T.);
#145 = EDGE_CURVE('',#138,#146,#148,.T.);
#146 = VERTEX_POINT('',#147);
#147 = CARTESIAN_POINT('',(-1.5,44.5,2.868629150101));
#148 = CIRCLE('',#149,0.8);
#149 = AXIS2_PLACEMENT_3D('',#150,#151,#152);
#150 = CARTESIAN_POINT('',(-1.5,45.065685424949,3.434314575051));
#151 = DIRECTION('',(1.,3.3E-16,2.2E-16));
#152 = DIRECTION('',(-3.3E-16,1.,-5.5E-16));
#153 = ORIENTED_EDGE('',*,*,#154,.T.);
#154 = EDGE_CURVE('',#146,#155,#157,.T.);
#155 = VERTEX_POINT('',#156);
#156 = CARTESIAN_POINT('',(-1.5,44.5,-4.5E-14));
#157 = LINE('',#158,#159);
#158 = CARTESIAN_POINT('',(-1.5,44.5,8.934314575051));
#159 = VECTOR('',#160,1.);
#160 = DIRECTION('',(4.4E-16,1.1E-16,-1.));
#161 = ORIENTED_EDGE('',*,*,#162,.F.);
#162 = EDGE_CURVE('',#163,#155,#165,.T.);
#163 = VERTEX_POINT('',#164);
#164 = CARTESIAN_POINT('',(-1.5,41.631370849898,-1.9E-14));
#165 = LINE('',#166,#167);
#166 = CARTESIAN_POINT('',(-1.5,-19.,7.549516567451E-15));
#167 = VECTOR('',#168,1.);
#168 = DIRECTION('',(-2.2E-16,1.,-3.3E-16));
#169 = ORIENTED_EDGE('',*,*,#170,.T.);
#170 = EDGE_CURVE('',#163,#171,#173,.T.);
#171 = VERTEX_POINT('',#172);
#172 = CARTESIAN_POINT('',(-1.5,40.5,-2.6E-14));
#173 = CIRCLE('',#174,0.8);
#174 = AXIS2_PLACEMENT_3D('',#175,#176,#177);
#175 = CARTESIAN_POINT('',(-1.5,41.065685424949,-0.565685424949));
#176 = DIRECTION('',(1.,1.1E-16,1.29368257903E-48));
#177 = DIRECTION('',(-1.1E-16,1.,-3.3E-16));
#178 = ORIENTED_EDGE('',*,*,#179,.T.);
#179 = EDGE_CURVE('',#171,#180,#182,.T.);
#180 = VERTEX_POINT('',#181);
#181 = CARTESIAN_POINT('',(-1.5,40.5,-1.131370849899));
#182 = CIRCLE('',#183,0.8);
#183 = AXIS2_PLACEMENT_3D('',#184,#185,#186);
#184 = CARTESIAN_POINT('',(-1.5,41.065685424949,-0.565685424949));
#185 = DIRECTION('',(1.,1.1E-16,1.29368257903E-48));
#186 = DIRECTION('',(-1.1E-16,1.,-3.3E-16));
#187 = ORIENTED_EDGE('',*,*,#188,.F.);
#188 = EDGE_CURVE('',#189,#180,#191,.T.);
#189 = VERTEX_POINT('',#190);
#190 = CARTESIAN_POINT('',(-1.5,40.5,-4.));
#191 = LINE('',#192,#193);
#192 = CARTESIAN_POINT('',(-1.5,40.5,-4.));
#193 = VECTOR('',#194,1.);
#194 = DIRECTION('',(-3.3E-16,-1.1E-16,1.));
#195 = ORIENTED_EDGE('',*,*,#196,.F.);
#196 = EDGE_CURVE('',#197,#189,#199,.T.);
#197 = VERTEX_POINT('',#198);
#198 = CARTESIAN_POINT('',(-1.5,34.5,-4.));
#199 = LINE('',#200,#201);
#200 = CARTESIAN_POINT('',(-1.5,34.5,-4.));
#201 = VECTOR('',#202,1.);
#202 = DIRECTION('',(-2.2E-16,1.,-3.3E-16));
#203 = ORIENTED_EDGE('',*,*,#204,.F.);
#204 = EDGE_CURVE('',#205,#197,#207,.T.);
#205 = VERTEX_POINT('',#206);
#206 = CARTESIAN_POINT('',(-1.5,34.5,-1.131370849899));
#207 = LINE('',#208,#209);
#208 = CARTESIAN_POINT('',(-1.5,34.5,-1.088018564133E-14));
#209 = VECTOR('',#210,1.);
#210 = DIRECTION('',(3.3E-16,1.1E-16,-1.));
#211 = ORIENTED_EDGE('',*,*,#212,.T.);
#212 = EDGE_CURVE('',#205,#213,#215,.T.);
#213 = VERTEX_POINT('',#214);
#214 = CARTESIAN_POINT('',(-1.5,34.734314575051,-0.565685424949));
#215 = CIRCLE('',#216,0.8);
#216 = AXIS2_PLACEMENT_3D('',#217,#218,#219);
#217 = CARTESIAN_POINT('',(-1.5,33.934314575051,-0.565685424949));
#218 = DIRECTION('',(1.,1.1E-16,1.29368257903E-48));
#219 = DIRECTION('',(-1.1E-16,1.,-3.3E-16));
#220 = ORIENTED_EDGE('',*,*,#221,.T.);
#221 = EDGE_CURVE('',#213,#222,#224,.T.);
#222 = VERTEX_POINT('',#223);
#223 = CARTESIAN_POINT('',(-1.5,34.5,-2.2E-14));
#224 = CIRCLE('',#225,0.8);
#225 = AXIS2_PLACEMENT_3D('',#226,#227,#228);
#226 = CARTESIAN_POINT('',(-1.5,33.934314575051,-0.565685424949));
#227 = DIRECTION('',(1.,1.1E-16,1.29368257903E-48));
#228 = DIRECTION('',(-1.1E-16,1.,-3.3E-16));
#229 = ORIENTED_EDGE('',*,*,#230,.T.);
#230 = EDGE_CURVE('',#222,#73,#231,.T.);
#231 = CIRCLE('',#232,0.8);
#232 = AXIS2_PLACEMENT_3D('',#233,#234,#235);
#233 = CARTESIAN_POINT('',(-1.5,33.934314575051,-0.565685424949));
#234 = DIRECTION('',(1.,1.1E-16,1.29368257903E-48));
#235 = DIRECTION('',(-1.1E-16,1.,-3.3E-16));
#236 = ORIENTED_EDGE('',*,*,#70,.F.);
#237 = ORIENTED_EDGE('',*,*,#238,.F.);
#238 = EDGE_CURVE('',#239,#71,#241,.T.);
#239 = VERTEX_POINT('',#240);
#240 = CARTESIAN_POINT('',(-1.5,31.5,2.868629150102));
#241 = LINE('',#242,#243);
#242 = CARTESIAN_POINT('',(-1.5,31.5,8.934314575051));
#243 = VECTOR('',#244,1.);
#244 = DIRECTION('',(4.4E-16,2.6E-16,-1.));
#245 = ORIENTED_EDGE('',*,*,#246,.T.);
#246 = EDGE_CURVE('',#239,#247,#249,.T.);
#247 = VERTEX_POINT('',#248);
#248 = CARTESIAN_POINT('',(-1.5,30.368629150102,4.));
#249 = CIRCLE('',#250,0.8);
#250 = AXIS2_PLACEMENT_3D('',#251,#252,#253);
#251 = CARTESIAN_POINT('',(-1.5,30.934314575051,3.434314575051));
#252 = DIRECTION('',(1.,3.3E-16,2.2E-16));
#253 = DIRECTION('',(-3.3E-16,1.,-5.5E-16));
#254 = ORIENTED_EDGE('',*,*,#255,.F.);
#255 = EDGE_CURVE('',#256,#247,#258,.T.);
#256 = VERTEX_POINT('',#257);
#257 = CARTESIAN_POINT('',(-1.5,20.631370849898,4.));
#258 = LINE('',#259,#260);
#259 = CARTESIAN_POINT('',(-1.5,22.815685424949,4.));
#260 = VECTOR('',#261,1.);
#261 = DIRECTION('',(2.2E-16,1.,-3.8E-16));
#262 = ORIENTED_EDGE('',*,*,#263,.T.);
#263 = EDGE_CURVE('',#256,#264,#266,.T.);
#264 = VERTEX_POINT('',#265);
#265 = CARTESIAN_POINT('',(-1.5,19.5,2.868629150102));
#266 = CIRCLE('',#267,0.8);
#267 = AXIS2_PLACEMENT_3D('',#268,#269,#270);
#268 = CARTESIAN_POINT('',(-1.5,20.065685424949,3.434314575051));
#269 = DIRECTION('',(1.,3.3E-16,2.2E-16));
#270 = DIRECTION('',(-3.3E-16,1.,-5.5E-16));
#271 = ORIENTED_EDGE('',*,*,#272,.T.);
#272 = EDGE_CURVE('',#264,#273,#275,.T.);
#273 = VERTEX_POINT('',#274);
#274 = CARTESIAN_POINT('',(-1.5,19.5,-2.E-14));
#275 = LINE('',#276,#277);
#276 = CARTESIAN_POINT('',(-1.5,19.5,8.934314575051));
#277 = VECTOR('',#278,1.);
#278 = DIRECTION('',(4.4E-16,1.1E-16,-1.));
#279 = ORIENTED_EDGE('',*,*,#280,.F.);
#280 = EDGE_CURVE('',#281,#273,#283,.T.);
#281 = VERTEX_POINT('',#282);
#282 = CARTESIAN_POINT('',(-1.5,16.631370849898,-8.E-15));
#283 = LINE('',#284,#285);
#284 = CARTESIAN_POINT('',(-1.5,-19.,7.549516567451E-15));
#285 = VECTOR('',#286,1.);
#286 = DIRECTION('',(-2.2E-16,1.,-3.3E-16));
#287 = ORIENTED_EDGE('',*,*,#288,.T.);
#288 = EDGE_CURVE('',#281,#289,#291,.T.);
#289 = VERTEX_POINT('',#290);
#290 = CARTESIAN_POINT('',(-1.5,15.5,-1.E-14));
#291 = CIRCLE('',#292,0.8);
#292 = AXIS2_PLACEMENT_3D('',#293,#294,#295);
#293 = CARTESIAN_POINT('',(-1.5,16.065685424949,-0.565685424949));
#294 = DIRECTION('',(1.,-7.948611779637E-48,3.3E-16));
#295 = DIRECTION('',(1.089E-31,1.,-3.3E-16));
#296 = ORIENTED_EDGE('',*,*,#297,.T.);
#297 = EDGE_CURVE('',#289,#298,#300,.T.);
#298 = VERTEX_POINT('',#299);
#299 = CARTESIAN_POINT('',(-1.5,15.5,-1.131370849899));
#300 = CIRCLE('',#301,0.8);
#301 = AXIS2_PLACEMENT_3D('',#302,#303,#304);
#302 = CARTESIAN_POINT('',(-1.5,16.065685424949,-0.565685424949));
#303 = DIRECTION('',(1.,-7.948611779637E-48,3.3E-16));
#304 = DIRECTION('',(1.089E-31,1.,-3.3E-16));
#305 = ORIENTED_EDGE('',*,*,#306,.F.);
#306 = EDGE_CURVE('',#307,#298,#309,.T.);
#307 = VERTEX_POINT('',#308);
#308 = CARTESIAN_POINT('',(-1.5,15.5,-4.));
#309 = LINE('',#310,#311);
#310 = CARTESIAN_POINT('',(-1.5,15.5,-4.));
#311 = VECTOR('',#312,1.);
#312 = DIRECTION('',(-3.3E-16,-1.1E-16,1.));
#313 = ORIENTED_EDGE('',*,*,#314,.F.);
#314 = EDGE_CURVE('',#315,#307,#317,.T.);
#315 = VERTEX_POINT('',#316);
#316 = CARTESIAN_POINT('',(-1.5,9.5,-4.));
#317 = LINE('',#318,#319);
#318 = CARTESIAN_POINT('',(-1.5,9.5,-4.));
#319 = VECTOR('',#320,1.);
#320 = DIRECTION('',(-2.2E-16,1.,-3.3E-16));
#321 = ORIENTED_EDGE('',*,*,#322,.F.);
#322 = EDGE_CURVE('',#323,#315,#325,.T.);
#323 = VERTEX_POINT('',#324);
#324 = CARTESIAN_POINT('',(-1.5,9.5,-1.131370849898));
#325 = LINE('',#326,#327);
#326 = CARTESIAN_POINT('',(-1.5,9.5,-1.998401444325E-15));
#327 = VECTOR('',#328,1.);
#328 = DIRECTION('',(3.3E-16,1.1E-16,-1.));
#329 = ORIENTED_EDGE('',*,*,#330,.T.);
#330 = EDGE_CURVE('',#323,#331,#333,.T.);
#331 = VERTEX_POINT('',#332);
#332 = CARTESIAN_POINT('',(-1.5,9.734314575051,-0.565685424949));
#333 = CIRCLE('',#334,0.8);
#334 = AXIS2_PLACEMENT_3D('',#335,#336,#337);
#335 = CARTESIAN_POINT('',(-1.5,8.934314575051,-0.565685424949));
#336 = DIRECTION('',(1.,-7.948611779637E-48,3.3E-16));
#337 = DIRECTION('',(1.089E-31,1.,-3.3E-16));
#338 = ORIENTED_EDGE('',*,*,#339,.T.);
#339 = EDGE_CURVE('',#331,#340,#342,.T.);
#340 = VERTEX_POINT('',#341);
#341 = CARTESIAN_POINT('',(-1.5,9.5,-6.E-15));
#342 = CIRCLE('',#343,0.8);
#343 = AXIS2_PLACEMENT_3D('',#344,#345,#346);
#344 = CARTESIAN_POINT('',(-1.5,8.934314575051,-0.565685424949));
#345 = DIRECTION('',(1.,-7.948611779637E-48,3.3E-16));
#346 = DIRECTION('',(1.089E-31,1.,-3.3E-16));
#347 = ORIENTED_EDGE('',*,*,#348,.T.);
#348 = EDGE_CURVE('',#340,#349,#351,.T.);
#349 = VERTEX_POINT('',#350);
#350 = CARTESIAN_POINT('',(-1.5,8.368629150102,-4.E-15));
#351 = CIRCLE('',#352,0.8);
#352 = AXIS2_PLACEMENT_3D('',#353,#354,#355);
#353 = CARTESIAN_POINT('',(-1.5,8.934314575051,-0.565685424949));
#354 = DIRECTION('',(1.,-7.948611779637E-48,3.3E-16));
#355 = DIRECTION('',(1.089E-31,1.,-3.3E-16));
#356 = ORIENTED_EDGE('',*,*,#357,.F.);
#357 = EDGE_CURVE('',#358,#349,#360,.T.);
#358 = VERTEX_POINT('',#359);
#359 = CARTESIAN_POINT('',(-1.5,6.5,-7.E-15));
#360 = LINE('',#361,#362);
#361 = CARTESIAN_POINT('',(-1.5,-19.,7.549516567451E-15));
#362 = VECTOR('',#363,1.);
#363 = DIRECTION('',(-2.2E-16,1.,-3.3E-16));
#364 = ORIENTED_EDGE('',*,*,#365,.F.);
#365 = EDGE_CURVE('',#366,#358,#368,.T.);
#366 = VERTEX_POINT('',#367);
#367 = CARTESIAN_POINT('',(-1.5,6.5,2.868629150102));
#368 = LINE('',#369,#370);
#369 = CARTESIAN_POINT('',(-1.5,6.5,8.934314575051));
#370 = VECTOR('',#371,1.);
#371 = DIRECTION('',(4.4E-16,2.6E-16,-1.));
#372 = ORIENTED_EDGE('',*,*,#373,.T.);
#373 = EDGE_CURVE('',#366,#374,#376,.T.);
#374 = VERTEX_POINT('',#375);
#375 = CARTESIAN_POINT('',(-1.5,5.368629150102,4.));
#376 = CIRCLE('',#377,0.8);
#377 = AXIS2_PLACEMENT_3D('',#378,#379,#380);
#378 = CARTESIAN_POINT('',(-1.5,5.934314575051,3.434314575051));
#379 = DIRECTION('',(1.,2.2E-16,5.5E-16));
#380 = DIRECTION('',(-2.2E-16,1.,-5.5E-16));
#381 = ORIENTED_EDGE('',*,*,#382,.F.);
#382 = EDGE_CURVE('',#383,#374,#385,.T.);
#383 = VERTEX_POINT('',#384);
#384 = CARTESIAN_POINT('',(-1.5,-4.368629150102,4.));
#385 = LINE('',#386,#387);
#386 = CARTESIAN_POINT('',(-1.5,10.315685424949,4.));
#387 = VECTOR('',#388,1.);
#388 = DIRECTION('',(2.2E-16,1.,-6.E-16));
#389 = ORIENTED_EDGE('',*,*,#390,.T.);
#390 = EDGE_CURVE('',#383,#391,#393,.T.);
#391 = VERTEX_POINT('',#392);
#392 = CARTESIAN_POINT('',(-1.5,-5.5,2.868629150102));
#393 = CIRCLE('',#394,0.8);
#394 = AXIS2_PLACEMENT_3D('',#395,#396,#397);
#395 = CARTESIAN_POINT('',(-1.5,-4.934314575051,3.434314575051));
#396 = DIRECTION('',(1.,2.2E-16,5.5E-16));
#397 = DIRECTION('',(-2.2E-16,1.,-5.5E-16));
#398 = ORIENTED_EDGE('',*,*,#399,.T.);
#399 = EDGE_CURVE('',#391,#400,#402,.T.);
#400 = VERTEX_POINT('',#401);
#401 = CARTESIAN_POINT('',(-1.5,-5.5,5.E-15));
#402 = LINE('',#403,#404);
#403 = CARTESIAN_POINT('',(-1.5,-5.5,8.934314575051));
#404 = VECTOR('',#405,1.);
#405 = DIRECTION('',(4.4E-16,1.1E-16,-1.));
#406 = ORIENTED_EDGE('',*,*,#407,.F.);
#407 = EDGE_CURVE('',#408,#400,#410,.T.);
#408 = VERTEX_POINT('',#409);
#409 = CARTESIAN_POINT('',(-1.5,-19.,8.E-15));
#410 = LINE('',#411,#412);
#411 = CARTESIAN_POINT('',(-1.5,-19.,7.549516567451E-15));
#412 = VECTOR('',#413,1.);
#413 = DIRECTION('',(-2.2E-16,1.,-3.3E-16));
#414 = ORIENTED_EDGE('',*,*,#415,.F.);
#415 = EDGE_CURVE('',#416,#408,#418,.T.);
#416 = VERTEX_POINT('',#417);
#417 = CARTESIAN_POINT('',(-1.5,-19.,30.));
#418 = LINE('',#419,#420);
#419 = CARTESIAN_POINT('',(-1.5,-19.,30.));
#420 = VECTOR('',#421,1.);
#421 = DIRECTION('',(3.3E-16,1.1E-16,-1.));
#422 = ORIENTED_EDGE('',*,*,#423,.F.);
#423 = EDGE_CURVE('',#424,#416,#426,.T.);
#424 = VERTEX_POINT('',#425);
#425 = CARTESIAN_POINT('',(-1.5,-14.2,30.));
#426 = LINE('',#427,#428);
#427 = CARTESIAN_POINT('',(-1.5,69.,30.));
#428 = VECTOR('',#429,1.);
#429 = DIRECTION('',(2.2E-16,-1.,3.3E-16));
#430 = ORIENTED_EDGE('',*,*,#431,.T.);
#431 = EDGE_CURVE('',#424,#432,#434,.T.);
#432 = VERTEX_POINT('',#433);
#433 = CARTESIAN_POINT('',(-1.5,-14.2,16.131370849898));
#434 = LINE('',#435,#436);
#435 = CARTESIAN_POINT('',(-1.5,-14.2,22.5));
#436 = VECTOR('',#437,1.);
#437 = DIRECTION('',(5.5E-16,2.4E-16,-1.));
#438 = ORIENTED_EDGE('',*,*,#439,.T.);
#439 = EDGE_CURVE('',#432,#440,#442,.T.);
#440 = VERTEX_POINT('',#441);
#441 = CARTESIAN_POINT('',(-1.5,-13.0686291501,15.));
#442 = CIRCLE('',#443,0.8);
#443 = AXIS2_PLACEMENT_3D('',#444,#445,#446);
#444 = CARTESIAN_POINT('',(-1.5,-13.63431457505,15.565685424949));
#445 = DIRECTION('',(1.,2.2E-16,5.5E-16));
#446 = DIRECTION('',(-2.2E-16,1.,-5.5E-16));
#447 = ORIENTED_EDGE('',*,*,#448,.T.);
#448 = EDGE_CURVE('',#440,#449,#451,.T.);
#449 = VERTEX_POINT('',#450);
#450 = CARTESIAN_POINT('',(-1.5,-11.93137084989,15.));
#451 = LINE('',#452,#453);
#452 = CARTESIAN_POINT('',(-1.5,5.965685424949,15.));
#453 = VECTOR('',#454,1.);
#454 = DIRECTION('',(4.5E-16,1.,-3.68E-15));
#455 = ORIENTED_EDGE('',*,*,#456,.T.);
#456 = EDGE_CURVE('',#449,#457,#459,.T.);
#457 = VERTEX_POINT('',#458);
#458 = CARTESIAN_POINT('',(-1.5,-10.8,16.131370849898));
#459 = CIRCLE('',#460,0.8);
#460 = AXIS2_PLACEMENT_3D('',#461,#462,#463);
#461 = CARTESIAN_POINT('',(-1.5,-11.36568542494,15.565685424949));
#462 = DIRECTION('',(1.,2.2E-16,5.5E-16));
#463 = DIRECTION('',(-2.2E-16,1.,-5.5E-16));
#464 = ORIENTED_EDGE('',*,*,#465,.T.);
#465 = EDGE_CURVE('',#457,#466,#468,.T.);
#466 = VERTEX_POINT('',#467);
#467 = CARTESIAN_POINT('',(-1.5,-10.8,30.));
#468 = LINE('',#469,#470);
#469 = CARTESIAN_POINT('',(-1.5,-10.8,15.565685424949));
#470 = VECTOR('',#471,1.);
#471 = DIRECTION('',(-5.5E-16,-2.4E-16,1.));
#472 = ORIENTED_EDGE('',*,*,#473,.F.);
#473 = EDGE_CURVE('',#474,#466,#476,.T.);
#474 = VERTEX_POINT('',#475);
#475 = CARTESIAN_POINT('',(-1.5,10.8,30.));
#476 = LINE('',#477,#478);
#477 = CARTESIAN_POINT('',(-1.5,69.,30.));
#478 = VECTOR('',#479,1.);
#479 = DIRECTION('',(2.2E-16,-1.,3.3E-16));
#480 = ORIENTED_EDGE('',*,*,#481,.T.);
#481 = EDGE_CURVE('',#474,#482,#484,.T.);
#482 = VERTEX_POINT('',#483);
#483 = CARTESIAN_POINT('',(-1.5,10.8,16.131370849898));
#484 = LINE('',#485,#486);
#485 = CARTESIAN_POINT('',(-1.5,10.8,22.5));
#486 = VECTOR('',#487,1.);
#487 = DIRECTION('',(5.5E-16,2.4E-16,-1.));
#488 = ORIENTED_EDGE('',*,*,#489,.T.);
#489 = EDGE_CURVE('',#482,#490,#492,.T.);
#490 = VERTEX_POINT('',#491);
#491 = CARTESIAN_POINT('',(-1.5,11.931370849898,15.));
#492 = CIRCLE('',#493,0.8);
#493 = AXIS2_PLACEMENT_3D('',#494,#495,#496);
#494 = CARTESIAN_POINT('',(-1.5,11.365685424949,15.565685424949));
#495 = DIRECTION('',(1.,3.3E-16,2.2E-16));
#496 = DIRECTION('',(-3.3E-16,1.,-5.5E-16));
#497 = ORIENTED_EDGE('',*,*,#498,.T.);
#498 = EDGE_CURVE('',#490,#499,#501,.T.);
#499 = VERTEX_POINT('',#500);
#500 = CARTESIAN_POINT('',(-1.5,13.068629150102,15.));
#501 = LINE('',#502,#503);
#502 = CARTESIAN_POINT('',(-1.5,18.465685424949,15.));
#503 = VECTOR('',#504,1.);
#504 = DIRECTION('',(4.5E-16,1.,-3.45E-15));
#505 = ORIENTED_EDGE('',*,*,#506,.T.);
#506 = EDGE_CURVE('',#499,#507,#509,.T.);
#507 = VERTEX_POINT('',#508);
#508 = CARTESIAN_POINT('',(-1.5,14.2,16.131370849898));
#509 = CIRCLE('',#510,0.8);
#510 = AXIS2_PLACEMENT_3D('',#511,#512,#513);
#511 = CARTESIAN_POINT('',(-1.5,13.634314575051,15.565685424949));
#512 = DIRECTION('',(1.,3.3E-16,2.2E-16));
#513 = DIRECTION('',(-3.3E-16,1.,-5.5E-16));
#514 = ORIENTED_EDGE('',*,*,#515,.T.);
#515 = EDGE_CURVE('',#507,#516,#518,.T.);
#516 = VERTEX_POINT('',#517);
#517 = CARTESIAN_POINT('',(-1.5,14.2,30.));
#518 = LINE('',#519,#520);
#519 = CARTESIAN_POINT('',(-1.5,14.2,15.565685424949));
#520 = VECTOR('',#521,1.);
#521 = DIRECTION('',(-5.5E-16,-2.4E-16,1.));
#522 = ORIENTED_EDGE('',*,*,#523,.F.);
#523 = EDGE_CURVE('',#524,#516,#526,.T.);
#524 = VERTEX_POINT('',#525);
#525 = CARTESIAN_POINT('',(-1.5,35.8,30.));
#526 = LINE('',#527,#528);
#527 = CARTESIAN_POINT('',(-1.5,69.,30.));
#528 = VECTOR('',#529,1.);
#529 = DIRECTION('',(2.2E-16,-1.,3.3E-16));
#530 = ORIENTED_EDGE('',*,*,#531,.T.);
#531 = EDGE_CURVE('',#524,#532,#534,.T.);
#532 = VERTEX_POINT('',#533);
#533 = CARTESIAN_POINT('',(-1.5,35.8,16.131370849898));
#534 = LINE('',#535,#536);
#535 = CARTESIAN_POINT('',(-1.5,35.8,22.5));
#536 = VECTOR('',#537,1.);
#537 = DIRECTION('',(5.5E-16,2.4E-16,-1.));
#538 = ORIENTED_EDGE('',*,*,#539,.T.);
#539 = EDGE_CURVE('',#532,#540,#542,.T.);
#540 = VERTEX_POINT('',#541);
#541 = CARTESIAN_POINT('',(-1.5,36.931370849898,15.));
#542 = CIRCLE('',#543,0.8);
#543 = AXIS2_PLACEMENT_3D('',#544,#545,#546);
#544 = CARTESIAN_POINT('',(-1.5,36.365685424949,15.565685424949));
#545 = DIRECTION('',(1.,3.3E-16,2.2E-16));
#546 = DIRECTION('',(-3.3E-16,1.,-5.5E-16));
#547 = ORIENTED_EDGE('',*,*,#548,.T.);
#548 = EDGE_CURVE('',#540,#549,#551,.T.);
#549 = VERTEX_POINT('',#550);
#550 = CARTESIAN_POINT('',(-1.5,38.068629150102,15.));
#551 = LINE('',#552,#553);
#552 = CARTESIAN_POINT('',(-1.5,30.965685424949,15.));
#553 = VECTOR('',#554,1.);
#554 = DIRECTION('',(4.5E-16,1.,-3.45E-15));
#555 = ORIENTED_EDGE('',*,*,#556,.T.);
#556 = EDGE_CURVE('',#549,#557,#559,.T.);
#557 = VERTEX_POINT('',#558);
#558 = CARTESIAN_POINT('',(-1.5,39.2,16.131370849898));
#559 = CIRCLE('',#560,0.8);
#560 = AXIS2_PLACEMENT_3D('',#561,#562,#563);
#561 = CARTESIAN_POINT('',(-1.5,38.634314575051,15.565685424949));
#562 = DIRECTION('',(1.,3.3E-16,2.2E-16));
#563 = DIRECTION('',(-3.3E-16,1.,-5.5E-16));
#564 = ORIENTED_EDGE('',*,*,#565,.T.);
#565 = EDGE_CURVE('',#557,#566,#568,.T.);
#566 = VERTEX_POINT('',#567);
#567 = CARTESIAN_POINT('',(-1.5,39.2,30.));
#568 = LINE('',#569,#570);
#569 = CARTESIAN_POINT('',(-1.5,39.2,15.565685424949));
#570 = VECTOR('',#571,1.);
#571 = DIRECTION('',(-5.5E-16,-2.4E-16,1.));
#572 = ORIENTED_EDGE('',*,*,#573,.F.);
#573 = EDGE_CURVE('',#574,#566,#576,.T.);
#574 = VERTEX_POINT('',#575);
#575 = CARTESIAN_POINT('',(-1.5,60.8,30.));
#576 = LINE('',#577,#578);
#577 = CARTESIAN_POINT('',(-1.5,69.,30.));
#578 = VECTOR('',#579,1.);
#579 = DIRECTION('',(2.2E-16,-1.,3.3E-16));
#580 = ORIENTED_EDGE('',*,*,#581,.T.);
#581 = EDGE_CURVE('',#574,#582,#584,.T.);
#582 = VERTEX_POINT('',#583);
#583 = CARTESIAN_POINT('',(-1.5,60.8,16.131370849898));
#584 = LINE('',#585,#586);
#585 = CARTESIAN_POINT('',(-1.5,60.8,22.5));
#586 = VECTOR('',#587,1.);
#587 = DIRECTION('',(5.5E-16,2.4E-16,-1.));
#588 = ORIENTED_EDGE('',*,*,#589,.T.);
#589 = EDGE_CURVE('',#582,#590,#592,.T.);
#590 = VERTEX_POINT('',#591);
#591 = CARTESIAN_POINT('',(-1.5,61.931370849898,15.));
#592 = CIRCLE('',#593,0.8);
#593 = AXIS2_PLACEMENT_3D('',#594,#595,#596);
#594 = CARTESIAN_POINT('',(-1.5,61.365685424949,15.565685424949));
#595 = DIRECTION('',(1.,3.3E-16,2.2E-16));
#596 = DIRECTION('',(-3.3E-16,1.,-5.5E-16));
#597 = ORIENTED_EDGE('',*,*,#598,.T.);
#598 = EDGE_CURVE('',#590,#599,#601,.T.);
#599 = VERTEX_POINT('',#600);
#600 = CARTESIAN_POINT('',(-1.5,63.068629150102,15.));
#601 = LINE('',#602,#603);
#602 = CARTESIAN_POINT('',(-1.5,43.465685424949,15.));
#603 = VECTOR('',#604,1.);
#604 = DIRECTION('',(4.5E-16,1.,-3.45E-15));
#605 = ORIENTED_EDGE('',*,*,#606,.T.);
#606 = EDGE_CURVE('',#599,#607,#609,.T.);
#607 = VERTEX_POINT('',#608);
#608 = CARTESIAN_POINT('',(-1.5,64.2,16.131370849898));
#609 = CIRCLE('',#610,0.8);
#610 = AXIS2_PLACEMENT_3D('',#611,#612,#613);
#611 = CARTESIAN_POINT('',(-1.5,63.634314575051,15.565685424949));
#612 = DIRECTION('',(1.,3.3E-16,2.2E-16));
#613 = DIRECTION('',(-3.3E-16,1.,-5.5E-16));
#614 = ORIENTED_EDGE('',*,*,#615,.T.);
#615 = EDGE_CURVE('',#607,#616,#618,.T.);
#616 = VERTEX_POINT('',#617);
#617 = CARTESIAN_POINT('',(-1.5,64.2,30.));
#618 = LINE('',#619,#620);
#619 = CARTESIAN_POINT('',(-1.5,64.2,15.565685424949));
#620 = VECTOR('',#621,1.);
#621 = DIRECTION('',(-5.5E-16,-2.4E-16,1.));
#622 = ORIENTED_EDGE('',*,*,#623,.F.);
#623 = EDGE_CURVE('',#624,#616,#626,.T.);
#624 = VERTEX_POINT('',#625);
#625 = CARTESIAN_POINT('',(-1.5,69.,30.));
#626 = LINE('',#627,#628);
#627 = CARTESIAN_POINT('',(-1.5,69.,30.));
#628 = VECTOR('',#629,1.);
#629 = DIRECTION('',(2.2E-16,-1.,3.3E-16));
#630 = ORIENTED_EDGE('',*,*,#631,.F.);
#631 = EDGE_CURVE('',#113,#624,#632,.T.);
#632 = LINE('',#633,#634);
#633 = CARTESIAN_POINT('',(-1.5,69.,-2.198241588758E-14));
#634 = VECTOR('',#635,1.);
#635 = DIRECTION('',(-3.3E-16,-1.1E-16,1.));
#636 = PLANE('',#637);
#637 = AXIS2_PLACEMENT_3D('',#638,#639,#640);
#638 = CARTESIAN_POINT('',(-1.5,25.031191507059,15.499617413822));
#639 = DIRECTION('',(-1.,4.6E-16,-9.5E-16));
#640 = DIRECTION('',(9.5E-16,1.1E-16,-1.));
#641 = ADVANCED_FACE('',(#642),#1171,.T.);
#642 = FACE_BOUND('',#643,.T.);
#643 = EDGE_LOOP('',(#644,#655,#663,#671,#679,#687,#695,#704,#712,#721,
    #729,#737,#745,#754,#762,#771,#779,#787,#795,#804,#812,#821,#829,
    #837,#845,#854,#862,#871,#879,#887,#895,#903,#911,#920,#928,#937,
    #945,#953,#962,#971,#980,#988,#996,#1004,#1013,#1022,#1030,#1038,
    #1047,#1055,#1064,#1070,#1071,#1080,#1089,#1098,#1106,#1114,#1122,
    #1131,#1140,#1148,#1156,#1165));
#644 = ORIENTED_EDGE('',*,*,#645,.F.);
#645 = EDGE_CURVE('',#646,#648,#650,.T.);
#646 = VERTEX_POINT('',#647);
#647 = CARTESIAN_POINT('',(1.5,56.5,2.868629150101));
#648 = VERTEX_POINT('',#649);
#649 = CARTESIAN_POINT('',(1.5,55.368629150102,4.));
#650 = CIRCLE('',#651,0.8);
#651 = AXIS2_PLACEMENT_3D('',#652,#653,#654);
#652 = CARTESIAN_POINT('',(1.5,55.934314575051,3.434314575051));
#653 = DIRECTION('',(1.,3.3E-16,2.2E-16));
#654 = DIRECTION('',(-3.3E-16,1.,-5.5E-16));
#655 = ORIENTED_EDGE('',*,*,#656,.T.);
#656 = EDGE_CURVE('',#646,#657,#659,.T.);
#657 = VERTEX_POINT('',#658);
#658 = CARTESIAN_POINT('',(1.5,56.5,-5.6E-14));
#659 = LINE('',#660,#661);
#660 = CARTESIAN_POINT('',(1.5,56.5,8.934314575051));
#661 = VECTOR('',#662,1.);
#662 = DIRECTION('',(4.4E-16,2.6E-16,-1.));
#663 = ORIENTED_EDGE('',*,*,#664,.T.);
#664 = EDGE_CURVE('',#657,#665,#667,.T.);
#665 = VERTEX_POINT('',#666);
#666 = CARTESIAN_POINT('',(1.5,69.,-3.E-14));
#667 = LINE('',#668,#669);
#668 = CARTESIAN_POINT('',(1.5,-19.,5.773159728051E-15));
#669 = VECTOR('',#670,1.);
#670 = DIRECTION('',(-2.2E-16,1.,-3.3E-16));
#671 = ORIENTED_EDGE('',*,*,#672,.T.);
#672 = EDGE_CURVE('',#665,#673,#675,.T.);
#673 = VERTEX_POINT('',#674);
#674 = CARTESIAN_POINT('',(1.5,69.,30.));
#675 = LINE('',#676,#677);
#676 = CARTESIAN_POINT('',(1.5,69.,-2.375877272698E-14));
#677 = VECTOR('',#678,1.);
#678 = DIRECTION('',(-3.3E-16,-1.1E-16,1.));
#679 = ORIENTED_EDGE('',*,*,#680,.T.);
#680 = EDGE_CURVE('',#673,#681,#683,.T.);
#681 = VERTEX_POINT('',#682);
#682 = CARTESIAN_POINT('',(1.5,64.2,30.));
#683 = LINE('',#684,#685);
#684 = CARTESIAN_POINT('',(1.5,69.,30.));
#685 = VECTOR('',#686,1.);
#686 = DIRECTION('',(2.2E-16,-1.,3.3E-16));
#687 = ORIENTED_EDGE('',*,*,#688,.F.);
#688 = EDGE_CURVE('',#689,#681,#691,.T.);
#689 = VERTEX_POINT('',#690);
#690 = CARTESIAN_POINT('',(1.5,64.2,16.131370849898));
#691 = LINE('',#692,#693);
#692 = CARTESIAN_POINT('',(1.5,64.2,15.565685424949));
#693 = VECTOR('',#694,1.);
#694 = DIRECTION('',(-5.5E-16,-2.4E-16,1.));
#695 = ORIENTED_EDGE('',*,*,#696,.F.);
#696 = EDGE_CURVE('',#697,#689,#699,.T.);
#697 = VERTEX_POINT('',#698);
#698 = CARTESIAN_POINT('',(1.5,63.068629150102,15.));
#699 = CIRCLE('',#700,0.8);
#700 = AXIS2_PLACEMENT_3D('',#701,#702,#703);
#701 = CARTESIAN_POINT('',(1.5,63.634314575051,15.565685424949));
#702 = DIRECTION('',(1.,3.3E-16,2.2E-16));
#703 = DIRECTION('',(-3.3E-16,1.,-5.5E-16));
#704 = ORIENTED_EDGE('',*,*,#705,.F.);
#705 = EDGE_CURVE('',#706,#697,#708,.T.);
#706 = VERTEX_POINT('',#707);
#707 = CARTESIAN_POINT('',(1.5,61.931370849898,15.));
#708 = LINE('',#709,#710);
#709 = CARTESIAN_POINT('',(1.5,43.465685424949,15.));
#710 = VECTOR('',#711,1.);
#711 = DIRECTION('',(4.5E-16,1.,-3.45E-15));
#712 = ORIENTED_EDGE('',*,*,#713,.F.);
#713 = EDGE_CURVE('',#714,#706,#716,.T.);
#714 = VERTEX_POINT('',#715);
#715 = CARTESIAN_POINT('',(1.5,60.8,16.131370849898));
#716 = CIRCLE('',#717,0.8);
#717 = AXIS2_PLACEMENT_3D('',#718,#719,#720);
#718 = CARTESIAN_POINT('',(1.5,61.365685424949,15.565685424949));
#719 = DIRECTION('',(1.,3.3E-16,2.2E-16));
#720 = DIRECTION('',(-3.3E-16,1.,-5.5E-16));
#721 = ORIENTED_EDGE('',*,*,#722,.F.);
#722 = EDGE_CURVE('',#723,#714,#725,.T.);
#723 = VERTEX_POINT('',#724);
#724 = CARTESIAN_POINT('',(1.5,60.8,30.));
#725 = LINE('',#726,#727);
#726 = CARTESIAN_POINT('',(1.5,60.8,22.5));
#727 = VECTOR('',#728,1.);
#728 = DIRECTION('',(5.5E-16,2.4E-16,-1.));
#729 = ORIENTED_EDGE('',*,*,#730,.T.);
#730 = EDGE_CURVE('',#723,#731,#733,.T.);
#731 = VERTEX_POINT('',#732);
#732 = CARTESIAN_POINT('',(1.5,39.2,30.));
#733 = LINE('',#734,#735);
#734 = CARTESIAN_POINT('',(1.5,69.,30.));
#735 = VECTOR('',#736,1.);
#736 = DIRECTION('',(2.2E-16,-1.,3.3E-16));
#737 = ORIENTED_EDGE('',*,*,#738,.F.);
#738 = EDGE_CURVE('',#739,#731,#741,.T.);
#739 = VERTEX_POINT('',#740);
#740 = CARTESIAN_POINT('',(1.5,39.2,16.131370849898));
#741 = LINE('',#742,#743);
#742 = CARTESIAN_POINT('',(1.5,39.2,15.565685424949));
#743 = VECTOR('',#744,1.);
#744 = DIRECTION('',(-5.5E-16,-2.4E-16,1.));
#745 = ORIENTED_EDGE('',*,*,#746,.F.);
#746 = EDGE_CURVE('',#747,#739,#749,.T.);
#747 = VERTEX_POINT('',#748);
#748 = CARTESIAN_POINT('',(1.5,38.068629150102,15.));
#749 = CIRCLE('',#750,0.8);
#750 = AXIS2_PLACEMENT_3D('',#751,#752,#753);
#751 = CARTESIAN_POINT('',(1.5,38.634314575051,15.565685424949));
#752 = DIRECTION('',(1.,3.3E-16,2.2E-16));
#753 = DIRECTION('',(-3.3E-16,1.,-5.5E-16));
#754 = ORIENTED_EDGE('',*,*,#755,.F.);
#755 = EDGE_CURVE('',#756,#747,#758,.T.);
#756 = VERTEX_POINT('',#757);
#757 = CARTESIAN_POINT('',(1.5,36.931370849898,15.));
#758 = LINE('',#759,#760);
#759 = CARTESIAN_POINT('',(1.5,30.965685424949,15.));
#760 = VECTOR('',#761,1.);
#761 = DIRECTION('',(4.5E-16,1.,-3.45E-15));
#762 = ORIENTED_EDGE('',*,*,#763,.F.);
#763 = EDGE_CURVE('',#764,#756,#766,.T.);
#764 = VERTEX_POINT('',#765);
#765 = CARTESIAN_POINT('',(1.5,35.8,16.131370849898));
#766 = CIRCLE('',#767,0.8);
#767 = AXIS2_PLACEMENT_3D('',#768,#769,#770);
#768 = CARTESIAN_POINT('',(1.5,36.365685424949,15.565685424949));
#769 = DIRECTION('',(1.,3.3E-16,2.2E-16));
#770 = DIRECTION('',(-3.3E-16,1.,-5.5E-16));
#771 = ORIENTED_EDGE('',*,*,#772,.F.);
#772 = EDGE_CURVE('',#773,#764,#775,.T.);
#773 = VERTEX_POINT('',#774);
#774 = CARTESIAN_POINT('',(1.5,35.8,30.));
#775 = LINE('',#776,#777);
#776 = CARTESIAN_POINT('',(1.5,35.8,22.5));
#777 = VECTOR('',#778,1.);
#778 = DIRECTION('',(5.5E-16,2.4E-16,-1.));
#779 = ORIENTED_EDGE('',*,*,#780,.T.);
#780 = EDGE_CURVE('',#773,#781,#783,.T.);
#781 = VERTEX_POINT('',#782);
#782 = CARTESIAN_POINT('',(1.5,14.2,30.));
#783 = LINE('',#784,#785);
#784 = CARTESIAN_POINT('',(1.5,69.,30.));
#785 = VECTOR('',#786,1.);
#786 = DIRECTION('',(2.2E-16,-1.,3.3E-16));
#787 = ORIENTED_EDGE('',*,*,#788,.F.);
#788 = EDGE_CURVE('',#789,#781,#791,.T.);
#789 = VERTEX_POINT('',#790);
#790 = CARTESIAN_POINT('',(1.5,14.2,16.131370849898));
#791 = LINE('',#792,#793);
#792 = CARTESIAN_POINT('',(1.5,14.2,15.565685424949));
#793 = VECTOR('',#794,1.);
#794 = DIRECTION('',(-5.5E-16,-2.4E-16,1.));
#795 = ORIENTED_EDGE('',*,*,#796,.F.);
#796 = EDGE_CURVE('',#797,#789,#799,.T.);
#797 = VERTEX_POINT('',#798);
#798 = CARTESIAN_POINT('',(1.5,13.068629150102,15.));
#799 = CIRCLE('',#800,0.8);
#800 = AXIS2_PLACEMENT_3D('',#801,#802,#803);
#801 = CARTESIAN_POINT('',(1.5,13.634314575051,15.565685424949));
#802 = DIRECTION('',(1.,3.3E-16,2.2E-16));
#803 = DIRECTION('',(-3.3E-16,1.,-5.5E-16));
#804 = ORIENTED_EDGE('',*,*,#805,.F.);
#805 = EDGE_CURVE('',#806,#797,#808,.T.);
#806 = VERTEX_POINT('',#807);
#807 = CARTESIAN_POINT('',(1.5,11.931370849898,15.));
#808 = LINE('',#809,#810);
#809 = CARTESIAN_POINT('',(1.5,18.465685424949,15.));
#810 = VECTOR('',#811,1.);
#811 = DIRECTION('',(4.5E-16,1.,-3.45E-15));
#812 = ORIENTED_EDGE('',*,*,#813,.F.);
#813 = EDGE_CURVE('',#814,#806,#816,.T.);
#814 = VERTEX_POINT('',#815);
#815 = CARTESIAN_POINT('',(1.5,10.8,16.131370849898));
#816 = CIRCLE('',#817,0.8);
#817 = AXIS2_PLACEMENT_3D('',#818,#819,#820);
#818 = CARTESIAN_POINT('',(1.5,11.365685424949,15.565685424949));
#819 = DIRECTION('',(1.,3.3E-16,2.2E-16));
#820 = DIRECTION('',(-3.3E-16,1.,-5.5E-16));
#821 = ORIENTED_EDGE('',*,*,#822,.F.);
#822 = EDGE_CURVE('',#823,#814,#825,.T.);
#823 = VERTEX_POINT('',#824);
#824 = CARTESIAN_POINT('',(1.5,10.8,30.));
#825 = LINE('',#826,#827);
#826 = CARTESIAN_POINT('',(1.5,10.8,22.5));
#827 = VECTOR('',#828,1.);
#828 = DIRECTION('',(5.5E-16,2.4E-16,-1.));
#829 = ORIENTED_EDGE('',*,*,#830,.T.);
#830 = EDGE_CURVE('',#823,#831,#833,.T.);
#831 = VERTEX_POINT('',#832);
#832 = CARTESIAN_POINT('',(1.5,-10.8,30.));
#833 = LINE('',#834,#835);
#834 = CARTESIAN_POINT('',(1.5,69.,30.));
#835 = VECTOR('',#836,1.);
#836 = DIRECTION('',(2.2E-16,-1.,3.3E-16));
#837 = ORIENTED_EDGE('',*,*,#838,.F.);
#838 = EDGE_CURVE('',#839,#831,#841,.T.);
#839 = VERTEX_POINT('',#840);
#840 = CARTESIAN_POINT('',(1.5,-10.8,16.131370849898));
#841 = LINE('',#842,#843);
#842 = CARTESIAN_POINT('',(1.5,-10.8,15.565685424949));
#843 = VECTOR('',#844,1.);
#844 = DIRECTION('',(-5.5E-16,-2.4E-16,1.));
#845 = ORIENTED_EDGE('',*,*,#846,.F.);
#846 = EDGE_CURVE('',#847,#839,#849,.T.);
#847 = VERTEX_POINT('',#848);
#848 = CARTESIAN_POINT('',(1.5,-11.93137084989,15.));
#849 = CIRCLE('',#850,0.8);
#850 = AXIS2_PLACEMENT_3D('',#851,#852,#853);
#851 = CARTESIAN_POINT('',(1.5,-11.36568542494,15.565685424949));
#852 = DIRECTION('',(1.,2.2E-16,5.5E-16));
#853 = DIRECTION('',(-2.2E-16,1.,-5.5E-16));
#854 = ORIENTED_EDGE('',*,*,#855,.F.);
#855 = EDGE_CURVE('',#856,#847,#858,.T.);
#856 = VERTEX_POINT('',#857);
#857 = CARTESIAN_POINT('',(1.5,-13.0686291501,15.));
#858 = LINE('',#859,#860);
#859 = CARTESIAN_POINT('',(1.5,5.965685424949,15.));
#860 = VECTOR('',#861,1.);
#861 = DIRECTION('',(4.5E-16,1.,-3.68E-15));
#862 = ORIENTED_EDGE('',*,*,#863,.F.);
#863 = EDGE_CURVE('',#864,#856,#866,.T.);
#864 = VERTEX_POINT('',#865);
#865 = CARTESIAN_POINT('',(1.5,-14.2,16.131370849898));
#866 = CIRCLE('',#867,0.8);
#867 = AXIS2_PLACEMENT_3D('',#868,#869,#870);
#868 = CARTESIAN_POINT('',(1.5,-13.63431457505,15.565685424949));
#869 = DIRECTION('',(1.,2.2E-16,5.5E-16));
#870 = DIRECTION('',(-2.2E-16,1.,-5.5E-16));
#871 = ORIENTED_EDGE('',*,*,#872,.F.);
#872 = EDGE_CURVE('',#873,#864,#875,.T.);
#873 = VERTEX_POINT('',#874);
#874 = CARTESIAN_POINT('',(1.5,-14.2,30.));
#875 = LINE('',#876,#877);
#876 = CARTESIAN_POINT('',(1.5,-14.2,22.5));
#877 = VECTOR('',#878,1.);
#878 = DIRECTION('',(5.5E-16,2.4E-16,-1.));
#879 = ORIENTED_EDGE('',*,*,#880,.T.);
#880 = EDGE_CURVE('',#873,#881,#883,.T.);
#881 = VERTEX_POINT('',#882);
#882 = CARTESIAN_POINT('',(1.5,-19.,30.));
#883 = LINE('',#884,#885);
#884 = CARTESIAN_POINT('',(1.5,69.,30.));
#885 = VECTOR('',#886,1.);
#886 = DIRECTION('',(2.2E-16,-1.,3.3E-16));
#887 = ORIENTED_EDGE('',*,*,#888,.T.);
#888 = EDGE_CURVE('',#881,#889,#891,.T.);
#889 = VERTEX_POINT('',#890);
#890 = CARTESIAN_POINT('',(1.5,-19.,9.E-15));
#891 = LINE('',#892,#893);
#892 = CARTESIAN_POINT('',(1.5,-19.,30.));
#893 = VECTOR('',#894,1.);
#894 = DIRECTION('',(3.3E-16,1.1E-16,-1.));
#895 = ORIENTED_EDGE('',*,*,#896,.T.);
#896 = EDGE_CURVE('',#889,#897,#899,.T.);
#897 = VERTEX_POINT('',#898);
#898 = CARTESIAN_POINT('',(1.5,-5.5,6.E-15));
#899 = LINE('',#900,#901);
#900 = CARTESIAN_POINT('',(1.5,-19.,5.773159728051E-15));
#901 = VECTOR('',#902,1.);
#902 = DIRECTION('',(-2.2E-16,1.,-3.3E-16));
#903 = ORIENTED_EDGE('',*,*,#904,.F.);
#904 = EDGE_CURVE('',#905,#897,#907,.T.);
#905 = VERTEX_POINT('',#906);
#906 = CARTESIAN_POINT('',(1.5,-5.5,2.868629150102));
#907 = LINE('',#908,#909);
#908 = CARTESIAN_POINT('',(1.5,-5.5,8.934314575051));
#909 = VECTOR('',#910,1.);
#910 = DIRECTION('',(4.4E-16,1.1E-16,-1.));
#911 = ORIENTED_EDGE('',*,*,#912,.F.);
#912 = EDGE_CURVE('',#913,#905,#915,.T.);
#913 = VERTEX_POINT('',#914);
#914 = CARTESIAN_POINT('',(1.5,-4.368629150102,4.));
#915 = CIRCLE('',#916,0.8);
#916 = AXIS2_PLACEMENT_3D('',#917,#918,#919);
#917 = CARTESIAN_POINT('',(1.5,-4.934314575051,3.434314575051));
#918 = DIRECTION('',(1.,2.2E-16,5.5E-16));
#919 = DIRECTION('',(-2.2E-16,1.,-5.5E-16));
#920 = ORIENTED_EDGE('',*,*,#921,.T.);
#921 = EDGE_CURVE('',#913,#922,#924,.T.);
#922 = VERTEX_POINT('',#923);
#923 = CARTESIAN_POINT('',(1.5,5.368629150102,4.));
#924 = LINE('',#925,#926);
#925 = CARTESIAN_POINT('',(1.5,10.315685424949,4.));
#926 = VECTOR('',#927,1.);
#927 = DIRECTION('',(2.2E-16,1.,-6.E-16));
#928 = ORIENTED_EDGE('',*,*,#929,.F.);
#929 = EDGE_CURVE('',#930,#922,#932,.T.);
#930 = VERTEX_POINT('',#931);
#931 = CARTESIAN_POINT('',(1.5,6.5,2.868629150102));
#932 = CIRCLE('',#933,0.8);
#933 = AXIS2_PLACEMENT_3D('',#934,#935,#936);
#934 = CARTESIAN_POINT('',(1.5,5.934314575051,3.434314575051));
#935 = DIRECTION('',(1.,2.2E-16,5.5E-16));
#936 = DIRECTION('',(-2.2E-16,1.,-5.5E-16));
#937 = ORIENTED_EDGE('',*,*,#938,.T.);
#938 = EDGE_CURVE('',#930,#939,#941,.T.);
#939 = VERTEX_POINT('',#940);
#940 = CARTESIAN_POINT('',(1.5,6.5,-6.E-15));
#941 = LINE('',#942,#943);
#942 = CARTESIAN_POINT('',(1.5,6.5,8.934314575051));
#943 = VECTOR('',#944,1.);
#944 = DIRECTION('',(4.4E-16,2.6E-16,-1.));
#945 = ORIENTED_EDGE('',*,*,#946,.T.);
#946 = EDGE_CURVE('',#939,#947,#949,.T.);
#947 = VERTEX_POINT('',#948);
#948 = CARTESIAN_POINT('',(1.5,8.368629150102,-4.E-15));
#949 = LINE('',#950,#951);
#950 = CARTESIAN_POINT('',(1.5,-19.,5.773159728051E-15));
#951 = VECTOR('',#952,1.);
#952 = DIRECTION('',(-2.2E-16,1.,-3.3E-16));
#953 = ORIENTED_EDGE('',*,*,#954,.F.);
#954 = EDGE_CURVE('',#955,#947,#957,.T.);
#955 = VERTEX_POINT('',#956);
#956 = CARTESIAN_POINT('',(1.5,9.5,-6.E-15));
#957 = CIRCLE('',#958,0.8);
#958 = AXIS2_PLACEMENT_3D('',#959,#960,#961);
#959 = CARTESIAN_POINT('',(1.5,8.934314575051,-0.565685424949));
#960 = DIRECTION('',(1.,-7.948611779637E-48,3.3E-16));
#961 = DIRECTION('',(1.089E-31,1.,-3.3E-16));
#962 = ORIENTED_EDGE('',*,*,#963,.F.);
#963 = EDGE_CURVE('',#964,#955,#966,.T.);
#964 = VERTEX_POINT('',#965);
#965 = CARTESIAN_POINT('',(1.5,9.734314575051,-0.565685424949));
#966 = CIRCLE('',#967,0.8);
#967 = AXIS2_PLACEMENT_3D('',#968,#969,#970);
#968 = CARTESIAN_POINT('',(1.5,8.934314575051,-0.565685424949));
#969 = DIRECTION('',(1.,-7.948611779637E-48,3.3E-16));
#970 = DIRECTION('',(1.089E-31,1.,-3.3E-16));
#971 = ORIENTED_EDGE('',*,*,#972,.F.);
#972 = EDGE_CURVE('',#973,#964,#975,.T.);
#973 = VERTEX_POINT('',#974);
#974 = CARTESIAN_POINT('',(1.5,9.5,-1.131370849898));
#975 = CIRCLE('',#976,0.8);
#976 = AXIS2_PLACEMENT_3D('',#977,#978,#979);
#977 = CARTESIAN_POINT('',(1.5,8.934314575051,-0.565685424949));
#978 = DIRECTION('',(1.,-7.948611779637E-48,3.3E-16));
#979 = DIRECTION('',(1.089E-31,1.,-3.3E-16));
#980 = ORIENTED_EDGE('',*,*,#981,.T.);
#981 = EDGE_CURVE('',#973,#982,#984,.T.);
#982 = VERTEX_POINT('',#983);
#983 = CARTESIAN_POINT('',(1.5,9.5,-4.));
#984 = LINE('',#985,#986);
#985 = CARTESIAN_POINT('',(1.5,9.5,-3.774758283726E-15));
#986 = VECTOR('',#987,1.);
#987 = DIRECTION('',(3.3E-16,1.1E-16,-1.));
#988 = ORIENTED_EDGE('',*,*,#989,.T.);
#989 = EDGE_CURVE('',#982,#990,#992,.T.);
#990 = VERTEX_POINT('',#991);
#991 = CARTESIAN_POINT('',(1.5,15.5,-4.));
#992 = LINE('',#993,#994);
#993 = CARTESIAN_POINT('',(1.5,9.5,-4.));
#994 = VECTOR('',#995,1.);
#995 = DIRECTION('',(-2.2E-16,1.,-3.3E-16));
#996 = ORIENTED_EDGE('',*,*,#997,.T.);
#997 = EDGE_CURVE('',#990,#998,#1000,.T.);
#998 = VERTEX_POINT('',#999);
#999 = CARTESIAN_POINT('',(1.5,15.5,-1.131370849899));
#1000 = LINE('',#1001,#1002);
#1001 = CARTESIAN_POINT('',(1.5,15.5,-4.));
#1002 = VECTOR('',#1003,1.);
#1003 = DIRECTION('',(-3.3E-16,-1.1E-16,1.));
#1004 = ORIENTED_EDGE('',*,*,#1005,.F.);
#1005 = EDGE_CURVE('',#1006,#998,#1008,.T.);
#1006 = VERTEX_POINT('',#1007);
#1007 = CARTESIAN_POINT('',(1.5,15.5,-1.E-14));
#1008 = CIRCLE('',#1009,0.8);
#1009 = AXIS2_PLACEMENT_3D('',#1010,#1011,#1012);
#1010 = CARTESIAN_POINT('',(1.5,16.065685424949,-0.565685424949));
#1011 = DIRECTION('',(1.,-7.948611779637E-48,3.3E-16));
#1012 = DIRECTION('',(1.089E-31,1.,-3.3E-16));
#1013 = ORIENTED_EDGE('',*,*,#1014,.F.);
#1014 = EDGE_CURVE('',#1015,#1006,#1017,.T.);
#1015 = VERTEX_POINT('',#1016);
#1016 = CARTESIAN_POINT('',(1.5,16.631370849898,-7.E-15));
#1017 = CIRCLE('',#1018,0.8);
#1018 = AXIS2_PLACEMENT_3D('',#1019,#1020,#1021);
#1019 = CARTESIAN_POINT('',(1.5,16.065685424949,-0.565685424949));
#1020 = DIRECTION('',(1.,-7.948611779637E-48,3.3E-16));
#1021 = DIRECTION('',(1.089E-31,1.,-3.3E-16));
#1022 = ORIENTED_EDGE('',*,*,#1023,.T.);
#1023 = EDGE_CURVE('',#1015,#1024,#1026,.T.);
#1024 = VERTEX_POINT('',#1025);
#1025 = CARTESIAN_POINT('',(1.5,19.5,-1.9E-14));
#1026 = LINE('',#1027,#1028);
#1027 = CARTESIAN_POINT('',(1.5,-19.,5.773159728051E-15));
#1028 = VECTOR('',#1029,1.);
#1029 = DIRECTION('',(-2.2E-16,1.,-3.3E-16));
#1030 = ORIENTED_EDGE('',*,*,#1031,.F.);
#1031 = EDGE_CURVE('',#1032,#1024,#1034,.T.);
#1032 = VERTEX_POINT('',#1033);
#1033 = CARTESIAN_POINT('',(1.5,19.5,2.868629150102));
#1034 = LINE('',#1035,#1036);
#1035 = CARTESIAN_POINT('',(1.5,19.5,8.934314575051));
#1036 = VECTOR('',#1037,1.);
#1037 = DIRECTION('',(4.4E-16,1.1E-16,-1.));
#1038 = ORIENTED_EDGE('',*,*,#1039,.F.);
#1039 = EDGE_CURVE('',#1040,#1032,#1042,.T.);
#1040 = VERTEX_POINT('',#1041);
#1041 = CARTESIAN_POINT('',(1.5,20.631370849898,4.));
#1042 = CIRCLE('',#1043,0.8);
#1043 = AXIS2_PLACEMENT_3D('',#1044,#1045,#1046);
#1044 = CARTESIAN_POINT('',(1.5,20.065685424949,3.434314575051));
#1045 = DIRECTION('',(1.,3.3E-16,2.2E-16));
#1046 = DIRECTION('',(-3.3E-16,1.,-5.5E-16));
#1047 = ORIENTED_EDGE('',*,*,#1048,.T.);
#1048 = EDGE_CURVE('',#1040,#1049,#1051,.T.);
#1049 = VERTEX_POINT('',#1050);
#1050 = CARTESIAN_POINT('',(1.5,30.368629150102,4.));
#1051 = LINE('',#1052,#1053);
#1052 = CARTESIAN_POINT('',(1.5,22.815685424949,4.));
#1053 = VECTOR('',#1054,1.);
#1054 = DIRECTION('',(2.2E-16,1.,-3.8E-16));
#1055 = ORIENTED_EDGE('',*,*,#1056,.F.);
#1056 = EDGE_CURVE('',#1057,#1049,#1059,.T.);
#1057 = VERTEX_POINT('',#1058);
#1058 = CARTESIAN_POINT('',(1.5,31.5,2.868629150102));
#1059 = CIRCLE('',#1060,0.8);
#1060 = AXIS2_PLACEMENT_3D('',#1061,#1062,#1063);
#1061 = CARTESIAN_POINT('',(1.5,30.934314575051,3.434314575051));
#1062 = DIRECTION('',(1.,3.3E-16,2.2E-16));
#1063 = DIRECTION('',(-3.3E-16,1.,-5.5E-16));
#1064 = ORIENTED_EDGE('',*,*,#1065,.T.);
#1065 = EDGE_CURVE('',#1057,#81,#1066,.T.);
#1066 = LINE('',#1067,#1068);
#1067 = CARTESIAN_POINT('',(1.5,31.5,8.934314575051));
#1068 = VECTOR('',#1069,1.);
#1069 = DIRECTION('',(4.4E-16,2.6E-16,-1.));
#1070 = ORIENTED_EDGE('',*,*,#88,.T.);
#1071 = ORIENTED_EDGE('',*,*,#1072,.F.);
#1072 = EDGE_CURVE('',#1073,#89,#1075,.T.);
#1073 = VERTEX_POINT('',#1074);
#1074 = CARTESIAN_POINT('',(1.5,34.5,-2.3E-14));
#1075 = CIRCLE('',#1076,0.8);
#1076 = AXIS2_PLACEMENT_3D('',#1077,#1078,#1079);
#1077 = CARTESIAN_POINT('',(1.5,33.934314575051,-0.565685424949));
#1078 = DIRECTION('',(1.,1.1E-16,1.29368257903E-48));
#1079 = DIRECTION('',(-1.1E-16,1.,-3.3E-16));
#1080 = ORIENTED_EDGE('',*,*,#1081,.F.);
#1081 = EDGE_CURVE('',#1082,#1073,#1084,.T.);
#1082 = VERTEX_POINT('',#1083);
#1083 = CARTESIAN_POINT('',(1.5,34.734314575051,-0.565685424949));
#1084 = CIRCLE('',#1085,0.8);
#1085 = AXIS2_PLACEMENT_3D('',#1086,#1087,#1088);
#1086 = CARTESIAN_POINT('',(1.5,33.934314575051,-0.565685424949));
#1087 = DIRECTION('',(1.,1.1E-16,1.29368257903E-48));
#1088 = DIRECTION('',(-1.1E-16,1.,-3.3E-16));
#1089 = ORIENTED_EDGE('',*,*,#1090,.F.);
#1090 = EDGE_CURVE('',#1091,#1082,#1093,.T.);
#1091 = VERTEX_POINT('',#1092);
#1092 = CARTESIAN_POINT('',(1.5,34.5,-1.131370849899));
#1093 = CIRCLE('',#1094,0.8);
#1094 = AXIS2_PLACEMENT_3D('',#1095,#1096,#1097);
#1095 = CARTESIAN_POINT('',(1.5,33.934314575051,-0.565685424949));
#1096 = DIRECTION('',(1.,1.1E-16,1.29368257903E-48));
#1097 = DIRECTION('',(-1.1E-16,1.,-3.3E-16));
#1098 = ORIENTED_EDGE('',*,*,#1099,.T.);
#1099 = EDGE_CURVE('',#1091,#1100,#1102,.T.);
#1100 = VERTEX_POINT('',#1101);
#1101 = CARTESIAN_POINT('',(1.5,34.5,-4.));
#1102 = LINE('',#1103,#1104);
#1103 = CARTESIAN_POINT('',(1.5,34.5,-1.221245327088E-14));
#1104 = VECTOR('',#1105,1.);
#1105 = DIRECTION('',(3.3E-16,1.1E-16,-1.));
#1106 = ORIENTED_EDGE('',*,*,#1107,.T.);
#1107 = EDGE_CURVE('',#1100,#1108,#1110,.T.);
#1108 = VERTEX_POINT('',#1109);
#1109 = CARTESIAN_POINT('',(1.5,40.5,-4.));
#1110 = LINE('',#1111,#1112);
#1111 = CARTESIAN_POINT('',(1.5,34.5,-4.));
#1112 = VECTOR('',#1113,1.);
#1113 = DIRECTION('',(-2.2E-16,1.,-3.3E-16));
#1114 = ORIENTED_EDGE('',*,*,#1115,.T.);
#1115 = EDGE_CURVE('',#1108,#1116,#1118,.T.);
#1116 = VERTEX_POINT('',#1117);
#1117 = CARTESIAN_POINT('',(1.5,40.5,-1.131370849899));
#1118 = LINE('',#1119,#1120);
#1119 = CARTESIAN_POINT('',(1.5,40.5,-4.));
#1120 = VECTOR('',#1121,1.);
#1121 = DIRECTION('',(-3.3E-16,-1.1E-16,1.));
#1122 = ORIENTED_EDGE('',*,*,#1123,.F.);
#1123 = EDGE_CURVE('',#1124,#1116,#1126,.T.);
#1124 = VERTEX_POINT('',#1125);
#1125 = CARTESIAN_POINT('',(1.5,40.5,-2.7E-14));
#1126 = CIRCLE('',#1127,0.8);
#1127 = AXIS2_PLACEMENT_3D('',#1128,#1129,#1130);
#1128 = CARTESIAN_POINT('',(1.5,41.065685424949,-0.565685424949));
#1129 = DIRECTION('',(1.,1.1E-16,1.29368257903E-48));
#1130 = DIRECTION('',(-1.1E-16,1.,-3.3E-16));
#1131 = ORIENTED_EDGE('',*,*,#1132,.F.);
#1132 = EDGE_CURVE('',#1133,#1124,#1135,.T.);
#1133 = VERTEX_POINT('',#1134);
#1134 = CARTESIAN_POINT('',(1.5,41.631370849898,-1.8E-14));
#1135 = CIRCLE('',#1136,0.8);
#1136 = AXIS2_PLACEMENT_3D('',#1137,#1138,#1139);
#1137 = CARTESIAN_POINT('',(1.5,41.065685424949,-0.565685424949));
#1138 = DIRECTION('',(1.,1.1E-16,1.29368257903E-48));
#1139 = DIRECTION('',(-1.1E-16,1.,-3.3E-16));
#1140 = ORIENTED_EDGE('',*,*,#1141,.T.);
#1141 = EDGE_CURVE('',#1133,#1142,#1144,.T.);
#1142 = VERTEX_POINT('',#1143);
#1143 = CARTESIAN_POINT('',(1.5,44.5,-4.5E-14));
#1144 = LINE('',#1145,#1146);
#1145 = CARTESIAN_POINT('',(1.5,-19.,5.773159728051E-15));
#1146 = VECTOR('',#1147,1.);
#1147 = DIRECTION('',(-2.2E-16,1.,-3.3E-16));
#1148 = ORIENTED_EDGE('',*,*,#1149,.F.);
#1149 = EDGE_CURVE('',#1150,#1142,#1152,.T.);
#1150 = VERTEX_POINT('',#1151);
#1151 = CARTESIAN_POINT('',(1.5,44.5,2.868629150101));
#1152 = LINE('',#1153,#1154);
#1153 = CARTESIAN_POINT('',(1.5,44.5,8.934314575051));
#1154 = VECTOR('',#1155,1.);
#1155 = DIRECTION('',(4.4E-16,1.1E-16,-1.));
#1156 = ORIENTED_EDGE('',*,*,#1157,.F.);
#1157 = EDGE_CURVE('',#1158,#1150,#1160,.T.);
#1158 = VERTEX_POINT('',#1159);
#1159 = CARTESIAN_POINT('',(1.5,45.631370849898,4.));
#1160 = CIRCLE('',#1161,0.8);
#1161 = AXIS2_PLACEMENT_3D('',#1162,#1163,#1164);
#1162 = CARTESIAN_POINT('',(1.5,45.065685424949,3.434314575051));
#1163 = DIRECTION('',(1.,3.3E-16,2.2E-16));
#1164 = DIRECTION('',(-3.3E-16,1.,-5.5E-16));
#1165 = ORIENTED_EDGE('',*,*,#1166,.T.);
#1166 = EDGE_CURVE('',#1158,#648,#1167,.T.);
#1167 = LINE('',#1168,#1169);
#1168 = CARTESIAN_POINT('',(1.5,35.315685424949,4.));
#1169 = VECTOR('',#1170,1.);
#1170 = DIRECTION('',(2.2E-16,1.,-3.8E-16));
#1171 = PLANE('',#1172);
#1172 = AXIS2_PLACEMENT_3D('',#1173,#1174,#1175);
#1173 = CARTESIAN_POINT('',(1.5,25.031191507059,15.499617413822));
#1174 = DIRECTION('',(1.,-4.6E-16,9.4E-16));
#1175 = DIRECTION('',(-9.4E-16,-1.1E-16,1.));
#1176 = ADVANCED_FACE('',(#1177),#1188,.T.);
#1177 = FACE_BOUND('',#1178,.T.);
#1178 = EDGE_LOOP('',(#1179,#1180,#1186,#1187));
#1179 = ORIENTED_EDGE('',*,*,#1065,.F.);
#1180 = ORIENTED_EDGE('',*,*,#1181,.T.);
#1181 = EDGE_CURVE('',#1057,#239,#1182,.T.);
#1182 = LINE('',#1183,#1184);
#1183 = CARTESIAN_POINT('',(95.416877747815,31.5,2.868629150102));
#1184 = VECTOR('',#1185,1.);
#1185 = DIRECTION('',(-1.,4.4E-16,1.1E-16));
#1186 = ORIENTED_EDGE('',*,*,#238,.T.);
#1187 = ORIENTED_EDGE('',*,*,#80,.T.);
#1188 = PLANE('',#1189);
#1189 = AXIS2_PLACEMENT_3D('',#1190,#1191,#1192);
#1190 = CARTESIAN_POINT('',(95.416877747815,31.5,2.868629150102));
#1191 = DIRECTION('',(0.,-1.,1.8E-16));
#1192 = DIRECTION('',(5.5E-16,-1.8E-16,-1.));
#1193 = ADVANCED_FACE('',(#1194),#1210,.F.);
#1194 = FACE_BOUND('',#1195,.F.);
#1195 = EDGE_LOOP('',(#1196,#1197,#1203,#1204));
#1196 = ORIENTED_EDGE('',*,*,#110,.F.);
#1197 = ORIENTED_EDGE('',*,*,#1198,.T.);
#1198 = EDGE_CURVE('',#111,#657,#1199,.T.);
#1199 = LINE('',#1200,#1201);
#1200 = CARTESIAN_POINT('',(46.958438873907,56.5,-2.253E-14));
#1201 = VECTOR('',#1202,1.);
#1202 = DIRECTION('',(1.,-1.1E-16,2.2E-16));
#1203 = ORIENTED_EDGE('',*,*,#664,.T.);
#1204 = ORIENTED_EDGE('',*,*,#1205,.F.);
#1205 = EDGE_CURVE('',#113,#665,#1206,.T.);
#1206 = LINE('',#1207,#1208);
#1207 = CARTESIAN_POINT('',(-1.5,69.,-3.814E-14));
#1208 = VECTOR('',#1209,1.);
#1209 = DIRECTION('',(1.,-4.4E-16,-1.1E-16));
#1210 = PLANE('',#1211);
#1211 = AXIS2_PLACEMENT_3D('',#1212,#1213,#1214);
#1212 = CARTESIAN_POINT('',(-1.5,-19.,1.071E-14));
#1213 = DIRECTION('',(-3.3E-16,1.1E-16,1.));
#1214 = DIRECTION('',(-2.2E-16,1.,-1.1E-16));
#1215 = ADVANCED_FACE('',(#1216),#1227,.F.);
#1216 = FACE_BOUND('',#1217,.F.);
#1217 = EDGE_LOOP('',(#1218,#1219,#1220,#1226));
#1218 = ORIENTED_EDGE('',*,*,#1205,.T.);
#1219 = ORIENTED_EDGE('',*,*,#672,.T.);
#1220 = ORIENTED_EDGE('',*,*,#1221,.F.);
#1221 = EDGE_CURVE('',#624,#673,#1222,.T.);
#1222 = LINE('',#1223,#1224);
#1223 = CARTESIAN_POINT('',(-1.5,69.,30.));
#1224 = VECTOR('',#1225,1.);
#1225 = DIRECTION('',(1.,-4.4E-16,-1.1E-16));
#1226 = ORIENTED_EDGE('',*,*,#631,.F.);
#1227 = PLANE('',#1228);
#1228 = AXIS2_PLACEMENT_3D('',#1229,#1230,#1231);
#1229 = CARTESIAN_POINT('',(-1.5,69.,-3.814E-14));
#1230 = DIRECTION('',(0.,-1.,3.3E-16));
#1231 = DIRECTION('',(-5.5E-16,3.3E-16,1.));
#1232 = ADVANCED_FACE('',(#1233),#1244,.F.);
#1233 = FACE_BOUND('',#1234,.F.);
#1234 = EDGE_LOOP('',(#1235,#1236,#1237,#1238));
#1235 = ORIENTED_EDGE('',*,*,#623,.F.);
#1236 = ORIENTED_EDGE('',*,*,#1221,.T.);
#1237 = ORIENTED_EDGE('',*,*,#680,.T.);
#1238 = ORIENTED_EDGE('',*,*,#1239,.T.);
#1239 = EDGE_CURVE('',#681,#616,#1240,.T.);
#1240 = LINE('',#1241,#1242);
#1241 = CARTESIAN_POINT('',(93.951717919365,64.2,30.));
#1242 = VECTOR('',#1243,1.);
#1243 = DIRECTION('',(-1.,4.4E-16,1.1E-16));
#1244 = PLANE('',#1245);
#1245 = AXIS2_PLACEMENT_3D('',#1246,#1247,#1248);
#1246 = CARTESIAN_POINT('',(-1.5,69.,30.));
#1247 = DIRECTION('',(3.3E-16,-1.1E-16,-1.));
#1248 = DIRECTION('',(2.2E-16,-1.,1.1E-16));
#1249 = ADVANCED_FACE('',(#1250),#1261,.F.);
#1250 = FACE_BOUND('',#1251,.F.);
#1251 = EDGE_LOOP('',(#1252,#1253,#1259,#1260));
#1252 = ORIENTED_EDGE('',*,*,#688,.F.);
#1253 = ORIENTED_EDGE('',*,*,#1254,.T.);
#1254 = EDGE_CURVE('',#689,#607,#1255,.T.);
#1255 = LINE('',#1256,#1257);
#1256 = CARTESIAN_POINT('',(93.951717919365,64.2,16.131370849898));
#1257 = VECTOR('',#1258,1.);
#1258 = DIRECTION('',(-1.,4.4E-16,1.1E-16));
#1259 = ORIENTED_EDGE('',*,*,#615,.T.);
#1260 = ORIENTED_EDGE('',*,*,#1239,.F.);
#1261 = PLANE('',#1262);
#1262 = AXIS2_PLACEMENT_3D('',#1263,#1264,#1265);
#1263 = CARTESIAN_POINT('',(93.951717919365,64.2,16.131370849898));
#1264 = DIRECTION('',(0.,1.,-2.E-16));
#1265 = DIRECTION('',(-5.5E-16,2.E-16,1.));
#1266 = ADVANCED_FACE('',(#1267),#1278,.F.);
#1267 = FACE_BOUND('',#1268,.F.);
#1268 = EDGE_LOOP('',(#1269,#1270,#1276,#1277));
#1269 = ORIENTED_EDGE('',*,*,#696,.F.);
#1270 = ORIENTED_EDGE('',*,*,#1271,.T.);
#1271 = EDGE_CURVE('',#697,#599,#1272,.T.);
#1272 = LINE('',#1273,#1274);
#1273 = CARTESIAN_POINT('',(93.951717919365,63.068629150102,15.));
#1274 = VECTOR('',#1275,1.);
#1275 = DIRECTION('',(-1.,4.4E-16,1.1E-16));
#1276 = ORIENTED_EDGE('',*,*,#606,.T.);
#1277 = ORIENTED_EDGE('',*,*,#1254,.F.);
#1278 = CYLINDRICAL_SURFACE('',#1279,0.8);
#1279 = AXIS2_PLACEMENT_3D('',#1280,#1281,#1282);
#1280 = CARTESIAN_POINT('',(93.951717919365,63.634314575051,
    15.565685424949));
#1281 = DIRECTION('',(1.,-2.2E-16,1.1E-16));
#1282 = DIRECTION('',(2.2E-16,1.,-5.5E-16));
#1283 = ADVANCED_FACE('',(#1284),#1295,.F.);
#1284 = FACE_BOUND('',#1285,.F.);
#1285 = EDGE_LOOP('',(#1286,#1287,#1293,#1294));
#1286 = ORIENTED_EDGE('',*,*,#705,.F.);
#1287 = ORIENTED_EDGE('',*,*,#1288,.T.);
#1288 = EDGE_CURVE('',#706,#590,#1289,.T.);
#1289 = LINE('',#1290,#1291);
#1290 = CARTESIAN_POINT('',(93.951717919365,61.931370849898,15.));
#1291 = VECTOR('',#1292,1.);
#1292 = DIRECTION('',(-1.,4.4E-16,1.1E-16));
#1293 = ORIENTED_EDGE('',*,*,#598,.T.);
#1294 = ORIENTED_EDGE('',*,*,#1271,.F.);
#1295 = PLANE('',#1296);
#1296 = AXIS2_PLACEMENT_3D('',#1297,#1298,#1299);
#1297 = CARTESIAN_POINT('',(93.951717919365,61.931370849898,15.));
#1298 = DIRECTION('',(3.3E-16,-3.24E-15,-1.));
#1299 = DIRECTION('',(-2.2E-16,1.,-3.24E-15));
#1300 = ADVANCED_FACE('',(#1301),#1312,.F.);
#1301 = FACE_BOUND('',#1302,.F.);
#1302 = EDGE_LOOP('',(#1303,#1304,#1310,#1311));
#1303 = ORIENTED_EDGE('',*,*,#713,.F.);
#1304 = ORIENTED_EDGE('',*,*,#1305,.T.);
#1305 = EDGE_CURVE('',#714,#582,#1306,.T.);
#1306 = LINE('',#1307,#1308);
#1307 = CARTESIAN_POINT('',(93.951717919365,60.8,16.131370849898));
#1308 = VECTOR('',#1309,1.);
#1309 = DIRECTION('',(-1.,4.4E-16,1.1E-16));
#1310 = ORIENTED_EDGE('',*,*,#589,.T.);
#1311 = ORIENTED_EDGE('',*,*,#1288,.F.);
#1312 = CYLINDRICAL_SURFACE('',#1313,0.8);
#1313 = AXIS2_PLACEMENT_3D('',#1314,#1315,#1316);
#1314 = CARTESIAN_POINT('',(93.951717919365,61.365685424949,
    15.565685424949));
#1315 = DIRECTION('',(1.,-2.2E-16,1.1E-16));
#1316 = DIRECTION('',(2.2E-16,1.,-5.5E-16));
#1317 = ADVANCED_FACE('',(#1318),#1329,.F.);
#1318 = FACE_BOUND('',#1319,.F.);
#1319 = EDGE_LOOP('',(#1320,#1321,#1327,#1328));
#1320 = ORIENTED_EDGE('',*,*,#722,.F.);
#1321 = ORIENTED_EDGE('',*,*,#1322,.T.);
#1322 = EDGE_CURVE('',#723,#574,#1323,.T.);
#1323 = LINE('',#1324,#1325);
#1324 = CARTESIAN_POINT('',(93.951717919365,60.8,30.));
#1325 = VECTOR('',#1326,1.);
#1326 = DIRECTION('',(-1.,4.4E-16,1.1E-16));
#1327 = ORIENTED_EDGE('',*,*,#581,.T.);
#1328 = ORIENTED_EDGE('',*,*,#1305,.F.);
#1329 = PLANE('',#1330);
#1330 = AXIS2_PLACEMENT_3D('',#1331,#1332,#1333);
#1331 = CARTESIAN_POINT('',(93.951717919365,60.8,30.));
#1332 = DIRECTION('',(0.,-1.,2.E-16));
#1333 = DIRECTION('',(5.5E-16,-2.E-16,-1.));
#1334 = ADVANCED_FACE('',(#1335),#1346,.F.);
#1335 = FACE_BOUND('',#1336,.F.);
#1336 = EDGE_LOOP('',(#1337,#1338,#1339,#1340));
#1337 = ORIENTED_EDGE('',*,*,#573,.F.);
#1338 = ORIENTED_EDGE('',*,*,#1322,.F.);
#1339 = ORIENTED_EDGE('',*,*,#730,.T.);
#1340 = ORIENTED_EDGE('',*,*,#1341,.T.);
#1341 = EDGE_CURVE('',#731,#566,#1342,.T.);
#1342 = LINE('',#1343,#1344);
#1343 = CARTESIAN_POINT('',(93.951717919365,39.2,30.));
#1344 = VECTOR('',#1345,1.);
#1345 = DIRECTION('',(-1.,4.4E-16,1.1E-16));
#1346 = PLANE('',#1347);
#1347 = AXIS2_PLACEMENT_3D('',#1348,#1349,#1350);
#1348 = CARTESIAN_POINT('',(-1.5,69.,30.));
#1349 = DIRECTION('',(3.3E-16,-1.1E-16,-1.));
#1350 = DIRECTION('',(2.2E-16,-1.,1.1E-16));
#1351 = ADVANCED_FACE('',(#1352),#1363,.F.);
#1352 = FACE_BOUND('',#1353,.F.);
#1353 = EDGE_LOOP('',(#1354,#1355,#1361,#1362));
#1354 = ORIENTED_EDGE('',*,*,#738,.F.);
#1355 = ORIENTED_EDGE('',*,*,#1356,.T.);
#1356 = EDGE_CURVE('',#739,#557,#1357,.T.);
#1357 = LINE('',#1358,#1359);
#1358 = CARTESIAN_POINT('',(93.951717919365,39.2,16.131370849898));
#1359 = VECTOR('',#1360,1.);
#1360 = DIRECTION('',(-1.,4.4E-16,1.1E-16));
#1361 = ORIENTED_EDGE('',*,*,#565,.T.);
#1362 = ORIENTED_EDGE('',*,*,#1341,.F.);
#1363 = PLANE('',#1364);
#1364 = AXIS2_PLACEMENT_3D('',#1365,#1366,#1367);
#1365 = CARTESIAN_POINT('',(93.951717919365,39.2,16.131370849898));
#1366 = DIRECTION('',(0.,1.,-2.E-16));
#1367 = DIRECTION('',(-5.5E-16,2.E-16,1.));
#1368 = ADVANCED_FACE('',(#1369),#1380,.F.);
#1369 = FACE_BOUND('',#1370,.F.);
#1370 = EDGE_LOOP('',(#1371,#1372,#1378,#1379));
#1371 = ORIENTED_EDGE('',*,*,#746,.F.);
#1372 = ORIENTED_EDGE('',*,*,#1373,.T.);
#1373 = EDGE_CURVE('',#747,#549,#1374,.T.);
#1374 = LINE('',#1375,#1376);
#1375 = CARTESIAN_POINT('',(93.951717919365,38.068629150102,15.));
#1376 = VECTOR('',#1377,1.);
#1377 = DIRECTION('',(-1.,4.4E-16,1.1E-16));
#1378 = ORIENTED_EDGE('',*,*,#556,.T.);
#1379 = ORIENTED_EDGE('',*,*,#1356,.F.);
#1380 = CYLINDRICAL_SURFACE('',#1381,0.8);
#1381 = AXIS2_PLACEMENT_3D('',#1382,#1383,#1384);
#1382 = CARTESIAN_POINT('',(93.951717919365,38.634314575051,
    15.565685424949));
#1383 = DIRECTION('',(1.,-2.2E-16,1.1E-16));
#1384 = DIRECTION('',(2.2E-16,1.,-5.5E-16));
#1385 = ADVANCED_FACE('',(#1386),#1397,.F.);
#1386 = FACE_BOUND('',#1387,.F.);
#1387 = EDGE_LOOP('',(#1388,#1389,#1395,#1396));
#1388 = ORIENTED_EDGE('',*,*,#755,.F.);
#1389 = ORIENTED_EDGE('',*,*,#1390,.T.);
#1390 = EDGE_CURVE('',#756,#540,#1391,.T.);
#1391 = LINE('',#1392,#1393);
#1392 = CARTESIAN_POINT('',(93.951717919365,36.931370849898,15.));
#1393 = VECTOR('',#1394,1.);
#1394 = DIRECTION('',(-1.,4.4E-16,1.1E-16));
#1395 = ORIENTED_EDGE('',*,*,#548,.T.);
#1396 = ORIENTED_EDGE('',*,*,#1373,.F.);
#1397 = PLANE('',#1398);
#1398 = AXIS2_PLACEMENT_3D('',#1399,#1400,#1401);
#1399 = CARTESIAN_POINT('',(93.951717919365,36.931370849898,15.));
#1400 = DIRECTION('',(3.3E-16,-3.24E-15,-1.));
#1401 = DIRECTION('',(-2.2E-16,1.,-3.24E-15));
#1402 = ADVANCED_FACE('',(#1403),#1414,.F.);
#1403 = FACE_BOUND('',#1404,.F.);
#1404 = EDGE_LOOP('',(#1405,#1406,#1412,#1413));
#1405 = ORIENTED_EDGE('',*,*,#763,.F.);
#1406 = ORIENTED_EDGE('',*,*,#1407,.T.);
#1407 = EDGE_CURVE('',#764,#532,#1408,.T.);
#1408 = LINE('',#1409,#1410);
#1409 = CARTESIAN_POINT('',(93.951717919365,35.8,16.131370849898));
#1410 = VECTOR('',#1411,1.);
#1411 = DIRECTION('',(-1.,4.4E-16,1.1E-16));
#1412 = ORIENTED_EDGE('',*,*,#539,.T.);
#1413 = ORIENTED_EDGE('',*,*,#1390,.F.);
#1414 = CYLINDRICAL_SURFACE('',#1415,0.8);
#1415 = AXIS2_PLACEMENT_3D('',#1416,#1417,#1418);
#1416 = CARTESIAN_POINT('',(93.951717919365,36.365685424949,
    15.565685424949));
#1417 = DIRECTION('',(1.,-2.2E-16,1.1E-16));
#1418 = DIRECTION('',(2.2E-16,1.,-5.5E-16));
#1419 = ADVANCED_FACE('',(#1420),#1431,.F.);
#1420 = FACE_BOUND('',#1421,.F.);
#1421 = EDGE_LOOP('',(#1422,#1423,#1429,#1430));
#1422 = ORIENTED_EDGE('',*,*,#772,.F.);
#1423 = ORIENTED_EDGE('',*,*,#1424,.T.);
#1424 = EDGE_CURVE('',#773,#524,#1425,.T.);
#1425 = LINE('',#1426,#1427);
#1426 = CARTESIAN_POINT('',(93.951717919365,35.8,30.));
#1427 = VECTOR('',#1428,1.);
#1428 = DIRECTION('',(-1.,4.4E-16,1.1E-16));
#1429 = ORIENTED_EDGE('',*,*,#531,.T.);
#1430 = ORIENTED_EDGE('',*,*,#1407,.F.);
#1431 = PLANE('',#1432);
#1432 = AXIS2_PLACEMENT_3D('',#1433,#1434,#1435);
#1433 = CARTESIAN_POINT('',(93.951717919365,35.8,30.));
#1434 = DIRECTION('',(0.,-1.,2.E-16));
#1435 = DIRECTION('',(5.5E-16,-2.E-16,-1.));
#1436 = ADVANCED_FACE('',(#1437),#1448,.F.);
#1437 = FACE_BOUND('',#1438,.F.);
#1438 = EDGE_LOOP('',(#1439,#1440,#1441,#1442));
#1439 = ORIENTED_EDGE('',*,*,#523,.F.);
#1440 = ORIENTED_EDGE('',*,*,#1424,.F.);
#1441 = ORIENTED_EDGE('',*,*,#780,.T.);
#1442 = ORIENTED_EDGE('',*,*,#1443,.T.);
#1443 = EDGE_CURVE('',#781,#516,#1444,.T.);
#1444 = LINE('',#1445,#1446);
#1445 = CARTESIAN_POINT('',(93.951717919365,14.2,30.));
#1446 = VECTOR('',#1447,1.);
#1447 = DIRECTION('',(-1.,4.4E-16,1.1E-16));
#1448 = PLANE('',#1449);
#1449 = AXIS2_PLACEMENT_3D('',#1450,#1451,#1452);
#1450 = CARTESIAN_POINT('',(-1.5,69.,30.));
#1451 = DIRECTION('',(3.3E-16,-1.1E-16,-1.));
#1452 = DIRECTION('',(2.2E-16,-1.,1.1E-16));
#1453 = ADVANCED_FACE('',(#1454),#1465,.F.);
#1454 = FACE_BOUND('',#1455,.F.);
#1455 = EDGE_LOOP('',(#1456,#1457,#1463,#1464));
#1456 = ORIENTED_EDGE('',*,*,#788,.F.);
#1457 = ORIENTED_EDGE('',*,*,#1458,.T.);
#1458 = EDGE_CURVE('',#789,#507,#1459,.T.);
#1459 = LINE('',#1460,#1461);
#1460 = CARTESIAN_POINT('',(93.951717919365,14.2,16.131370849898));
#1461 = VECTOR('',#1462,1.);
#1462 = DIRECTION('',(-1.,4.4E-16,1.1E-16));
#1463 = ORIENTED_EDGE('',*,*,#515,.T.);
#1464 = ORIENTED_EDGE('',*,*,#1443,.F.);
#1465 = PLANE('',#1466);
#1466 = AXIS2_PLACEMENT_3D('',#1467,#1468,#1469);
#1467 = CARTESIAN_POINT('',(93.951717919365,14.2,16.131370849898));
#1468 = DIRECTION('',(0.,1.,-2.E-16));
#1469 = DIRECTION('',(-5.5E-16,2.E-16,1.));
#1470 = ADVANCED_FACE('',(#1471),#1482,.F.);
#1471 = FACE_BOUND('',#1472,.F.);
#1472 = EDGE_LOOP('',(#1473,#1474,#1480,#1481));
#1473 = ORIENTED_EDGE('',*,*,#796,.F.);
#1474 = ORIENTED_EDGE('',*,*,#1475,.T.);
#1475 = EDGE_CURVE('',#797,#499,#1476,.T.);
#1476 = LINE('',#1477,#1478);
#1477 = CARTESIAN_POINT('',(93.951717919365,13.068629150101,15.));
#1478 = VECTOR('',#1479,1.);
#1479 = DIRECTION('',(-1.,4.4E-16,1.1E-16));
#1480 = ORIENTED_EDGE('',*,*,#506,.T.);
#1481 = ORIENTED_EDGE('',*,*,#1458,.F.);
#1482 = CYLINDRICAL_SURFACE('',#1483,0.8);
#1483 = AXIS2_PLACEMENT_3D('',#1484,#1485,#1486);
#1484 = CARTESIAN_POINT('',(93.951717919365,13.634314575051,
    15.565685424949));
#1485 = DIRECTION('',(1.,-2.2E-16,1.1E-16));
#1486 = DIRECTION('',(2.2E-16,1.,-5.5E-16));
#1487 = ADVANCED_FACE('',(#1488),#1499,.F.);
#1488 = FACE_BOUND('',#1489,.F.);
#1489 = EDGE_LOOP('',(#1490,#1491,#1497,#1498));
#1490 = ORIENTED_EDGE('',*,*,#805,.F.);
#1491 = ORIENTED_EDGE('',*,*,#1492,.T.);
#1492 = EDGE_CURVE('',#806,#490,#1493,.T.);
#1493 = LINE('',#1494,#1495);
#1494 = CARTESIAN_POINT('',(93.951717919365,11.931370849898,15.));
#1495 = VECTOR('',#1496,1.);
#1496 = DIRECTION('',(-1.,4.4E-16,1.1E-16));
#1497 = ORIENTED_EDGE('',*,*,#498,.T.);
#1498 = ORIENTED_EDGE('',*,*,#1475,.F.);
#1499 = PLANE('',#1500);
#1500 = AXIS2_PLACEMENT_3D('',#1501,#1502,#1503);
#1501 = CARTESIAN_POINT('',(93.951717919365,11.931370849898,15.));
#1502 = DIRECTION('',(3.3E-16,-3.24E-15,-1.));
#1503 = DIRECTION('',(-2.2E-16,1.,-3.24E-15));
#1504 = ADVANCED_FACE('',(#1505),#1516,.F.);
#1505 = FACE_BOUND('',#1506,.F.);
#1506 = EDGE_LOOP('',(#1507,#1508,#1514,#1515));
#1507 = ORIENTED_EDGE('',*,*,#813,.F.);
#1508 = ORIENTED_EDGE('',*,*,#1509,.T.);
#1509 = EDGE_CURVE('',#814,#482,#1510,.T.);
#1510 = LINE('',#1511,#1512);
#1511 = CARTESIAN_POINT('',(93.951717919365,10.8,16.131370849898));
#1512 = VECTOR('',#1513,1.);
#1513 = DIRECTION('',(-1.,4.4E-16,1.1E-16));
#1514 = ORIENTED_EDGE('',*,*,#489,.T.);
#1515 = ORIENTED_EDGE('',*,*,#1492,.F.);
#1516 = CYLINDRICAL_SURFACE('',#1517,0.8);
#1517 = AXIS2_PLACEMENT_3D('',#1518,#1519,#1520);
#1518 = CARTESIAN_POINT('',(93.951717919365,11.365685424949,
    15.565685424949));
#1519 = DIRECTION('',(1.,-2.2E-16,1.1E-16));
#1520 = DIRECTION('',(2.2E-16,1.,-5.5E-16));
#1521 = ADVANCED_FACE('',(#1522),#1533,.F.);
#1522 = FACE_BOUND('',#1523,.F.);
#1523 = EDGE_LOOP('',(#1524,#1525,#1531,#1532));
#1524 = ORIENTED_EDGE('',*,*,#822,.F.);
#1525 = ORIENTED_EDGE('',*,*,#1526,.T.);
#1526 = EDGE_CURVE('',#823,#474,#1527,.T.);
#1527 = LINE('',#1528,#1529);
#1528 = CARTESIAN_POINT('',(93.951717919365,10.8,30.));
#1529 = VECTOR('',#1530,1.);
#1530 = DIRECTION('',(-1.,4.4E-16,1.1E-16));
#1531 = ORIENTED_EDGE('',*,*,#481,.T.);
#1532 = ORIENTED_EDGE('',*,*,#1509,.F.);
#1533 = PLANE('',#1534);
#1534 = AXIS2_PLACEMENT_3D('',#1535,#1536,#1537);
#1535 = CARTESIAN_POINT('',(93.951717919365,10.8,30.));
#1536 = DIRECTION('',(0.,-1.,2.E-16));
#1537 = DIRECTION('',(5.5E-16,-2.E-16,-1.));
#1538 = ADVANCED_FACE('',(#1539),#1550,.F.);
#1539 = FACE_BOUND('',#1540,.F.);
#1540 = EDGE_LOOP('',(#1541,#1542,#1543,#1544));
#1541 = ORIENTED_EDGE('',*,*,#473,.F.);
#1542 = ORIENTED_EDGE('',*,*,#1526,.F.);
#1543 = ORIENTED_EDGE('',*,*,#830,.T.);
#1544 = ORIENTED_EDGE('',*,*,#1545,.T.);
#1545 = EDGE_CURVE('',#831,#466,#1546,.T.);
#1546 = LINE('',#1547,#1548);
#1547 = CARTESIAN_POINT('',(93.951717919365,-10.8,30.));
#1548 = VECTOR('',#1549,1.);
#1549 = DIRECTION('',(-1.,4.4E-16,1.1E-16));
#1550 = PLANE('',#1551);
#1551 = AXIS2_PLACEMENT_3D('',#1552,#1553,#1554);
#1552 = CARTESIAN_POINT('',(-1.5,69.,30.));
#1553 = DIRECTION('',(3.3E-16,-1.1E-16,-1.));
#1554 = DIRECTION('',(2.2E-16,-1.,1.1E-16));
#1555 = ADVANCED_FACE('',(#1556),#1567,.F.);
#1556 = FACE_BOUND('',#1557,.F.);
#1557 = EDGE_LOOP('',(#1558,#1559,#1565,#1566));
#1558 = ORIENTED_EDGE('',*,*,#838,.F.);
#1559 = ORIENTED_EDGE('',*,*,#1560,.T.);
#1560 = EDGE_CURVE('',#839,#457,#1561,.T.);
#1561 = LINE('',#1562,#1563);
#1562 = CARTESIAN_POINT('',(93.951717919365,-10.8,16.131370849898));
#1563 = VECTOR('',#1564,1.);
#1564 = DIRECTION('',(-1.,4.4E-16,1.1E-16));
#1565 = ORIENTED_EDGE('',*,*,#465,.T.);
#1566 = ORIENTED_EDGE('',*,*,#1545,.F.);
#1567 = PLANE('',#1568);
#1568 = AXIS2_PLACEMENT_3D('',#1569,#1570,#1571);
#1569 = CARTESIAN_POINT('',(93.951717919365,-10.8,16.131370849898));
#1570 = DIRECTION('',(0.,1.,-2.E-16));
#1571 = DIRECTION('',(-5.5E-16,2.E-16,1.));
#1572 = ADVANCED_FACE('',(#1573),#1584,.F.);
#1573 = FACE_BOUND('',#1574,.F.);
#1574 = EDGE_LOOP('',(#1575,#1576,#1582,#1583));
#1575 = ORIENTED_EDGE('',*,*,#846,.F.);
#1576 = ORIENTED_EDGE('',*,*,#1577,.T.);
#1577 = EDGE_CURVE('',#847,#449,#1578,.T.);
#1578 = LINE('',#1579,#1580);
#1579 = CARTESIAN_POINT('',(93.951717919365,-11.93137084989,15.));
#1580 = VECTOR('',#1581,1.);
#1581 = DIRECTION('',(-1.,4.4E-16,1.1E-16));
#1582 = ORIENTED_EDGE('',*,*,#456,.T.);
#1583 = ORIENTED_EDGE('',*,*,#1560,.F.);
#1584 = CYLINDRICAL_SURFACE('',#1585,0.8);
#1585 = AXIS2_PLACEMENT_3D('',#1586,#1587,#1588);
#1586 = CARTESIAN_POINT('',(93.951717919365,-11.36568542494,
    15.565685424949));
#1587 = DIRECTION('',(1.,-2.2E-16,1.1E-16));
#1588 = DIRECTION('',(2.2E-16,1.,-5.5E-16));
#1589 = ADVANCED_FACE('',(#1590),#1601,.F.);
#1590 = FACE_BOUND('',#1591,.F.);
#1591 = EDGE_LOOP('',(#1592,#1593,#1599,#1600));
#1592 = ORIENTED_EDGE('',*,*,#855,.F.);
#1593 = ORIENTED_EDGE('',*,*,#1594,.T.);
#1594 = EDGE_CURVE('',#856,#440,#1595,.T.);
#1595 = LINE('',#1596,#1597);
#1596 = CARTESIAN_POINT('',(93.951717919365,-13.0686291501,15.));
#1597 = VECTOR('',#1598,1.);
#1598 = DIRECTION('',(-1.,4.4E-16,1.1E-16));
#1599 = ORIENTED_EDGE('',*,*,#448,.T.);
#1600 = ORIENTED_EDGE('',*,*,#1577,.F.);
#1601 = PLANE('',#1602);
#1602 = AXIS2_PLACEMENT_3D('',#1603,#1604,#1605);
#1603 = CARTESIAN_POINT('',(93.951717919365,-13.0686291501,15.));
#1604 = DIRECTION('',(3.3E-16,-3.24E-15,-1.));
#1605 = DIRECTION('',(-2.2E-16,1.,-3.24E-15));
#1606 = ADVANCED_FACE('',(#1607),#1618,.F.);
#1607 = FACE_BOUND('',#1608,.F.);
#1608 = EDGE_LOOP('',(#1609,#1610,#1616,#1617));
#1609 = ORIENTED_EDGE('',*,*,#863,.F.);
#1610 = ORIENTED_EDGE('',*,*,#1611,.T.);
#1611 = EDGE_CURVE('',#864,#432,#1612,.T.);
#1612 = LINE('',#1613,#1614);
#1613 = CARTESIAN_POINT('',(93.951717919365,-14.2,16.131370849898));
#1614 = VECTOR('',#1615,1.);
#1615 = DIRECTION('',(-1.,4.4E-16,1.1E-16));
#1616 = ORIENTED_EDGE('',*,*,#439,.T.);
#1617 = ORIENTED_EDGE('',*,*,#1594,.F.);
#1618 = CYLINDRICAL_SURFACE('',#1619,0.8);
#1619 = AXIS2_PLACEMENT_3D('',#1620,#1621,#1622);
#1620 = CARTESIAN_POINT('',(93.951717919365,-13.63431457505,
    15.565685424949));
#1621 = DIRECTION('',(1.,-2.2E-16,1.1E-16));
#1622 = DIRECTION('',(2.2E-16,1.,-5.5E-16));
#1623 = ADVANCED_FACE('',(#1624),#1635,.F.);
#1624 = FACE_BOUND('',#1625,.F.);
#1625 = EDGE_LOOP('',(#1626,#1627,#1633,#1634));
#1626 = ORIENTED_EDGE('',*,*,#872,.F.);
#1627 = ORIENTED_EDGE('',*,*,#1628,.T.);
#1628 = EDGE_CURVE('',#873,#424,#1629,.T.);
#1629 = LINE('',#1630,#1631);
#1630 = CARTESIAN_POINT('',(93.951717919365,-14.2,30.));
#1631 = VECTOR('',#1632,1.);
#1632 = DIRECTION('',(-1.,4.4E-16,1.1E-16));
#1633 = ORIENTED_EDGE('',*,*,#431,.T.);
#1634 = ORIENTED_EDGE('',*,*,#1611,.F.);
#1635 = PLANE('',#1636);
#1636 = AXIS2_PLACEMENT_3D('',#1637,#1638,#1639);
#1637 = CARTESIAN_POINT('',(93.951717919365,-14.2,30.));
#1638 = DIRECTION('',(0.,-1.,2.E-16));
#1639 = DIRECTION('',(5.5E-16,-2.E-16,-1.));
#1640 = ADVANCED_FACE('',(#1641),#1652,.F.);
#1641 = FACE_BOUND('',#1642,.F.);
#1642 = EDGE_LOOP('',(#1643,#1644,#1645,#1646));
#1643 = ORIENTED_EDGE('',*,*,#423,.F.);
#1644 = ORIENTED_EDGE('',*,*,#1628,.F.);
#1645 = ORIENTED_EDGE('',*,*,#880,.T.);
#1646 = ORIENTED_EDGE('',*,*,#1647,.F.);
#1647 = EDGE_CURVE('',#416,#881,#1648,.T.);
#1648 = LINE('',#1649,#1650);
#1649 = CARTESIAN_POINT('',(-1.5,-19.,30.));
#1650 = VECTOR('',#1651,1.);
#1651 = DIRECTION('',(1.,-4.4E-16,-1.1E-16));
#1652 = PLANE('',#1653);
#1653 = AXIS2_PLACEMENT_3D('',#1654,#1655,#1656);
#1654 = CARTESIAN_POINT('',(-1.5,69.,30.));
#1655 = DIRECTION('',(3.3E-16,-1.1E-16,-1.));
#1656 = DIRECTION('',(2.2E-16,-1.,1.1E-16));
#1657 = ADVANCED_FACE('',(#1658),#1669,.F.);
#1658 = FACE_BOUND('',#1659,.F.);
#1659 = EDGE_LOOP('',(#1660,#1661,#1662,#1668));
#1660 = ORIENTED_EDGE('',*,*,#1647,.T.);
#1661 = ORIENTED_EDGE('',*,*,#888,.T.);
#1662 = ORIENTED_EDGE('',*,*,#1663,.F.);
#1663 = EDGE_CURVE('',#408,#889,#1664,.T.);
#1664 = LINE('',#1665,#1666);
#1665 = CARTESIAN_POINT('',(-1.5,-19.,1.071E-14));
#1666 = VECTOR('',#1667,1.);
#1667 = DIRECTION('',(1.,-4.4E-16,-1.1E-16));
#1668 = ORIENTED_EDGE('',*,*,#415,.F.);
#1669 = PLANE('',#1670);
#1670 = AXIS2_PLACEMENT_3D('',#1671,#1672,#1673);
#1671 = CARTESIAN_POINT('',(-1.5,-19.,30.));
#1672 = DIRECTION('',(0.,1.,-3.3E-16));
#1673 = DIRECTION('',(5.5E-16,-3.3E-16,-1.));
#1674 = ADVANCED_FACE('',(#1675),#1686,.F.);
#1675 = FACE_BOUND('',#1676,.F.);
#1676 = EDGE_LOOP('',(#1677,#1678,#1679,#1680));
#1677 = ORIENTED_EDGE('',*,*,#407,.F.);
#1678 = ORIENTED_EDGE('',*,*,#1663,.T.);
#1679 = ORIENTED_EDGE('',*,*,#896,.T.);
#1680 = ORIENTED_EDGE('',*,*,#1681,.F.);
#1681 = EDGE_CURVE('',#400,#897,#1682,.T.);
#1682 = LINE('',#1683,#1684);
#1683 = CARTESIAN_POINT('',(46.958438873907,-5.5,1.866E-14));
#1684 = VECTOR('',#1685,1.);
#1685 = DIRECTION('',(1.,-4.4E-16,2.2E-16));
#1686 = PLANE('',#1687);
#1687 = AXIS2_PLACEMENT_3D('',#1688,#1689,#1690);
#1688 = CARTESIAN_POINT('',(-1.5,-19.,1.071E-14));
#1689 = DIRECTION('',(-3.3E-16,1.1E-16,1.));
#1690 = DIRECTION('',(-2.2E-16,1.,-1.1E-16));
#1691 = ADVANCED_FACE('',(#1692),#1703,.F.);
#1692 = FACE_BOUND('',#1693,.F.);
#1693 = EDGE_LOOP('',(#1694,#1695,#1701,#1702));
#1694 = ORIENTED_EDGE('',*,*,#904,.F.);
#1695 = ORIENTED_EDGE('',*,*,#1696,.T.);
#1696 = EDGE_CURVE('',#905,#391,#1697,.T.);
#1697 = LINE('',#1698,#1699);
#1698 = CARTESIAN_POINT('',(95.416877747815,-5.5,2.868629150102));
#1699 = VECTOR('',#1700,1.);
#1700 = DIRECTION('',(-1.,4.4E-16,1.1E-16));
#1701 = ORIENTED_EDGE('',*,*,#399,.T.);
#1702 = ORIENTED_EDGE('',*,*,#1681,.T.);
#1703 = PLANE('',#1704);
#1704 = AXIS2_PLACEMENT_3D('',#1705,#1706,#1707);
#1705 = CARTESIAN_POINT('',(95.416877747815,-5.5,2.868629150102));
#1706 = DIRECTION('',(0.,-1.,3.3E-16));
#1707 = DIRECTION('',(5.5E-16,-3.3E-16,-1.));
#1708 = ADVANCED_FACE('',(#1709),#1720,.F.);
#1709 = FACE_BOUND('',#1710,.F.);
#1710 = EDGE_LOOP('',(#1711,#1712,#1718,#1719));
#1711 = ORIENTED_EDGE('',*,*,#912,.F.);
#1712 = ORIENTED_EDGE('',*,*,#1713,.T.);
#1713 = EDGE_CURVE('',#913,#383,#1714,.T.);
#1714 = LINE('',#1715,#1716);
#1715 = CARTESIAN_POINT('',(95.416877747815,-4.368629150102,4.));
#1716 = VECTOR('',#1717,1.);
#1717 = DIRECTION('',(-1.,4.4E-16,1.1E-16));
#1718 = ORIENTED_EDGE('',*,*,#390,.T.);
#1719 = ORIENTED_EDGE('',*,*,#1696,.F.);
#1720 = CYLINDRICAL_SURFACE('',#1721,0.8);
#1721 = AXIS2_PLACEMENT_3D('',#1722,#1723,#1724);
#1722 = CARTESIAN_POINT('',(95.416877747815,-4.934314575051,
    3.434314575051));
#1723 = DIRECTION('',(1.,-2.2E-16,1.1E-16));
#1724 = DIRECTION('',(2.2E-16,1.,-5.5E-16));
#1725 = ADVANCED_FACE('',(#1726),#1737,.T.);
#1726 = FACE_BOUND('',#1727,.T.);
#1727 = EDGE_LOOP('',(#1728,#1729,#1730,#1731));
#1728 = ORIENTED_EDGE('',*,*,#921,.F.);
#1729 = ORIENTED_EDGE('',*,*,#1713,.T.);
#1730 = ORIENTED_EDGE('',*,*,#382,.T.);
#1731 = ORIENTED_EDGE('',*,*,#1732,.F.);
#1732 = EDGE_CURVE('',#922,#374,#1733,.T.);
#1733 = LINE('',#1734,#1735);
#1734 = CARTESIAN_POINT('',(95.416877747815,5.368629150101,4.));
#1735 = VECTOR('',#1736,1.);
#1736 = DIRECTION('',(-1.,4.4E-16,1.1E-16));
#1737 = PLANE('',#1738);
#1738 = AXIS2_PLACEMENT_3D('',#1739,#1740,#1741);
#1739 = CARTESIAN_POINT('',(95.416877747815,-4.368629150102,4.));
#1740 = DIRECTION('',(3.3E-16,-1.6E-16,-1.));
#1741 = DIRECTION('',(-2.2E-16,1.,-1.6E-16));
#1742 = ADVANCED_FACE('',(#1743),#1754,.F.);
#1743 = FACE_BOUND('',#1744,.F.);
#1744 = EDGE_LOOP('',(#1745,#1746,#1752,#1753));
#1745 = ORIENTED_EDGE('',*,*,#929,.F.);
#1746 = ORIENTED_EDGE('',*,*,#1747,.T.);
#1747 = EDGE_CURVE('',#930,#366,#1748,.T.);
#1748 = LINE('',#1749,#1750);
#1749 = CARTESIAN_POINT('',(95.416877747815,6.5,2.868629150102));
#1750 = VECTOR('',#1751,1.);
#1751 = DIRECTION('',(-1.,4.4E-16,1.1E-16));
#1752 = ORIENTED_EDGE('',*,*,#373,.T.);
#1753 = ORIENTED_EDGE('',*,*,#1732,.F.);
#1754 = CYLINDRICAL_SURFACE('',#1755,0.8);
#1755 = AXIS2_PLACEMENT_3D('',#1756,#1757,#1758);
#1756 = CARTESIAN_POINT('',(95.416877747815,5.934314575051,
    3.434314575051));
#1757 = DIRECTION('',(1.,-2.2E-16,1.1E-16));
#1758 = DIRECTION('',(2.2E-16,1.,-5.5E-16));
#1759 = ADVANCED_FACE('',(#1760),#1771,.T.);
#1760 = FACE_BOUND('',#1761,.T.);
#1761 = EDGE_LOOP('',(#1762,#1763,#1764,#1765));
#1762 = ORIENTED_EDGE('',*,*,#938,.F.);
#1763 = ORIENTED_EDGE('',*,*,#1747,.T.);
#1764 = ORIENTED_EDGE('',*,*,#365,.T.);
#1765 = ORIENTED_EDGE('',*,*,#1766,.T.);
#1766 = EDGE_CURVE('',#358,#939,#1767,.T.);
#1767 = LINE('',#1768,#1769);
#1768 = CARTESIAN_POINT('',(46.958438873907,6.5,1.066E-14));
#1769 = VECTOR('',#1770,1.);
#1770 = DIRECTION('',(1.,-4.4E-16,2.2E-16));
#1771 = PLANE('',#1772);
#1772 = AXIS2_PLACEMENT_3D('',#1773,#1774,#1775);
#1773 = CARTESIAN_POINT('',(95.416877747815,6.5,2.868629150102));
#1774 = DIRECTION('',(0.,-1.,1.8E-16));
#1775 = DIRECTION('',(5.5E-16,-1.8E-16,-1.));
#1776 = ADVANCED_FACE('',(#1777),#1788,.F.);
#1777 = FACE_BOUND('',#1778,.F.);
#1778 = EDGE_LOOP('',(#1779,#1780,#1781,#1782));
#1779 = ORIENTED_EDGE('',*,*,#357,.F.);
#1780 = ORIENTED_EDGE('',*,*,#1766,.T.);
#1781 = ORIENTED_EDGE('',*,*,#946,.T.);
#1782 = ORIENTED_EDGE('',*,*,#1783,.F.);
#1783 = EDGE_CURVE('',#349,#947,#1784,.T.);
#1784 = LINE('',#1785,#1786);
#1785 = CARTESIAN_POINT('',(95.331374164018,8.368629150102,3.354E-14));
#1786 = VECTOR('',#1787,1.);
#1787 = DIRECTION('',(1.,0.,3.3E-16));
#1788 = PLANE('',#1789);
#1789 = AXIS2_PLACEMENT_3D('',#1790,#1791,#1792);
#1790 = CARTESIAN_POINT('',(-1.5,-19.,1.071E-14));
#1791 = DIRECTION('',(-3.3E-16,1.1E-16,1.));
#1792 = DIRECTION('',(-2.2E-16,1.,-1.1E-16));
#1793 = ADVANCED_FACE('',(#1794),#1809,.F.);
#1794 = FACE_BOUND('',#1795,.F.);
#1795 = EDGE_LOOP('',(#1796,#1802,#1803,#1804,#1805,#1806,#1807,#1808));
#1796 = ORIENTED_EDGE('',*,*,#1797,.F.);
#1797 = EDGE_CURVE('',#323,#973,#1798,.T.);
#1798 = LINE('',#1799,#1800);
#1799 = CARTESIAN_POINT('',(95.331374164018,9.5,-1.131370849898));
#1800 = VECTOR('',#1801,1.);
#1801 = DIRECTION('',(1.,0.,3.3E-16));
#1802 = ORIENTED_EDGE('',*,*,#330,.T.);
#1803 = ORIENTED_EDGE('',*,*,#339,.T.);
#1804 = ORIENTED_EDGE('',*,*,#348,.T.);
#1805 = ORIENTED_EDGE('',*,*,#1783,.T.);
#1806 = ORIENTED_EDGE('',*,*,#954,.F.);
#1807 = ORIENTED_EDGE('',*,*,#963,.F.);
#1808 = ORIENTED_EDGE('',*,*,#972,.F.);
#1809 = CYLINDRICAL_SURFACE('',#1810,0.8);
#1810 = AXIS2_PLACEMENT_3D('',#1811,#1812,#1813);
#1811 = CARTESIAN_POINT('',(95.331374164018,8.934314575051,
    -0.565685424949));
#1812 = DIRECTION('',(1.,0.,3.3E-16));
#1813 = DIRECTION('',(1.089E-31,1.,-3.3E-16));
#1814 = ADVANCED_FACE('',(#1815),#1826,.F.);
#1815 = FACE_BOUND('',#1816,.F.);
#1816 = EDGE_LOOP('',(#1817,#1818,#1819,#1820));
#1817 = ORIENTED_EDGE('',*,*,#322,.F.);
#1818 = ORIENTED_EDGE('',*,*,#1797,.T.);
#1819 = ORIENTED_EDGE('',*,*,#981,.T.);
#1820 = ORIENTED_EDGE('',*,*,#1821,.F.);
#1821 = EDGE_CURVE('',#315,#982,#1822,.T.);
#1822 = LINE('',#1823,#1824);
#1823 = CARTESIAN_POINT('',(-1.5,9.5,-4.));
#1824 = VECTOR('',#1825,1.);
#1825 = DIRECTION('',(1.,-4.4E-16,-1.1E-16));
#1826 = PLANE('',#1827);
#1827 = AXIS2_PLACEMENT_3D('',#1828,#1829,#1830);
#1828 = CARTESIAN_POINT('',(-1.5,9.5,-5.11E-15));
#1829 = DIRECTION('',(0.,1.,-3.3E-16));
#1830 = DIRECTION('',(5.5E-16,-3.3E-16,-1.));
#1831 = ADVANCED_FACE('',(#1832),#1843,.F.);
#1832 = FACE_BOUND('',#1833,.F.);
#1833 = EDGE_LOOP('',(#1834,#1835,#1836,#1842));
#1834 = ORIENTED_EDGE('',*,*,#1821,.T.);
#1835 = ORIENTED_EDGE('',*,*,#989,.T.);
#1836 = ORIENTED_EDGE('',*,*,#1837,.F.);
#1837 = EDGE_CURVE('',#307,#990,#1838,.T.);
#1838 = LINE('',#1839,#1840);
#1839 = CARTESIAN_POINT('',(-1.5,15.5,-4.));
#1840 = VECTOR('',#1841,1.);
#1841 = DIRECTION('',(1.,-4.4E-16,-1.1E-16));
#1842 = ORIENTED_EDGE('',*,*,#314,.F.);
#1843 = PLANE('',#1844);
#1844 = AXIS2_PLACEMENT_3D('',#1845,#1846,#1847);
#1845 = CARTESIAN_POINT('',(-1.5,9.5,-4.));
#1846 = DIRECTION('',(-3.3E-16,1.1E-16,1.));
#1847 = DIRECTION('',(-2.2E-16,1.,-1.1E-16));
#1848 = ADVANCED_FACE('',(#1849),#1860,.F.);
#1849 = FACE_BOUND('',#1850,.F.);
#1850 = EDGE_LOOP('',(#1851,#1852,#1853,#1854));
#1851 = ORIENTED_EDGE('',*,*,#306,.F.);
#1852 = ORIENTED_EDGE('',*,*,#1837,.T.);
#1853 = ORIENTED_EDGE('',*,*,#997,.T.);
#1854 = ORIENTED_EDGE('',*,*,#1855,.F.);
#1855 = EDGE_CURVE('',#298,#998,#1856,.T.);
#1856 = LINE('',#1857,#1858);
#1857 = CARTESIAN_POINT('',(95.331374164018,15.5,-1.131370849898));
#1858 = VECTOR('',#1859,1.);
#1859 = DIRECTION('',(1.,0.,3.3E-16));
#1860 = PLANE('',#1861);
#1861 = AXIS2_PLACEMENT_3D('',#1862,#1863,#1864);
#1862 = CARTESIAN_POINT('',(-1.5,15.5,-4.));
#1863 = DIRECTION('',(0.,-1.,3.3E-16));
#1864 = DIRECTION('',(-5.5E-16,3.3E-16,1.));
#1865 = ADVANCED_FACE('',(#1866),#1879,.F.);
#1866 = FACE_BOUND('',#1867,.T.);
#1867 = EDGE_LOOP('',(#1868,#1869,#1870,#1871,#1872,#1873));
#1868 = ORIENTED_EDGE('',*,*,#1014,.T.);
#1869 = ORIENTED_EDGE('',*,*,#1005,.T.);
#1870 = ORIENTED_EDGE('',*,*,#1855,.F.);
#1871 = ORIENTED_EDGE('',*,*,#297,.F.);
#1872 = ORIENTED_EDGE('',*,*,#288,.F.);
#1873 = ORIENTED_EDGE('',*,*,#1874,.T.);
#1874 = EDGE_CURVE('',#281,#1015,#1875,.T.);
#1875 = LINE('',#1876,#1877);
#1876 = CARTESIAN_POINT('',(95.331374164018,16.631370849898,3.082E-14));
#1877 = VECTOR('',#1878,1.);
#1878 = DIRECTION('',(1.,0.,3.3E-16));
#1879 = CYLINDRICAL_SURFACE('',#1880,0.8);
#1880 = AXIS2_PLACEMENT_3D('',#1881,#1882,#1883);
#1881 = CARTESIAN_POINT('',(95.331374164018,16.065685424949,
    -0.565685424949));
#1882 = DIRECTION('',(1.,0.,3.3E-16));
#1883 = DIRECTION('',(1.089E-31,1.,-3.3E-16));
#1884 = ADVANCED_FACE('',(#1885),#1896,.F.);
#1885 = FACE_BOUND('',#1886,.F.);
#1886 = EDGE_LOOP('',(#1887,#1888,#1889,#1890));
#1887 = ORIENTED_EDGE('',*,*,#280,.F.);
#1888 = ORIENTED_EDGE('',*,*,#1874,.T.);
#1889 = ORIENTED_EDGE('',*,*,#1023,.T.);
#1890 = ORIENTED_EDGE('',*,*,#1891,.F.);
#1891 = EDGE_CURVE('',#273,#1024,#1892,.T.);
#1892 = LINE('',#1893,#1894);
#1893 = CARTESIAN_POINT('',(46.958438873907,19.5,1.95E-15));
#1894 = VECTOR('',#1895,1.);
#1895 = DIRECTION('',(1.,-1.1E-16,2.2E-16));
#1896 = PLANE('',#1897);
#1897 = AXIS2_PLACEMENT_3D('',#1898,#1899,#1900);
#1898 = CARTESIAN_POINT('',(-1.5,-19.,1.071E-14));
#1899 = DIRECTION('',(-3.3E-16,1.1E-16,1.));
#1900 = DIRECTION('',(-2.2E-16,1.,-1.1E-16));
#1901 = ADVANCED_FACE('',(#1902),#1913,.F.);
#1902 = FACE_BOUND('',#1903,.F.);
#1903 = EDGE_LOOP('',(#1904,#1905,#1911,#1912));
#1904 = ORIENTED_EDGE('',*,*,#1031,.F.);
#1905 = ORIENTED_EDGE('',*,*,#1906,.T.);
#1906 = EDGE_CURVE('',#1032,#264,#1907,.T.);
#1907 = LINE('',#1908,#1909);
#1908 = CARTESIAN_POINT('',(95.416877747815,19.5,2.868629150102));
#1909 = VECTOR('',#1910,1.);
#1910 = DIRECTION('',(-1.,4.4E-16,1.1E-16));
#1911 = ORIENTED_EDGE('',*,*,#272,.T.);
#1912 = ORIENTED_EDGE('',*,*,#1891,.T.);
#1913 = PLANE('',#1914);
#1914 = AXIS2_PLACEMENT_3D('',#1915,#1916,#1917);
#1915 = CARTESIAN_POINT('',(95.416877747815,19.5,2.868629150102));
#1916 = DIRECTION('',(0.,-1.,3.3E-16));
#1917 = DIRECTION('',(5.5E-16,-3.3E-16,-1.));
#1918 = ADVANCED_FACE('',(#1919),#1930,.F.);
#1919 = FACE_BOUND('',#1920,.F.);
#1920 = EDGE_LOOP('',(#1921,#1922,#1928,#1929));
#1921 = ORIENTED_EDGE('',*,*,#1039,.F.);
#1922 = ORIENTED_EDGE('',*,*,#1923,.T.);
#1923 = EDGE_CURVE('',#1040,#256,#1924,.T.);
#1924 = LINE('',#1925,#1926);
#1925 = CARTESIAN_POINT('',(95.416877747815,20.631370849898,4.));
#1926 = VECTOR('',#1927,1.);
#1927 = DIRECTION('',(-1.,4.4E-16,1.1E-16));
#1928 = ORIENTED_EDGE('',*,*,#263,.T.);
#1929 = ORIENTED_EDGE('',*,*,#1906,.F.);
#1930 = CYLINDRICAL_SURFACE('',#1931,0.8);
#1931 = AXIS2_PLACEMENT_3D('',#1932,#1933,#1934);
#1932 = CARTESIAN_POINT('',(95.416877747815,20.065685424949,
    3.434314575051));
#1933 = DIRECTION('',(1.,-2.2E-16,1.1E-16));
#1934 = DIRECTION('',(2.2E-16,1.,-5.5E-16));
#1935 = ADVANCED_FACE('',(#1936),#1947,.T.);
#1936 = FACE_BOUND('',#1937,.T.);
#1937 = EDGE_LOOP('',(#1938,#1939,#1940,#1941));
#1938 = ORIENTED_EDGE('',*,*,#1048,.F.);
#1939 = ORIENTED_EDGE('',*,*,#1923,.T.);
#1940 = ORIENTED_EDGE('',*,*,#255,.T.);
#1941 = ORIENTED_EDGE('',*,*,#1942,.F.);
#1942 = EDGE_CURVE('',#1049,#247,#1943,.T.);
#1943 = LINE('',#1944,#1945);
#1944 = CARTESIAN_POINT('',(95.416877747815,30.368629150102,4.));
#1945 = VECTOR('',#1946,1.);
#1946 = DIRECTION('',(-1.,4.4E-16,1.1E-16));
#1947 = PLANE('',#1948);
#1948 = AXIS2_PLACEMENT_3D('',#1949,#1950,#1951);
#1949 = CARTESIAN_POINT('',(95.416877747815,20.631370849898,4.));
#1950 = DIRECTION('',(3.3E-16,-1.6E-16,-1.));
#1951 = DIRECTION('',(-2.2E-16,1.,-1.6E-16));
#1952 = ADVANCED_FACE('',(#1953),#1959,.F.);
#1953 = FACE_BOUND('',#1954,.F.);
#1954 = EDGE_LOOP('',(#1955,#1956,#1957,#1958));
#1955 = ORIENTED_EDGE('',*,*,#1056,.F.);
#1956 = ORIENTED_EDGE('',*,*,#1181,.T.);
#1957 = ORIENTED_EDGE('',*,*,#246,.T.);
#1958 = ORIENTED_EDGE('',*,*,#1942,.F.);
#1959 = CYLINDRICAL_SURFACE('',#1960,0.8);
#1960 = AXIS2_PLACEMENT_3D('',#1961,#1962,#1963);
#1961 = CARTESIAN_POINT('',(95.416877747815,30.934314575051,
    3.434314575051));
#1962 = DIRECTION('',(1.,-2.2E-16,1.1E-16));
#1963 = DIRECTION('',(2.2E-16,1.,-5.5E-16));
#1964 = ADVANCED_FACE('',(#1965),#1981,.F.);
#1965 = FACE_BOUND('',#1966,.F.);
#1966 = EDGE_LOOP('',(#1967,#1968,#1974,#1975));
#1967 = ORIENTED_EDGE('',*,*,#204,.F.);
#1968 = ORIENTED_EDGE('',*,*,#1969,.T.);
#1969 = EDGE_CURVE('',#205,#1091,#1970,.T.);
#1970 = LINE('',#1971,#1972);
#1971 = CARTESIAN_POINT('',(95.331374164018,34.5,-1.131370849899));
#1972 = VECTOR('',#1973,1.);
#1973 = DIRECTION('',(1.,1.1E-16,0.));
#1974 = ORIENTED_EDGE('',*,*,#1099,.T.);
#1975 = ORIENTED_EDGE('',*,*,#1976,.F.);
#1976 = EDGE_CURVE('',#197,#1100,#1977,.T.);
#1977 = LINE('',#1978,#1979);
#1978 = CARTESIAN_POINT('',(-1.5,34.5,-4.));
#1979 = VECTOR('',#1980,1.);
#1980 = DIRECTION('',(1.,-4.4E-16,-1.1E-16));
#1981 = PLANE('',#1982);
#1982 = AXIS2_PLACEMENT_3D('',#1983,#1984,#1985);
#1983 = CARTESIAN_POINT('',(-1.5,34.5,-1.388E-14));
#1984 = DIRECTION('',(0.,1.,-3.3E-16));
#1985 = DIRECTION('',(5.5E-16,-3.3E-16,-1.));
#1986 = ADVANCED_FACE('',(#1987),#1998,.F.);
#1987 = FACE_BOUND('',#1988,.F.);
#1988 = EDGE_LOOP('',(#1989,#1990,#1991,#1997));
#1989 = ORIENTED_EDGE('',*,*,#1976,.T.);
#1990 = ORIENTED_EDGE('',*,*,#1107,.T.);
#1991 = ORIENTED_EDGE('',*,*,#1992,.F.);
#1992 = EDGE_CURVE('',#189,#1108,#1993,.T.);
#1993 = LINE('',#1994,#1995);
#1994 = CARTESIAN_POINT('',(-1.5,40.5,-4.));
#1995 = VECTOR('',#1996,1.);
#1996 = DIRECTION('',(1.,-4.4E-16,-1.1E-16));
#1997 = ORIENTED_EDGE('',*,*,#196,.F.);
#1998 = PLANE('',#1999);
#1999 = AXIS2_PLACEMENT_3D('',#2000,#2001,#2002);
#2000 = CARTESIAN_POINT('',(-1.5,34.5,-4.));
#2001 = DIRECTION('',(-3.3E-16,1.1E-16,1.));
#2002 = DIRECTION('',(-2.2E-16,1.,-1.1E-16));
#2003 = ADVANCED_FACE('',(#2004),#2015,.F.);
#2004 = FACE_BOUND('',#2005,.F.);
#2005 = EDGE_LOOP('',(#2006,#2007,#2008,#2009));
#2006 = ORIENTED_EDGE('',*,*,#188,.F.);
#2007 = ORIENTED_EDGE('',*,*,#1992,.T.);
#2008 = ORIENTED_EDGE('',*,*,#1115,.T.);
#2009 = ORIENTED_EDGE('',*,*,#2010,.F.);
#2010 = EDGE_CURVE('',#180,#1116,#2011,.T.);
#2011 = LINE('',#2012,#2013);
#2012 = CARTESIAN_POINT('',(95.331374164018,40.5,-1.131370849899));
#2013 = VECTOR('',#2014,1.);
#2014 = DIRECTION('',(1.,1.1E-16,0.));
#2015 = PLANE('',#2016);
#2016 = AXIS2_PLACEMENT_3D('',#2017,#2018,#2019);
#2017 = CARTESIAN_POINT('',(-1.5,40.5,-4.));
#2018 = DIRECTION('',(0.,-1.,3.3E-16));
#2019 = DIRECTION('',(-5.5E-16,3.3E-16,1.));
#2020 = ADVANCED_FACE('',(#2021),#2037,.F.);
#2021 = FACE_BOUND('',#2022,.F.);
#2022 = EDGE_LOOP('',(#2023,#2024,#2030,#2031));
#2023 = ORIENTED_EDGE('',*,*,#162,.F.);
#2024 = ORIENTED_EDGE('',*,*,#2025,.T.);
#2025 = EDGE_CURVE('',#163,#1133,#2026,.T.);
#2026 = LINE('',#2027,#2028);
#2027 = CARTESIAN_POINT('',(95.331374164018,41.631370849898,2.26E-14));
#2028 = VECTOR('',#2029,1.);
#2029 = DIRECTION('',(1.,1.1E-16,0.));
#2030 = ORIENTED_EDGE('',*,*,#1141,.T.);
#2031 = ORIENTED_EDGE('',*,*,#2032,.F.);
#2032 = EDGE_CURVE('',#155,#1142,#2033,.T.);
#2033 = LINE('',#2034,#2035);
#2034 = CARTESIAN_POINT('',(46.958438873907,44.5,-1.453E-14));
#2035 = VECTOR('',#2036,1.);
#2036 = DIRECTION('',(1.,-1.1E-16,2.2E-16));
#2037 = PLANE('',#2038);
#2038 = AXIS2_PLACEMENT_3D('',#2039,#2040,#2041);
#2039 = CARTESIAN_POINT('',(-1.5,-19.,1.071E-14));
#2040 = DIRECTION('',(-3.3E-16,1.1E-16,1.));
#2041 = DIRECTION('',(-2.2E-16,1.,-1.1E-16));
#2042 = ADVANCED_FACE('',(#2043),#2054,.F.);
#2043 = FACE_BOUND('',#2044,.F.);
#2044 = EDGE_LOOP('',(#2045,#2046,#2052,#2053));
#2045 = ORIENTED_EDGE('',*,*,#1149,.F.);
#2046 = ORIENTED_EDGE('',*,*,#2047,.T.);
#2047 = EDGE_CURVE('',#1150,#146,#2048,.T.);
#2048 = LINE('',#2049,#2050);
#2049 = CARTESIAN_POINT('',(95.416877747815,44.5,2.868629150102));
#2050 = VECTOR('',#2051,1.);
#2051 = DIRECTION('',(-1.,4.4E-16,1.1E-16));
#2052 = ORIENTED_EDGE('',*,*,#154,.T.);
#2053 = ORIENTED_EDGE('',*,*,#2032,.T.);
#2054 = PLANE('',#2055);
#2055 = AXIS2_PLACEMENT_3D('',#2056,#2057,#2058);
#2056 = CARTESIAN_POINT('',(95.416877747815,44.5,2.868629150102));
#2057 = DIRECTION('',(0.,-1.,3.3E-16));
#2058 = DIRECTION('',(5.5E-16,-3.3E-16,-1.));
#2059 = ADVANCED_FACE('',(#2060),#2071,.F.);
#2060 = FACE_BOUND('',#2061,.F.);
#2061 = EDGE_LOOP('',(#2062,#2063,#2069,#2070));
#2062 = ORIENTED_EDGE('',*,*,#1157,.F.);
#2063 = ORIENTED_EDGE('',*,*,#2064,.T.);
#2064 = EDGE_CURVE('',#1158,#138,#2065,.T.);
#2065 = LINE('',#2066,#2067);
#2066 = CARTESIAN_POINT('',(95.416877747815,45.631370849898,4.));
#2067 = VECTOR('',#2068,1.);
#2068 = DIRECTION('',(-1.,4.4E-16,1.1E-16));
#2069 = ORIENTED_EDGE('',*,*,#145,.T.);
#2070 = ORIENTED_EDGE('',*,*,#2047,.F.);
#2071 = CYLINDRICAL_SURFACE('',#2072,0.8);
#2072 = AXIS2_PLACEMENT_3D('',#2073,#2074,#2075);
#2073 = CARTESIAN_POINT('',(95.416877747815,45.065685424949,
    3.434314575051));
#2074 = DIRECTION('',(1.,-2.2E-16,1.1E-16));
#2075 = DIRECTION('',(2.2E-16,1.,-5.5E-16));
#2076 = ADVANCED_FACE('',(#2077),#2088,.T.);
#2077 = FACE_BOUND('',#2078,.T.);
#2078 = EDGE_LOOP('',(#2079,#2080,#2081,#2082));
#2079 = ORIENTED_EDGE('',*,*,#1166,.F.);
#2080 = ORIENTED_EDGE('',*,*,#2064,.T.);
#2081 = ORIENTED_EDGE('',*,*,#137,.T.);
#2082 = ORIENTED_EDGE('',*,*,#2083,.F.);
#2083 = EDGE_CURVE('',#648,#129,#2084,.T.);
#2084 = LINE('',#2085,#2086);
#2085 = CARTESIAN_POINT('',(95.416877747815,55.368629150102,4.));
#2086 = VECTOR('',#2087,1.);
#2087 = DIRECTION('',(-1.,4.4E-16,1.1E-16));
#2088 = PLANE('',#2089);
#2089 = AXIS2_PLACEMENT_3D('',#2090,#2091,#2092);
#2090 = CARTESIAN_POINT('',(95.416877747815,45.631370849898,4.));
#2091 = DIRECTION('',(3.3E-16,-1.6E-16,-1.));
#2092 = DIRECTION('',(-2.2E-16,1.,-1.6E-16));
#2093 = ADVANCED_FACE('',(#2094),#2105,.F.);
#2094 = FACE_BOUND('',#2095,.F.);
#2095 = EDGE_LOOP('',(#2096,#2097,#2103,#2104));
#2096 = ORIENTED_EDGE('',*,*,#645,.F.);
#2097 = ORIENTED_EDGE('',*,*,#2098,.T.);
#2098 = EDGE_CURVE('',#646,#121,#2099,.T.);
#2099 = LINE('',#2100,#2101);
#2100 = CARTESIAN_POINT('',(95.416877747815,56.5,2.868629150101));
#2101 = VECTOR('',#2102,1.);
#2102 = DIRECTION('',(-1.,4.4E-16,1.1E-16));
#2103 = ORIENTED_EDGE('',*,*,#128,.T.);
#2104 = ORIENTED_EDGE('',*,*,#2083,.F.);
#2105 = CYLINDRICAL_SURFACE('',#2106,0.8);
#2106 = AXIS2_PLACEMENT_3D('',#2107,#2108,#2109);
#2107 = CARTESIAN_POINT('',(95.416877747815,55.934314575051,
    3.434314575051));
#2108 = DIRECTION('',(1.,-2.2E-16,1.1E-16));
#2109 = DIRECTION('',(2.2E-16,1.,-5.5E-16));
#2110 = ADVANCED_FACE('',(#2111),#2117,.T.);
#2111 = FACE_BOUND('',#2112,.T.);
#2112 = EDGE_LOOP('',(#2113,#2114,#2115,#2116));
#2113 = ORIENTED_EDGE('',*,*,#656,.F.);
#2114 = ORIENTED_EDGE('',*,*,#2098,.T.);
#2115 = ORIENTED_EDGE('',*,*,#120,.T.);
#2116 = ORIENTED_EDGE('',*,*,#1198,.T.);
#2117 = PLANE('',#2118);
#2118 = AXIS2_PLACEMENT_3D('',#2119,#2120,#2121);
#2119 = CARTESIAN_POINT('',(95.416877747815,56.5,2.868629150101));
#2120 = DIRECTION('',(0.,-1.,1.8E-16));
#2121 = DIRECTION('',(5.5E-16,-1.8E-16,-1.));
#2122 = ADVANCED_FACE('',(#2123),#2133,.F.);
#2123 = FACE_BOUND('',#2124,.F.);
#2124 = EDGE_LOOP('',(#2125,#2126,#2127,#2128,#2129,#2130,#2131,#2132));
#2125 = ORIENTED_EDGE('',*,*,#1969,.F.);
#2126 = ORIENTED_EDGE('',*,*,#212,.T.);
#2127 = ORIENTED_EDGE('',*,*,#221,.T.);
#2128 = ORIENTED_EDGE('',*,*,#230,.T.);
#2129 = ORIENTED_EDGE('',*,*,#96,.T.);
#2130 = ORIENTED_EDGE('',*,*,#1072,.F.);
#2131 = ORIENTED_EDGE('',*,*,#1081,.F.);
#2132 = ORIENTED_EDGE('',*,*,#1090,.F.);
#2133 = CYLINDRICAL_SURFACE('',#2134,0.8);
#2134 = AXIS2_PLACEMENT_3D('',#2135,#2136,#2137);
#2135 = CARTESIAN_POINT('',(95.331374164018,33.934314575051,
    -0.565685424949));
#2136 = DIRECTION('',(1.,1.1E-16,0.));
#2137 = DIRECTION('',(-1.1E-16,1.,-3.3E-16));
#2138 = ADVANCED_FACE('',(#2139),#2147,.F.);
#2139 = FACE_BOUND('',#2140,.F.);
#2140 = EDGE_LOOP('',(#2141,#2142,#2143,#2144,#2145,#2146));
#2141 = ORIENTED_EDGE('',*,*,#2025,.F.);
#2142 = ORIENTED_EDGE('',*,*,#170,.T.);
#2143 = ORIENTED_EDGE('',*,*,#179,.T.);
#2144 = ORIENTED_EDGE('',*,*,#2010,.T.);
#2145 = ORIENTED_EDGE('',*,*,#1123,.F.);
#2146 = ORIENTED_EDGE('',*,*,#1132,.F.);
#2147 = CYLINDRICAL_SURFACE('',#2148,0.8);
#2148 = AXIS2_PLACEMENT_3D('',#2149,#2150,#2151);
#2149 = CARTESIAN_POINT('',(95.331374164018,41.065685424949,
    -0.565685424949));
#2150 = DIRECTION('',(1.,1.1E-16,0.));
#2151 = DIRECTION('',(-1.1E-16,1.,-3.3E-16));
#2152 = ( GEOMETRIC_REPRESENTATION_CONTEXT(3) 
GLOBAL_UNCERTAINTY_ASSIGNED_CONTEXT((#2156)) 
GLOBAL_UNIT_ASSIGNED_CONTEXT((#2153,#2154,#2155)) REPRESENTATION_CONTEXT
('Context #1','3D Context with UNIT and UNCERTAINTY') );
#2153 = ( LENGTH_UNIT() NAMED_UNIT(*) SI_UNIT(.MILLI.,.METRE.) );
#2154 = ( NAMED_UNIT(*) PLANE_ANGLE_UNIT() SI_UNIT($,.RADIAN.) );
#2155 = ( NAMED_UNIT(*) SI_UNIT($,.STERADIAN.) SOLID_ANGLE_UNIT() );
#2156 = UNCERTAINTY_MEASURE_WITH_UNIT(LENGTH_MEASURE(1.E-04),#2153,
  'distance_accuracy_value','confusion accuracy');
#2157 = CONTEXT_DEPENDENT_SHAPE_REPRESENTATION(#2158,#2160);
#2158 = ( REPRESENTATION_RELATIONSHIP('','',#63,#40) 
REPRESENTATION_RELATIONSHIP_WITH_TRANSFORMATION(#2159) 
SHAPE_REPRESENTATION_RELATIONSHIP() );
#2159 = ITEM_DEFINED_TRANSFORMATION('','',#11,#41);
#2160 = PRODUCT_DEFINITION_SHAPE('Placement','Placement of an item',
  #2161);
#2161 = NEXT_ASSEMBLY_USAGE_OCCURRENCE('1','Body','',#35,#58,$);
#2162 = PRODUCT_RELATED_PRODUCT_CATEGORY('part',$,(#60));
#2163 = SHAPE_DEFINITION_REPRESENTATION(#2164,#2170);
#2164 = PRODUCT_DEFINITION_SHAPE('','',#2165);
#2165 = PRODUCT_DEFINITION('design','',#2166,#2169);
#2166 = PRODUCT_DEFINITION_FORMATION('','',#2167);
#2167 = PRODUCT('Grundplatte','Grundplatte','',(#2168));
#2168 = PRODUCT_CONTEXT('',#2,'mechanical');
#2169 = PRODUCT_DEFINITION_CONTEXT('part definition',#2,'design');
#2170 = SHAPE_REPRESENTATION('',(#11,#2171),#2175);
#2171 = AXIS2_PLACEMENT_3D('',#2172,#2173,#2174);
#2172 = CARTESIAN_POINT('',(0.,0.,0.));
#2173 = DIRECTION('',(0.,0.,1.));
#2174 = DIRECTION('',(1.,0.,0.));
#2175 = ( GEOMETRIC_REPRESENTATION_CONTEXT(3) 
GLOBAL_UNCERTAINTY_ASSIGNED_CONTEXT((#2179)) 
GLOBAL_UNIT_ASSIGNED_CONTEXT((#2176,#2177,#2178)) REPRESENTATION_CONTEXT
('Context #1','3D Context with UNIT and UNCERTAINTY') );
#2176 = ( LENGTH_UNIT() NAMED_UNIT(*) SI_UNIT(.MILLI.,.METRE.) );
#2177 = ( NAMED_UNIT(*) PLANE_ANGLE_UNIT() SI_UNIT($,.RADIAN.) );
#2178 = ( NAMED_UNIT(*) SI_UNIT($,.STERADIAN.) SOLID_ANGLE_UNIT() );
#2179 = UNCERTAINTY_MEASURE_WITH_UNIT(LENGTH_MEASURE(1.E-04),#2176,
  'distance_accuracy_value','confusion accuracy');
#2180 = CONTEXT_DEPENDENT_SHAPE_REPRESENTATION(#2181,#2183);
#2181 = ( REPRESENTATION_RELATIONSHIP('','',#2170,#10) 
REPRESENTATION_RELATIONSHIP_WITH_TRANSFORMATION(#2182) 
SHAPE_REPRESENTATION_RELATIONSHIP() );
#2182 = ITEM_DEFINED_TRANSFORMATION('','',#11,#19);
#2183 = PRODUCT_DEFINITION_SHAPE('Placement','Placement of an item',
  #2184);
#2184 = NEXT_ASSEMBLY_USAGE_OCCURRENCE('4','Grundplatte003','',#5,#2165,
  $);
#2185 = PRODUCT_RELATED_PRODUCT_CATEGORY('part',$,(#2167));
#2186 = SHAPE_DEFINITION_REPRESENTATION(#2187,#2193);
#2187 = PRODUCT_DEFINITION_SHAPE('','',#2188);
#2188 = PRODUCT_DEFINITION('design','',#2189,#2192);
#2189 = PRODUCT_DEFINITION_FORMATION('','',#2190);
#2190 = PRODUCT('Body005','Body005','',(#2191));
#2191 = PRODUCT_CONTEXT('',#2,'mechanical');
#2192 = PRODUCT_DEFINITION_CONTEXT('part definition',#2,'design');
#2193 = ADVANCED_BREP_SHAPE_REPRESENTATION('',(#11,#2194),#7936);
#2194 = MANIFOLD_SOLID_BREP('',#2195);
#2195 = CLOSED_SHELL('',(#2196,#2236,#2267,#2298,#3779,#5196,#5208,#5230
    ,#5247,#5264,#5281,#5298,#5315,#5332,#5344,#5366,#5383,#5400,#5417,
    #5434,#5451,#5468,#5480,#5502,#5519,#5536,#5553,#5570,#5587,#5605,
    #5617,#5639,#5656,#5673,#5690,#5707,#5724,#5741,#5753,#5775,#5792,
    #5809,#5826,#5843,#5860,#5878,#5890,#5912,#5929,#5946,#5963,#5980,
    #5997,#6014,#6026,#6048,#6065,#6082,#6099,#6116,#6133,#6150,#6162,
    #6184,#6201,#6218,#6235,#6252,#6269,#6287,#6299,#6321,#6338,#6355,
    #6372,#6389,#6406,#6423,#6435,#6457,#6474,#6491,#6508,#6525,#6542,
    #6560,#6572,#6594,#6611,#6628,#6645,#6662,#6679,#6697,#6709,#6731,
    #6748,#6765,#6782,#6799,#6816,#6833,#6845,#6867,#6884,#6901,#6918,
    #6935,#6952,#6970,#6982,#7004,#7021,#7038,#7055,#7072,#7089,#7106,
    #7118,#7140,#7157,#7174,#7191,#7208,#7225,#7242,#7254,#7276,#7293,
    #7310,#7327,#7344,#7361,#7378,#7390,#7412,#7429,#7446,#7463,#7480,
    #7497,#7515,#7527,#7549,#7566,#7583,#7600,#7617,#7634,#7651,#7663,
    #7685,#7702,#7719,#7736,#7753,#7770,#7788,#7800,#7822,#7839,#7856,
    #7873,#7890,#7907,#7924));
#2196 = ADVANCED_FACE('',(#2197),#2231,.T.);
#2197 = FACE_BOUND('',#2198,.T.);
#2198 = EDGE_LOOP('',(#2199,#2209,#2217,#2225));
#2199 = ORIENTED_EDGE('',*,*,#2200,.T.);
#2200 = EDGE_CURVE('',#2201,#2203,#2205,.T.);
#2201 = VERTEX_POINT('',#2202);
#2202 = CARTESIAN_POINT('',(-27.,-39.5,0.));
#2203 = VERTEX_POINT('',#2204);
#2204 = CARTESIAN_POINT('',(-27.,-39.5,-4.));
#2205 = LINE('',#2206,#2207);
#2206 = CARTESIAN_POINT('',(-27.,-39.5,0.));
#2207 = VECTOR('',#2208,1.);
#2208 = DIRECTION('',(-0.,-0.,-1.));
#2209 = ORIENTED_EDGE('',*,*,#2210,.T.);
#2210 = EDGE_CURVE('',#2203,#2211,#2213,.T.);
#2211 = VERTEX_POINT('',#2212);
#2212 = CARTESIAN_POINT('',(120.,-39.5,-4.));
#2213 = LINE('',#2214,#2215);
#2214 = CARTESIAN_POINT('',(-27.,-39.5,-4.));
#2215 = VECTOR('',#2216,1.);
#2216 = DIRECTION('',(1.,0.,0.));
#2217 = ORIENTED_EDGE('',*,*,#2218,.F.);
#2218 = EDGE_CURVE('',#2219,#2211,#2221,.T.);
#2219 = VERTEX_POINT('',#2220);
#2220 = CARTESIAN_POINT('',(120.,-39.5,0.));
#2221 = LINE('',#2222,#2223);
#2222 = CARTESIAN_POINT('',(120.,-39.5,0.));
#2223 = VECTOR('',#2224,1.);
#2224 = DIRECTION('',(-0.,-0.,-1.));
#2225 = ORIENTED_EDGE('',*,*,#2226,.F.);
#2226 = EDGE_CURVE('',#2201,#2219,#2227,.T.);
#2227 = LINE('',#2228,#2229);
#2228 = CARTESIAN_POINT('',(-27.,-39.5,0.));
#2229 = VECTOR('',#2230,1.);
#2230 = DIRECTION('',(1.,0.,0.));
#2231 = PLANE('',#2232);
#2232 = AXIS2_PLACEMENT_3D('',#2233,#2234,#2235);
#2233 = CARTESIAN_POINT('',(-27.,-39.5,0.));
#2234 = DIRECTION('',(0.,-1.,0.));
#2235 = DIRECTION('',(1.,0.,0.));
#2236 = ADVANCED_FACE('',(#2237),#2262,.T.);
#2237 = FACE_BOUND('',#2238,.T.);
#2238 = EDGE_LOOP('',(#2239,#2249,#2255,#2256));
#2239 = ORIENTED_EDGE('',*,*,#2240,.T.);
#2240 = EDGE_CURVE('',#2241,#2243,#2245,.T.);
#2241 = VERTEX_POINT('',#2242);
#2242 = CARTESIAN_POINT('',(-27.,89.5,0.));
#2243 = VERTEX_POINT('',#2244);
#2244 = CARTESIAN_POINT('',(-27.,89.5,-4.));
#2245 = LINE('',#2246,#2247);
#2246 = CARTESIAN_POINT('',(-27.,89.5,0.));
#2247 = VECTOR('',#2248,1.);
#2248 = DIRECTION('',(-0.,-0.,-1.));
#2249 = ORIENTED_EDGE('',*,*,#2250,.T.);
#2250 = EDGE_CURVE('',#2243,#2203,#2251,.T.);
#2251 = LINE('',#2252,#2253);
#2252 = CARTESIAN_POINT('',(-27.,89.5,-4.));
#2253 = VECTOR('',#2254,1.);
#2254 = DIRECTION('',(0.,-1.,0.));
#2255 = ORIENTED_EDGE('',*,*,#2200,.F.);
#2256 = ORIENTED_EDGE('',*,*,#2257,.F.);
#2257 = EDGE_CURVE('',#2241,#2201,#2258,.T.);
#2258 = LINE('',#2259,#2260);
#2259 = CARTESIAN_POINT('',(-27.,89.5,0.));
#2260 = VECTOR('',#2261,1.);
#2261 = DIRECTION('',(0.,-1.,0.));
#2262 = PLANE('',#2263);
#2263 = AXIS2_PLACEMENT_3D('',#2264,#2265,#2266);
#2264 = CARTESIAN_POINT('',(-27.,89.5,0.));
#2265 = DIRECTION('',(-1.,0.,0.));
#2266 = DIRECTION('',(0.,-1.,0.));
#2267 = ADVANCED_FACE('',(#2268),#2293,.T.);
#2268 = FACE_BOUND('',#2269,.T.);
#2269 = EDGE_LOOP('',(#2270,#2271,#2279,#2287));
#2270 = ORIENTED_EDGE('',*,*,#2218,.T.);
#2271 = ORIENTED_EDGE('',*,*,#2272,.T.);
#2272 = EDGE_CURVE('',#2211,#2273,#2275,.T.);
#2273 = VERTEX_POINT('',#2274);
#2274 = CARTESIAN_POINT('',(120.,89.5,-4.));
#2275 = LINE('',#2276,#2277);
#2276 = CARTESIAN_POINT('',(120.,-39.5,-4.));
#2277 = VECTOR('',#2278,1.);
#2278 = DIRECTION('',(0.,1.,0.));
#2279 = ORIENTED_EDGE('',*,*,#2280,.F.);
#2280 = EDGE_CURVE('',#2281,#2273,#2283,.T.);
#2281 = VERTEX_POINT('',#2282);
#2282 = CARTESIAN_POINT('',(120.,89.5,0.));
#2283 = LINE('',#2284,#2285);
#2284 = CARTESIAN_POINT('',(120.,89.5,0.));
#2285 = VECTOR('',#2286,1.);
#2286 = DIRECTION('',(-0.,-0.,-1.));
#2287 = ORIENTED_EDGE('',*,*,#2288,.F.);
#2288 = EDGE_CURVE('',#2219,#2281,#2289,.T.);
#2289 = LINE('',#2290,#2291);
#2290 = CARTESIAN_POINT('',(120.,-39.5,0.));
#2291 = VECTOR('',#2292,1.);
#2292 = DIRECTION('',(0.,1.,0.));
#2293 = PLANE('',#2294);
#2294 = AXIS2_PLACEMENT_3D('',#2295,#2296,#2297);
#2295 = CARTESIAN_POINT('',(120.,-39.5,0.));
#2296 = DIRECTION('',(1.,0.,0.));
#2297 = DIRECTION('',(0.,1.,0.));
#2298 = ADVANCED_FACE('',(#2299,#2310,#2380,#2450,#2528,#2598,#2676,
    #2746,#2816,#2894,#2964,#3042,#3120,#3190,#3268,#3338,#3408,#3478,
    #3556,#3626,#3704),#3774,.T.);
#2299 = FACE_BOUND('',#2300,.T.);
#2300 = EDGE_LOOP('',(#2301,#2302,#2303,#2309));
#2301 = ORIENTED_EDGE('',*,*,#2226,.T.);
#2302 = ORIENTED_EDGE('',*,*,#2288,.T.);
#2303 = ORIENTED_EDGE('',*,*,#2304,.T.);
#2304 = EDGE_CURVE('',#2281,#2241,#2305,.T.);
#2305 = LINE('',#2306,#2307);
#2306 = CARTESIAN_POINT('',(120.,89.5,0.));
#2307 = VECTOR('',#2308,1.);
#2308 = DIRECTION('',(-1.,0.,0.));
#2309 = ORIENTED_EDGE('',*,*,#2257,.T.);
#2310 = FACE_BOUND('',#2311,.T.);
#2311 = EDGE_LOOP('',(#2312,#2323,#2331,#2340,#2348,#2357,#2365,#2374));
#2312 = ORIENTED_EDGE('',*,*,#2313,.F.);
#2313 = EDGE_CURVE('',#2314,#2316,#2318,.T.);
#2314 = VERTEX_POINT('',#2315);
#2315 = CARTESIAN_POINT('',(17.568629150102,-14.2,0.));
#2316 = VERTEX_POINT('',#2317);
#2317 = CARTESIAN_POINT('',(18.7,-13.0686291501,0.));
#2318 = CIRCLE('',#2319,0.8);
#2319 = AXIS2_PLACEMENT_3D('',#2320,#2321,#2322);
#2320 = CARTESIAN_POINT('',(18.134314575051,-13.63431457505,0.));
#2321 = DIRECTION('',(0.,0.,1.));
#2322 = DIRECTION('',(1.,0.,0.));
#2323 = ORIENTED_EDGE('',*,*,#2324,.T.);
#2324 = EDGE_CURVE('',#2314,#2325,#2327,.T.);
#2325 = VERTEX_POINT('',#2326);
#2326 = CARTESIAN_POINT('',(8.431370849899,-14.2,0.));
#2327 = LINE('',#2328,#2329);
#2328 = CARTESIAN_POINT('',(13.431370849898,-14.2,0.));
#2329 = VECTOR('',#2330,1.);
#2330 = DIRECTION('',(-1.,0.,0.));
#2331 = ORIENTED_EDGE('',*,*,#2332,.F.);
#2332 = EDGE_CURVE('',#2333,#2325,#2335,.T.);
#2333 = VERTEX_POINT('',#2334);
#2334 = CARTESIAN_POINT('',(7.3,-13.0686291501,0.));
#2335 = CIRCLE('',#2336,0.8);
#2336 = AXIS2_PLACEMENT_3D('',#2337,#2338,#2339);
#2337 = CARTESIAN_POINT('',(7.865685424949,-13.63431457505,0.));
#2338 = DIRECTION('',(0.,0.,1.));
#2339 = DIRECTION('',(1.,0.,0.));
#2340 = ORIENTED_EDGE('',*,*,#2341,.F.);
#2341 = EDGE_CURVE('',#2342,#2333,#2344,.T.);
#2342 = VERTEX_POINT('',#2343);
#2343 = CARTESIAN_POINT('',(7.3,-11.93137084989,0.));
#2344 = LINE('',#2345,#2346);
#2345 = CARTESIAN_POINT('',(7.3,-11.93137084989,0.));
#2346 = VECTOR('',#2347,1.);
#2347 = DIRECTION('',(0.,-1.,0.));
#2348 = ORIENTED_EDGE('',*,*,#2349,.F.);
#2349 = EDGE_CURVE('',#2350,#2342,#2352,.T.);
#2350 = VERTEX_POINT('',#2351);
#2351 = CARTESIAN_POINT('',(8.431370849899,-10.8,0.));
#2352 = CIRCLE('',#2353,0.8);
#2353 = AXIS2_PLACEMENT_3D('',#2354,#2355,#2356);
#2354 = CARTESIAN_POINT('',(7.865685424949,-11.36568542494,0.));
#2355 = DIRECTION('',(0.,0.,1.));
#2356 = DIRECTION('',(1.,0.,0.));
#2357 = ORIENTED_EDGE('',*,*,#2358,.T.);
#2358 = EDGE_CURVE('',#2350,#2359,#2361,.T.);
#2359 = VERTEX_POINT('',#2360);
#2360 = CARTESIAN_POINT('',(17.568629150102,-10.8,0.));
#2361 = LINE('',#2362,#2363);
#2362 = CARTESIAN_POINT('',(13.431370849898,-10.8,0.));
#2363 = VECTOR('',#2364,1.);
#2364 = DIRECTION('',(1.,-4.3E-16,0.));
#2365 = ORIENTED_EDGE('',*,*,#2366,.F.);
#2366 = EDGE_CURVE('',#2367,#2359,#2369,.T.);
#2367 = VERTEX_POINT('',#2368);
#2368 = CARTESIAN_POINT('',(18.7,-11.93137084989,0.));
#2369 = CIRCLE('',#2370,0.8);
#2370 = AXIS2_PLACEMENT_3D('',#2371,#2372,#2373);
#2371 = CARTESIAN_POINT('',(18.134314575051,-11.36568542494,0.));
#2372 = DIRECTION('',(0.,0.,1.));
#2373 = DIRECTION('',(1.,0.,0.));
#2374 = ORIENTED_EDGE('',*,*,#2375,.T.);
#2375 = EDGE_CURVE('',#2367,#2316,#2376,.T.);
#2376 = LINE('',#2377,#2378);
#2377 = CARTESIAN_POINT('',(18.7,-11.93137084989,0.));
#2378 = VECTOR('',#2379,1.);
#2379 = DIRECTION('',(3.12E-15,-1.,0.));
#2380 = FACE_BOUND('',#2381,.T.);
#2381 = EDGE_LOOP('',(#2382,#2393,#2401,#2410,#2418,#2427,#2435,#2444));
#2382 = ORIENTED_EDGE('',*,*,#2383,.F.);
#2383 = EDGE_CURVE('',#2384,#2386,#2388,.T.);
#2384 = VERTEX_POINT('',#2385);
#2385 = CARTESIAN_POINT('',(48.568629150102,-14.2,0.));
#2386 = VERTEX_POINT('',#2387);
#2387 = CARTESIAN_POINT('',(49.7,-13.0686291501,0.));
#2388 = CIRCLE('',#2389,0.8);
#2389 = AXIS2_PLACEMENT_3D('',#2390,#2391,#2392);
#2390 = CARTESIAN_POINT('',(49.134314575051,-13.63431457505,0.));
#2391 = DIRECTION('',(0.,0.,1.));
#2392 = DIRECTION('',(1.,0.,0.));
#2393 = ORIENTED_EDGE('',*,*,#2394,.T.);
#2394 = EDGE_CURVE('',#2384,#2395,#2397,.T.);
#2395 = VERTEX_POINT('',#2396);
#2396 = CARTESIAN_POINT('',(39.431370849899,-14.2,0.));
#2397 = LINE('',#2398,#2399);
#2398 = CARTESIAN_POINT('',(44.431370849898,-14.2,0.));
#2399 = VECTOR('',#2400,1.);
#2400 = DIRECTION('',(-1.,0.,0.));
#2401 = ORIENTED_EDGE('',*,*,#2402,.F.);
#2402 = EDGE_CURVE('',#2403,#2395,#2405,.T.);
#2403 = VERTEX_POINT('',#2404);
#2404 = CARTESIAN_POINT('',(38.3,-13.0686291501,0.));
#2405 = CIRCLE('',#2406,0.8);
#2406 = AXIS2_PLACEMENT_3D('',#2407,#2408,#2409);
#2407 = CARTESIAN_POINT('',(38.865685424949,-13.63431457505,0.));
#2408 = DIRECTION('',(0.,0.,1.));
#2409 = DIRECTION('',(1.,0.,0.));
#2410 = ORIENTED_EDGE('',*,*,#2411,.F.);
#2411 = EDGE_CURVE('',#2412,#2403,#2414,.T.);
#2412 = VERTEX_POINT('',#2413);
#2413 = CARTESIAN_POINT('',(38.3,-11.93137084989,0.));
#2414 = LINE('',#2415,#2416);
#2415 = CARTESIAN_POINT('',(38.3,-11.93137084989,0.));
#2416 = VECTOR('',#2417,1.);
#2417 = DIRECTION('',(0.,-1.,0.));
#2418 = ORIENTED_EDGE('',*,*,#2419,.F.);
#2419 = EDGE_CURVE('',#2420,#2412,#2422,.T.);
#2420 = VERTEX_POINT('',#2421);
#2421 = CARTESIAN_POINT('',(39.431370849899,-10.8,0.));
#2422 = CIRCLE('',#2423,0.8);
#2423 = AXIS2_PLACEMENT_3D('',#2424,#2425,#2426);
#2424 = CARTESIAN_POINT('',(38.865685424949,-11.36568542494,0.));
#2425 = DIRECTION('',(0.,0.,1.));
#2426 = DIRECTION('',(1.,0.,0.));
#2427 = ORIENTED_EDGE('',*,*,#2428,.T.);
#2428 = EDGE_CURVE('',#2420,#2429,#2431,.T.);
#2429 = VERTEX_POINT('',#2430);
#2430 = CARTESIAN_POINT('',(48.568629150102,-10.8,0.));
#2431 = LINE('',#2432,#2433);
#2432 = CARTESIAN_POINT('',(44.431370849898,-10.8,0.));
#2433 = VECTOR('',#2434,1.);
#2434 = DIRECTION('',(1.,-4.3E-16,0.));
#2435 = ORIENTED_EDGE('',*,*,#2436,.F.);
#2436 = EDGE_CURVE('',#2437,#2429,#2439,.T.);
#2437 = VERTEX_POINT('',#2438);
#2438 = CARTESIAN_POINT('',(49.7,-11.93137084989,0.));
#2439 = CIRCLE('',#2440,0.8);
#2440 = AXIS2_PLACEMENT_3D('',#2441,#2442,#2443);
#2441 = CARTESIAN_POINT('',(49.134314575051,-11.36568542494,0.));
#2442 = DIRECTION('',(0.,0.,1.));
#2443 = DIRECTION('',(1.,0.,0.));
#2444 = ORIENTED_EDGE('',*,*,#2445,.T.);
#2445 = EDGE_CURVE('',#2437,#2386,#2446,.T.);
#2446 = LINE('',#2447,#2448);
#2447 = CARTESIAN_POINT('',(49.7,-11.93137084989,0.));
#2448 = VECTOR('',#2449,1.);
#2449 = DIRECTION('',(3.12E-15,-1.,0.));
#2450 = FACE_BOUND('',#2451,.T.);
#2451 = EDGE_LOOP('',(#2452,#2463,#2471,#2480,#2488,#2497,#2505,#2513,
    #2522));
#2452 = ORIENTED_EDGE('',*,*,#2453,.F.);
#2453 = EDGE_CURVE('',#2454,#2456,#2458,.T.);
#2454 = VERTEX_POINT('',#2455);
#2455 = CARTESIAN_POINT('',(0.568629150102,9.3,0.));
#2456 = VERTEX_POINT('',#2457);
#2457 = CARTESIAN_POINT('',(1.7,10.431370849899,0.));
#2458 = CIRCLE('',#2459,0.8);
#2459 = AXIS2_PLACEMENT_3D('',#2460,#2461,#2462);
#2460 = CARTESIAN_POINT('',(1.134314575051,9.865685424949,0.));
#2461 = DIRECTION('',(0.,0.,1.));
#2462 = DIRECTION('',(1.,0.,0.));
#2463 = ORIENTED_EDGE('',*,*,#2464,.T.);
#2464 = EDGE_CURVE('',#2454,#2465,#2467,.T.);
#2465 = VERTEX_POINT('',#2466);
#2466 = CARTESIAN_POINT('',(-5.568629150101,9.300000000001,0.));
#2467 = LINE('',#2468,#2469);
#2468 = CARTESIAN_POINT('',(-0.568629150101,9.300000000001,0.));
#2469 = VECTOR('',#2470,1.);
#2470 = DIRECTION('',(-1.,0.,0.));
#2471 = ORIENTED_EDGE('',*,*,#2472,.F.);
#2472 = EDGE_CURVE('',#2473,#2465,#2475,.T.);
#2473 = VERTEX_POINT('',#2474);
#2474 = CARTESIAN_POINT('',(-6.7,10.431370849899,0.));
#2475 = CIRCLE('',#2476,0.8);
#2476 = AXIS2_PLACEMENT_3D('',#2477,#2478,#2479);
#2477 = CARTESIAN_POINT('',(-6.134314575051,9.865685424949,0.));
#2478 = DIRECTION('',(0.,0.,1.));
#2479 = DIRECTION('',(1.,0.,0.));
#2480 = ORIENTED_EDGE('',*,*,#2481,.F.);
#2481 = EDGE_CURVE('',#2482,#2473,#2484,.T.);
#2482 = VERTEX_POINT('',#2483);
#2483 = CARTESIAN_POINT('',(-6.7,14.568629150101,0.));
#2484 = LINE('',#2485,#2486);
#2485 = CARTESIAN_POINT('',(-6.7,14.568629150101,0.));
#2486 = VECTOR('',#2487,1.);
#2487 = DIRECTION('',(0.,-1.,0.));
#2488 = ORIENTED_EDGE('',*,*,#2489,.F.);
#2489 = EDGE_CURVE('',#2490,#2482,#2492,.T.);
#2490 = VERTEX_POINT('',#2491);
#2491 = CARTESIAN_POINT('',(-5.568629150101,15.699999999999,0.));
#2492 = CIRCLE('',#2493,0.8);
#2493 = AXIS2_PLACEMENT_3D('',#2494,#2495,#2496);
#2494 = CARTESIAN_POINT('',(-6.134314575051,15.134314575051,0.));
#2495 = DIRECTION('',(0.,0.,1.));
#2496 = DIRECTION('',(1.,0.,0.));
#2497 = ORIENTED_EDGE('',*,*,#2498,.F.);
#2498 = EDGE_CURVE('',#2499,#2490,#2501,.T.);
#2499 = VERTEX_POINT('',#2500);
#2500 = CARTESIAN_POINT('',(-0.5686291501,15.699999999998,0.));
#2501 = LINE('',#2502,#2503);
#2502 = CARTESIAN_POINT('',(-0.5686291501,15.699999999998,0.));
#2503 = VECTOR('',#2504,1.);
#2504 = DIRECTION('',(-1.,0.,0.));
#2505 = ORIENTED_EDGE('',*,*,#2506,.T.);
#2506 = EDGE_CURVE('',#2499,#2507,#2509,.T.);
#2507 = VERTEX_POINT('',#2508);
#2508 = CARTESIAN_POINT('',(0.568629150102,15.7,0.));
#2509 = LINE('',#2510,#2511);
#2510 = CARTESIAN_POINT('',(-0.5686291501,15.699999999998,0.));
#2511 = VECTOR('',#2512,1.);
#2512 = DIRECTION('',(1.,1.51511E-12,0.));
#2513 = ORIENTED_EDGE('',*,*,#2514,.F.);
#2514 = EDGE_CURVE('',#2515,#2507,#2517,.T.);
#2515 = VERTEX_POINT('',#2516);
#2516 = CARTESIAN_POINT('',(1.7,14.568629150101,0.));
#2517 = CIRCLE('',#2518,0.8);
#2518 = AXIS2_PLACEMENT_3D('',#2519,#2520,#2521);
#2519 = CARTESIAN_POINT('',(1.134314575051,15.134314575051,0.));
#2520 = DIRECTION('',(0.,0.,1.));
#2521 = DIRECTION('',(1.,0.,0.));
#2522 = ORIENTED_EDGE('',*,*,#2523,.F.);
#2523 = EDGE_CURVE('',#2456,#2515,#2524,.T.);
#2524 = LINE('',#2525,#2526);
#2525 = CARTESIAN_POINT('',(1.7,10.431370849899,0.));
#2526 = VECTOR('',#2527,1.);
#2527 = DIRECTION('',(0.,1.,0.));
#2528 = FACE_BOUND('',#2529,.T.);
#2529 = EDGE_LOOP('',(#2530,#2541,#2549,#2558,#2566,#2575,#2583,#2592));
#2530 = ORIENTED_EDGE('',*,*,#2531,.F.);
#2531 = EDGE_CURVE('',#2532,#2534,#2536,.T.);
#2532 = VERTEX_POINT('',#2533);
#2533 = CARTESIAN_POINT('',(17.568629150102,10.8,0.));
#2534 = VERTEX_POINT('',#2535);
#2535 = CARTESIAN_POINT('',(18.7,11.931370849898,0.));
#2536 = CIRCLE('',#2537,0.8);
#2537 = AXIS2_PLACEMENT_3D('',#2538,#2539,#2540);
#2538 = CARTESIAN_POINT('',(18.134314575051,11.365685424949,0.));
#2539 = DIRECTION('',(0.,0.,1.));
#2540 = DIRECTION('',(1.,0.,0.));
#2541 = ORIENTED_EDGE('',*,*,#2542,.T.);
#2542 = EDGE_CURVE('',#2532,#2543,#2545,.T.);
#2543 = VERTEX_POINT('',#2544);
#2544 = CARTESIAN_POINT('',(8.431370849899,10.8,0.));
#2545 = LINE('',#2546,#2547);
#2546 = CARTESIAN_POINT('',(13.431370849898,10.8,0.));
#2547 = VECTOR('',#2548,1.);
#2548 = DIRECTION('',(-1.,0.,0.));
#2549 = ORIENTED_EDGE('',*,*,#2550,.F.);
#2550 = EDGE_CURVE('',#2551,#2543,#2553,.T.);
#2551 = VERTEX_POINT('',#2552);
#2552 = CARTESIAN_POINT('',(7.3,11.931370849899,0.));
#2553 = CIRCLE('',#2554,0.8);
#2554 = AXIS2_PLACEMENT_3D('',#2555,#2556,#2557);
#2555 = CARTESIAN_POINT('',(7.865685424949,11.365685424949,0.));
#2556 = DIRECTION('',(0.,0.,1.));
#2557 = DIRECTION('',(1.,0.,0.));
#2558 = ORIENTED_EDGE('',*,*,#2559,.F.);
#2559 = EDGE_CURVE('',#2560,#2551,#2562,.T.);
#2560 = VERTEX_POINT('',#2561);
#2561 = CARTESIAN_POINT('',(7.3,13.068629150101,0.));
#2562 = LINE('',#2563,#2564);
#2563 = CARTESIAN_POINT('',(7.3,13.068629150101,0.));
#2564 = VECTOR('',#2565,1.);
#2565 = DIRECTION('',(0.,-1.,0.));
#2566 = ORIENTED_EDGE('',*,*,#2567,.F.);
#2567 = EDGE_CURVE('',#2568,#2560,#2570,.T.);
#2568 = VERTEX_POINT('',#2569);
#2569 = CARTESIAN_POINT('',(8.431370849899,14.2,0.));
#2570 = CIRCLE('',#2571,0.8);
#2571 = AXIS2_PLACEMENT_3D('',#2572,#2573,#2574);
#2572 = CARTESIAN_POINT('',(7.865685424949,13.634314575051,0.));
#2573 = DIRECTION('',(0.,0.,1.));
#2574 = DIRECTION('',(1.,0.,0.));
#2575 = ORIENTED_EDGE('',*,*,#2576,.T.);
#2576 = EDGE_CURVE('',#2568,#2577,#2579,.T.);
#2577 = VERTEX_POINT('',#2578);
#2578 = CARTESIAN_POINT('',(17.568629150102,14.2,0.));
#2579 = LINE('',#2580,#2581);
#2580 = CARTESIAN_POINT('',(13.431370849898,14.2,0.));
#2581 = VECTOR('',#2582,1.);
#2582 = DIRECTION('',(1.,-4.3E-16,0.));
#2583 = ORIENTED_EDGE('',*,*,#2584,.F.);
#2584 = EDGE_CURVE('',#2585,#2577,#2587,.T.);
#2585 = VERTEX_POINT('',#2586);
#2586 = CARTESIAN_POINT('',(18.7,13.068629150102,0.));
#2587 = CIRCLE('',#2588,0.8);
#2588 = AXIS2_PLACEMENT_3D('',#2589,#2590,#2591);
#2589 = CARTESIAN_POINT('',(18.134314575051,13.634314575051,0.));
#2590 = DIRECTION('',(0.,0.,1.));
#2591 = DIRECTION('',(1.,0.,0.));
#2592 = ORIENTED_EDGE('',*,*,#2593,.T.);
#2593 = EDGE_CURVE('',#2585,#2534,#2594,.T.);
#2594 = LINE('',#2595,#2596);
#2595 = CARTESIAN_POINT('',(18.7,13.068629150102,0.));
#2596 = VECTOR('',#2597,1.);
#2597 = DIRECTION('',(3.12E-15,-1.,0.));
#2598 = FACE_BOUND('',#2599,.T.);
#2599 = EDGE_LOOP('',(#2600,#2611,#2619,#2628,#2636,#2645,#2653,#2661,
    #2670));
#2600 = ORIENTED_EDGE('',*,*,#2601,.F.);
#2601 = EDGE_CURVE('',#2602,#2604,#2606,.T.);
#2602 = VERTEX_POINT('',#2603);
#2603 = CARTESIAN_POINT('',(31.568629150102,9.3,0.));
#2604 = VERTEX_POINT('',#2605);
#2605 = CARTESIAN_POINT('',(32.7,10.431370849899,0.));
#2606 = CIRCLE('',#2607,0.8);
#2607 = AXIS2_PLACEMENT_3D('',#2608,#2609,#2610);
#2608 = CARTESIAN_POINT('',(32.134314575051,9.865685424949,0.));
#2609 = DIRECTION('',(0.,0.,1.));
#2610 = DIRECTION('',(1.,0.,0.));
#2611 = ORIENTED_EDGE('',*,*,#2612,.T.);
#2612 = EDGE_CURVE('',#2602,#2613,#2615,.T.);
#2613 = VERTEX_POINT('',#2614);
#2614 = CARTESIAN_POINT('',(25.431370849899,9.300000000001,0.));
#2615 = LINE('',#2616,#2617);
#2616 = CARTESIAN_POINT('',(30.431370849899,9.300000000001,0.));
#2617 = VECTOR('',#2618,1.);
#2618 = DIRECTION('',(-1.,0.,0.));
#2619 = ORIENTED_EDGE('',*,*,#2620,.F.);
#2620 = EDGE_CURVE('',#2621,#2613,#2623,.T.);
#2621 = VERTEX_POINT('',#2622);
#2622 = CARTESIAN_POINT('',(24.3,10.431370849899,0.));
#2623 = CIRCLE('',#2624,0.8);
#2624 = AXIS2_PLACEMENT_3D('',#2625,#2626,#2627);
#2625 = CARTESIAN_POINT('',(24.865685424949,9.865685424949,0.));
#2626 = DIRECTION('',(0.,0.,1.));
#2627 = DIRECTION('',(1.,0.,0.));
#2628 = ORIENTED_EDGE('',*,*,#2629,.F.);
#2629 = EDGE_CURVE('',#2630,#2621,#2632,.T.);
#2630 = VERTEX_POINT('',#2631);
#2631 = CARTESIAN_POINT('',(24.3,14.568629150101,0.));
#2632 = LINE('',#2633,#2634);
#2633 = CARTESIAN_POINT('',(24.3,14.568629150101,0.));
#2634 = VECTOR('',#2635,1.);
#2635 = DIRECTION('',(0.,-1.,0.));
#2636 = ORIENTED_EDGE('',*,*,#2637,.F.);
#2637 = EDGE_CURVE('',#2638,#2630,#2640,.T.);
#2638 = VERTEX_POINT('',#2639);
#2639 = CARTESIAN_POINT('',(25.431370849899,15.699999999999,0.));
#2640 = CIRCLE('',#2641,0.8);
#2641 = AXIS2_PLACEMENT_3D('',#2642,#2643,#2644);
#2642 = CARTESIAN_POINT('',(24.865685424949,15.134314575051,0.));
#2643 = DIRECTION('',(0.,0.,1.));
#2644 = DIRECTION('',(1.,0.,0.));
#2645 = ORIENTED_EDGE('',*,*,#2646,.F.);
#2646 = EDGE_CURVE('',#2647,#2638,#2649,.T.);
#2647 = VERTEX_POINT('',#2648);
#2648 = CARTESIAN_POINT('',(30.4313708499,15.699999999998,0.));
#2649 = LINE('',#2650,#2651);
#2650 = CARTESIAN_POINT('',(30.4313708499,15.699999999998,0.));
#2651 = VECTOR('',#2652,1.);
#2652 = DIRECTION('',(-1.,0.,0.));
#2653 = ORIENTED_EDGE('',*,*,#2654,.T.);
#2654 = EDGE_CURVE('',#2647,#2655,#2657,.T.);
#2655 = VERTEX_POINT('',#2656);
#2656 = CARTESIAN_POINT('',(31.568629150102,15.7,0.));
#2657 = LINE('',#2658,#2659);
#2658 = CARTESIAN_POINT('',(30.4313708499,15.699999999998,0.));
#2659 = VECTOR('',#2660,1.);
#2660 = DIRECTION('',(1.,1.51511E-12,0.));
#2661 = ORIENTED_EDGE('',*,*,#2662,.F.);
#2662 = EDGE_CURVE('',#2663,#2655,#2665,.T.);
#2663 = VERTEX_POINT('',#2664);
#2664 = CARTESIAN_POINT('',(32.7,14.568629150101,0.));
#2665 = CIRCLE('',#2666,0.8);
#2666 = AXIS2_PLACEMENT_3D('',#2667,#2668,#2669);
#2667 = CARTESIAN_POINT('',(32.134314575051,15.134314575051,0.));
#2668 = DIRECTION('',(0.,0.,1.));
#2669 = DIRECTION('',(1.,0.,0.));
#2670 = ORIENTED_EDGE('',*,*,#2671,.F.);
#2671 = EDGE_CURVE('',#2604,#2663,#2672,.T.);
#2672 = LINE('',#2673,#2674);
#2673 = CARTESIAN_POINT('',(32.7,10.431370849899,0.));
#2674 = VECTOR('',#2675,1.);
#2675 = DIRECTION('',(0.,1.,0.));
#2676 = FACE_BOUND('',#2677,.T.);
#2677 = EDGE_LOOP('',(#2678,#2689,#2697,#2706,#2714,#2723,#2731,#2740));
#2678 = ORIENTED_EDGE('',*,*,#2679,.F.);
#2679 = EDGE_CURVE('',#2680,#2682,#2684,.T.);
#2680 = VERTEX_POINT('',#2681);
#2681 = CARTESIAN_POINT('',(48.568629150102,10.8,0.));
#2682 = VERTEX_POINT('',#2683);
#2683 = CARTESIAN_POINT('',(49.7,11.931370849898,0.));
#2684 = CIRCLE('',#2685,0.8);
#2685 = AXIS2_PLACEMENT_3D('',#2686,#2687,#2688);
#2686 = CARTESIAN_POINT('',(49.134314575051,11.365685424949,0.));
#2687 = DIRECTION('',(0.,0.,1.));
#2688 = DIRECTION('',(1.,0.,0.));
#2689 = ORIENTED_EDGE('',*,*,#2690,.T.);
#2690 = EDGE_CURVE('',#2680,#2691,#2693,.T.);
#2691 = VERTEX_POINT('',#2692);
#2692 = CARTESIAN_POINT('',(39.431370849899,10.8,0.));
#2693 = LINE('',#2694,#2695);
#2694 = CARTESIAN_POINT('',(44.431370849898,10.8,0.));
#2695 = VECTOR('',#2696,1.);
#2696 = DIRECTION('',(-1.,0.,0.));
#2697 = ORIENTED_EDGE('',*,*,#2698,.F.);
#2698 = EDGE_CURVE('',#2699,#2691,#2701,.T.);
#2699 = VERTEX_POINT('',#2700);
#2700 = CARTESIAN_POINT('',(38.3,11.931370849899,0.));
#2701 = CIRCLE('',#2702,0.8);
#2702 = AXIS2_PLACEMENT_3D('',#2703,#2704,#2705);
#2703 = CARTESIAN_POINT('',(38.865685424949,11.365685424949,0.));
#2704 = DIRECTION('',(0.,0.,1.));
#2705 = DIRECTION('',(1.,0.,0.));
#2706 = ORIENTED_EDGE('',*,*,#2707,.F.);
#2707 = EDGE_CURVE('',#2708,#2699,#2710,.T.);
#2708 = VERTEX_POINT('',#2709);
#2709 = CARTESIAN_POINT('',(38.3,13.068629150101,0.));
#2710 = LINE('',#2711,#2712);
#2711 = CARTESIAN_POINT('',(38.3,13.068629150101,0.));
#2712 = VECTOR('',#2713,1.);
#2713 = DIRECTION('',(0.,-1.,0.));
#2714 = ORIENTED_EDGE('',*,*,#2715,.F.);
#2715 = EDGE_CURVE('',#2716,#2708,#2718,.T.);
#2716 = VERTEX_POINT('',#2717);
#2717 = CARTESIAN_POINT('',(39.431370849899,14.2,0.));
#2718 = CIRCLE('',#2719,0.8);
#2719 = AXIS2_PLACEMENT_3D('',#2720,#2721,#2722);
#2720 = CARTESIAN_POINT('',(38.865685424949,13.634314575051,0.));
#2721 = DIRECTION('',(0.,0.,1.));
#2722 = DIRECTION('',(1.,0.,0.));
#2723 = ORIENTED_EDGE('',*,*,#2724,.T.);
#2724 = EDGE_CURVE('',#2716,#2725,#2727,.T.);
#2725 = VERTEX_POINT('',#2726);
#2726 = CARTESIAN_POINT('',(48.568629150102,14.2,0.));
#2727 = LINE('',#2728,#2729);
#2728 = CARTESIAN_POINT('',(44.431370849898,14.2,0.));
#2729 = VECTOR('',#2730,1.);
#2730 = DIRECTION('',(1.,-4.3E-16,0.));
#2731 = ORIENTED_EDGE('',*,*,#2732,.F.);
#2732 = EDGE_CURVE('',#2733,#2725,#2735,.T.);
#2733 = VERTEX_POINT('',#2734);
#2734 = CARTESIAN_POINT('',(49.7,13.068629150102,0.));
#2735 = CIRCLE('',#2736,0.8);
#2736 = AXIS2_PLACEMENT_3D('',#2737,#2738,#2739);
#2737 = CARTESIAN_POINT('',(49.134314575051,13.634314575051,0.));
#2738 = DIRECTION('',(0.,0.,1.));
#2739 = DIRECTION('',(1.,0.,0.));
#2740 = ORIENTED_EDGE('',*,*,#2741,.T.);
#2741 = EDGE_CURVE('',#2733,#2682,#2742,.T.);
#2742 = LINE('',#2743,#2744);
#2743 = CARTESIAN_POINT('',(49.7,13.068629150102,0.));
#2744 = VECTOR('',#2745,1.);
#2745 = DIRECTION('',(3.12E-15,-1.,0.));
#2746 = FACE_BOUND('',#2747,.T.);
#2747 = EDGE_LOOP('',(#2748,#2759,#2767,#2776,#2784,#2793,#2801,#2810));
#2748 = ORIENTED_EDGE('',*,*,#2749,.F.);
#2749 = EDGE_CURVE('',#2750,#2752,#2754,.T.);
#2750 = VERTEX_POINT('',#2751);
#2751 = CARTESIAN_POINT('',(79.568629150102,-14.2,0.));
#2752 = VERTEX_POINT('',#2753);
#2753 = CARTESIAN_POINT('',(80.7,-13.0686291501,0.));
#2754 = CIRCLE('',#2755,0.8);
#2755 = AXIS2_PLACEMENT_3D('',#2756,#2757,#2758);
#2756 = CARTESIAN_POINT('',(80.134314575051,-13.63431457505,0.));
#2757 = DIRECTION('',(0.,0.,1.));
#2758 = DIRECTION('',(1.,0.,0.));
#2759 = ORIENTED_EDGE('',*,*,#2760,.T.);
#2760 = EDGE_CURVE('',#2750,#2761,#2763,.T.);
#2761 = VERTEX_POINT('',#2762);
#2762 = CARTESIAN_POINT('',(70.431370849899,-14.2,0.));
#2763 = LINE('',#2764,#2765);
#2764 = CARTESIAN_POINT('',(75.431370849898,-14.2,0.));
#2765 = VECTOR('',#2766,1.);
#2766 = DIRECTION('',(-1.,0.,0.));
#2767 = ORIENTED_EDGE('',*,*,#2768,.F.);
#2768 = EDGE_CURVE('',#2769,#2761,#2771,.T.);
#2769 = VERTEX_POINT('',#2770);
#2770 = CARTESIAN_POINT('',(69.3,-13.0686291501,0.));
#2771 = CIRCLE('',#2772,0.8);
#2772 = AXIS2_PLACEMENT_3D('',#2773,#2774,#2775);
#2773 = CARTESIAN_POINT('',(69.865685424949,-13.63431457505,0.));
#2774 = DIRECTION('',(0.,0.,1.));
#2775 = DIRECTION('',(1.,0.,0.));
#2776 = ORIENTED_EDGE('',*,*,#2777,.F.);
#2777 = EDGE_CURVE('',#2778,#2769,#2780,.T.);
#2778 = VERTEX_POINT('',#2779);
#2779 = CARTESIAN_POINT('',(69.3,-11.93137084989,0.));
#2780 = LINE('',#2781,#2782);
#2781 = CARTESIAN_POINT('',(69.3,-11.93137084989,0.));
#2782 = VECTOR('',#2783,1.);
#2783 = DIRECTION('',(0.,-1.,0.));
#2784 = ORIENTED_EDGE('',*,*,#2785,.F.);
#2785 = EDGE_CURVE('',#2786,#2778,#2788,.T.);
#2786 = VERTEX_POINT('',#2787);
#2787 = CARTESIAN_POINT('',(70.431370849898,-10.8,0.));
#2788 = CIRCLE('',#2789,0.8);
#2789 = AXIS2_PLACEMENT_3D('',#2790,#2791,#2792);
#2790 = CARTESIAN_POINT('',(69.865685424949,-11.36568542494,0.));
#2791 = DIRECTION('',(0.,0.,1.));
#2792 = DIRECTION('',(1.,0.,0.));
#2793 = ORIENTED_EDGE('',*,*,#2794,.T.);
#2794 = EDGE_CURVE('',#2786,#2795,#2797,.T.);
#2795 = VERTEX_POINT('',#2796);
#2796 = CARTESIAN_POINT('',(79.568629150102,-10.8,0.));
#2797 = LINE('',#2798,#2799);
#2798 = CARTESIAN_POINT('',(75.431370849898,-10.8,0.));
#2799 = VECTOR('',#2800,1.);
#2800 = DIRECTION('',(1.,-4.3E-16,0.));
#2801 = ORIENTED_EDGE('',*,*,#2802,.F.);
#2802 = EDGE_CURVE('',#2803,#2795,#2805,.T.);
#2803 = VERTEX_POINT('',#2804);
#2804 = CARTESIAN_POINT('',(80.7,-11.93137084989,0.));
#2805 = CIRCLE('',#2806,0.8);
#2806 = AXIS2_PLACEMENT_3D('',#2807,#2808,#2809);
#2807 = CARTESIAN_POINT('',(80.134314575051,-11.36568542494,0.));
#2808 = DIRECTION('',(0.,0.,1.));
#2809 = DIRECTION('',(1.,0.,0.));
#2810 = ORIENTED_EDGE('',*,*,#2811,.T.);
#2811 = EDGE_CURVE('',#2803,#2752,#2812,.T.);
#2812 = LINE('',#2813,#2814);
#2813 = CARTESIAN_POINT('',(80.7,-11.93137084989,0.));
#2814 = VECTOR('',#2815,1.);
#2815 = DIRECTION('',(3.12E-15,-1.,0.));
#2816 = FACE_BOUND('',#2817,.T.);
#2817 = EDGE_LOOP('',(#2818,#2829,#2837,#2846,#2854,#2863,#2871,#2879,
    #2888));
#2818 = ORIENTED_EDGE('',*,*,#2819,.F.);
#2819 = EDGE_CURVE('',#2820,#2822,#2824,.T.);
#2820 = VERTEX_POINT('',#2821);
#2821 = CARTESIAN_POINT('',(62.568629150102,9.3,0.));
#2822 = VERTEX_POINT('',#2823);
#2823 = CARTESIAN_POINT('',(63.7,10.431370849899,0.));
#2824 = CIRCLE('',#2825,0.8);
#2825 = AXIS2_PLACEMENT_3D('',#2826,#2827,#2828);
#2826 = CARTESIAN_POINT('',(63.134314575051,9.865685424949,0.));
#2827 = DIRECTION('',(0.,0.,1.));
#2828 = DIRECTION('',(1.,0.,0.));
#2829 = ORIENTED_EDGE('',*,*,#2830,.T.);
#2830 = EDGE_CURVE('',#2820,#2831,#2833,.T.);
#2831 = VERTEX_POINT('',#2832);
#2832 = CARTESIAN_POINT('',(56.431370849899,9.300000000001,0.));
#2833 = LINE('',#2834,#2835);
#2834 = CARTESIAN_POINT('',(61.431370849899,9.300000000001,0.));
#2835 = VECTOR('',#2836,1.);
#2836 = DIRECTION('',(-1.,0.,0.));
#2837 = ORIENTED_EDGE('',*,*,#2838,.F.);
#2838 = EDGE_CURVE('',#2839,#2831,#2841,.T.);
#2839 = VERTEX_POINT('',#2840);
#2840 = CARTESIAN_POINT('',(55.3,10.431370849899,0.));
#2841 = CIRCLE('',#2842,0.8);
#2842 = AXIS2_PLACEMENT_3D('',#2843,#2844,#2845);
#2843 = CARTESIAN_POINT('',(55.865685424949,9.865685424949,0.));
#2844 = DIRECTION('',(0.,0.,1.));
#2845 = DIRECTION('',(1.,0.,0.));
#2846 = ORIENTED_EDGE('',*,*,#2847,.F.);
#2847 = EDGE_CURVE('',#2848,#2839,#2850,.T.);
#2848 = VERTEX_POINT('',#2849);
#2849 = CARTESIAN_POINT('',(55.3,14.568629150101,0.));
#2850 = LINE('',#2851,#2852);
#2851 = CARTESIAN_POINT('',(55.3,14.568629150101,0.));
#2852 = VECTOR('',#2853,1.);
#2853 = DIRECTION('',(0.,-1.,0.));
#2854 = ORIENTED_EDGE('',*,*,#2855,.F.);
#2855 = EDGE_CURVE('',#2856,#2848,#2858,.T.);
#2856 = VERTEX_POINT('',#2857);
#2857 = CARTESIAN_POINT('',(56.431370849899,15.699999999999,0.));
#2858 = CIRCLE('',#2859,0.8);
#2859 = AXIS2_PLACEMENT_3D('',#2860,#2861,#2862);
#2860 = CARTESIAN_POINT('',(55.865685424949,15.134314575051,0.));
#2861 = DIRECTION('',(0.,0.,1.));
#2862 = DIRECTION('',(1.,0.,0.));
#2863 = ORIENTED_EDGE('',*,*,#2864,.F.);
#2864 = EDGE_CURVE('',#2865,#2856,#2867,.T.);
#2865 = VERTEX_POINT('',#2866);
#2866 = CARTESIAN_POINT('',(61.4313708499,15.699999999998,0.));
#2867 = LINE('',#2868,#2869);
#2868 = CARTESIAN_POINT('',(61.4313708499,15.699999999998,0.));
#2869 = VECTOR('',#2870,1.);
#2870 = DIRECTION('',(-1.,0.,0.));
#2871 = ORIENTED_EDGE('',*,*,#2872,.T.);
#2872 = EDGE_CURVE('',#2865,#2873,#2875,.T.);
#2873 = VERTEX_POINT('',#2874);
#2874 = CARTESIAN_POINT('',(62.568629150102,15.7,0.));
#2875 = LINE('',#2876,#2877);
#2876 = CARTESIAN_POINT('',(61.4313708499,15.699999999998,0.));
#2877 = VECTOR('',#2878,1.);
#2878 = DIRECTION('',(1.,1.51511E-12,0.));
#2879 = ORIENTED_EDGE('',*,*,#2880,.F.);
#2880 = EDGE_CURVE('',#2881,#2873,#2883,.T.);
#2881 = VERTEX_POINT('',#2882);
#2882 = CARTESIAN_POINT('',(63.7,14.568629150101,0.));
#2883 = CIRCLE('',#2884,0.8);
#2884 = AXIS2_PLACEMENT_3D('',#2885,#2886,#2887);
#2885 = CARTESIAN_POINT('',(63.134314575051,15.134314575051,0.));
#2886 = DIRECTION('',(0.,0.,1.));
#2887 = DIRECTION('',(1.,0.,0.));
#2888 = ORIENTED_EDGE('',*,*,#2889,.F.);
#2889 = EDGE_CURVE('',#2822,#2881,#2890,.T.);
#2890 = LINE('',#2891,#2892);
#2891 = CARTESIAN_POINT('',(63.7,10.431370849899,0.));
#2892 = VECTOR('',#2893,1.);
#2893 = DIRECTION('',(0.,1.,0.));
#2894 = FACE_BOUND('',#2895,.T.);
#2895 = EDGE_LOOP('',(#2896,#2907,#2915,#2924,#2932,#2941,#2949,#2958));
#2896 = ORIENTED_EDGE('',*,*,#2897,.F.);
#2897 = EDGE_CURVE('',#2898,#2900,#2902,.T.);
#2898 = VERTEX_POINT('',#2899);
#2899 = CARTESIAN_POINT('',(79.568629150102,10.8,0.));
#2900 = VERTEX_POINT('',#2901);
#2901 = CARTESIAN_POINT('',(80.7,11.931370849898,0.));
#2902 = CIRCLE('',#2903,0.8);
#2903 = AXIS2_PLACEMENT_3D('',#2904,#2905,#2906);
#2904 = CARTESIAN_POINT('',(80.134314575051,11.365685424949,0.));
#2905 = DIRECTION('',(0.,0.,1.));
#2906 = DIRECTION('',(1.,0.,0.));
#2907 = ORIENTED_EDGE('',*,*,#2908,.T.);
#2908 = EDGE_CURVE('',#2898,#2909,#2911,.T.);
#2909 = VERTEX_POINT('',#2910);
#2910 = CARTESIAN_POINT('',(70.431370849899,10.8,0.));
#2911 = LINE('',#2912,#2913);
#2912 = CARTESIAN_POINT('',(75.431370849898,10.8,0.));
#2913 = VECTOR('',#2914,1.);
#2914 = DIRECTION('',(-1.,0.,0.));
#2915 = ORIENTED_EDGE('',*,*,#2916,.F.);
#2916 = EDGE_CURVE('',#2917,#2909,#2919,.T.);
#2917 = VERTEX_POINT('',#2918);
#2918 = CARTESIAN_POINT('',(69.3,11.931370849899,0.));
#2919 = CIRCLE('',#2920,0.8);
#2920 = AXIS2_PLACEMENT_3D('',#2921,#2922,#2923);
#2921 = CARTESIAN_POINT('',(69.865685424949,11.365685424949,0.));
#2922 = DIRECTION('',(0.,0.,1.));
#2923 = DIRECTION('',(1.,0.,0.));
#2924 = ORIENTED_EDGE('',*,*,#2925,.F.);
#2925 = EDGE_CURVE('',#2926,#2917,#2928,.T.);
#2926 = VERTEX_POINT('',#2927);
#2927 = CARTESIAN_POINT('',(69.3,13.068629150101,0.));
#2928 = LINE('',#2929,#2930);
#2929 = CARTESIAN_POINT('',(69.3,13.068629150101,0.));
#2930 = VECTOR('',#2931,1.);
#2931 = DIRECTION('',(0.,-1.,0.));
#2932 = ORIENTED_EDGE('',*,*,#2933,.F.);
#2933 = EDGE_CURVE('',#2934,#2926,#2936,.T.);
#2934 = VERTEX_POINT('',#2935);
#2935 = CARTESIAN_POINT('',(70.431370849898,14.2,0.));
#2936 = CIRCLE('',#2937,0.8);
#2937 = AXIS2_PLACEMENT_3D('',#2938,#2939,#2940);
#2938 = CARTESIAN_POINT('',(69.865685424949,13.634314575051,0.));
#2939 = DIRECTION('',(0.,0.,1.));
#2940 = DIRECTION('',(1.,0.,0.));
#2941 = ORIENTED_EDGE('',*,*,#2942,.T.);
#2942 = EDGE_CURVE('',#2934,#2943,#2945,.T.);
#2943 = VERTEX_POINT('',#2944);
#2944 = CARTESIAN_POINT('',(79.568629150102,14.2,0.));
#2945 = LINE('',#2946,#2947);
#2946 = CARTESIAN_POINT('',(75.431370849898,14.2,0.));
#2947 = VECTOR('',#2948,1.);
#2948 = DIRECTION('',(1.,-4.3E-16,0.));
#2949 = ORIENTED_EDGE('',*,*,#2950,.F.);
#2950 = EDGE_CURVE('',#2951,#2943,#2953,.T.);
#2951 = VERTEX_POINT('',#2952);
#2952 = CARTESIAN_POINT('',(80.7,13.068629150102,0.));
#2953 = CIRCLE('',#2954,0.8);
#2954 = AXIS2_PLACEMENT_3D('',#2955,#2956,#2957);
#2955 = CARTESIAN_POINT('',(80.134314575051,13.634314575051,0.));
#2956 = DIRECTION('',(0.,0.,1.));
#2957 = DIRECTION('',(1.,0.,0.));
#2958 = ORIENTED_EDGE('',*,*,#2959,.T.);
#2959 = EDGE_CURVE('',#2951,#2900,#2960,.T.);
#2960 = LINE('',#2961,#2962);
#2961 = CARTESIAN_POINT('',(80.7,13.068629150102,0.));
#2962 = VECTOR('',#2963,1.);
#2963 = DIRECTION('',(3.12E-15,-1.,0.));
#2964 = FACE_BOUND('',#2965,.T.);
#2965 = EDGE_LOOP('',(#2966,#2977,#2985,#2994,#3002,#3011,#3019,#3027,
    #3036));
#2966 = ORIENTED_EDGE('',*,*,#2967,.F.);
#2967 = EDGE_CURVE('',#2968,#2970,#2972,.T.);
#2968 = VERTEX_POINT('',#2969);
#2969 = CARTESIAN_POINT('',(93.568629150102,9.3,0.));
#2970 = VERTEX_POINT('',#2971);
#2971 = CARTESIAN_POINT('',(94.7,10.431370849899,0.));
#2972 = CIRCLE('',#2973,0.8);
#2973 = AXIS2_PLACEMENT_3D('',#2974,#2975,#2976);
#2974 = CARTESIAN_POINT('',(94.134314575051,9.865685424949,0.));
#2975 = DIRECTION('',(0.,0.,1.));
#2976 = DIRECTION('',(1.,0.,0.));
#2977 = ORIENTED_EDGE('',*,*,#2978,.T.);
#2978 = EDGE_CURVE('',#2968,#2979,#2981,.T.);
#2979 = VERTEX_POINT('',#2980);
#2980 = CARTESIAN_POINT('',(87.431370849899,9.300000000001,0.));
#2981 = LINE('',#2982,#2983);
#2982 = CARTESIAN_POINT('',(92.431370849899,9.300000000001,0.));
#2983 = VECTOR('',#2984,1.);
#2984 = DIRECTION('',(-1.,0.,0.));
#2985 = ORIENTED_EDGE('',*,*,#2986,.F.);
#2986 = EDGE_CURVE('',#2987,#2979,#2989,.T.);
#2987 = VERTEX_POINT('',#2988);
#2988 = CARTESIAN_POINT('',(86.3,10.431370849899,0.));
#2989 = CIRCLE('',#2990,0.8);
#2990 = AXIS2_PLACEMENT_3D('',#2991,#2992,#2993);
#2991 = CARTESIAN_POINT('',(86.865685424949,9.865685424949,0.));
#2992 = DIRECTION('',(0.,0.,1.));
#2993 = DIRECTION('',(1.,0.,0.));
#2994 = ORIENTED_EDGE('',*,*,#2995,.F.);
#2995 = EDGE_CURVE('',#2996,#2987,#2998,.T.);
#2996 = VERTEX_POINT('',#2997);
#2997 = CARTESIAN_POINT('',(86.3,14.568629150101,0.));
#2998 = LINE('',#2999,#3000);
#2999 = CARTESIAN_POINT('',(86.3,14.568629150101,0.));
#3000 = VECTOR('',#3001,1.);
#3001 = DIRECTION('',(0.,-1.,0.));
#3002 = ORIENTED_EDGE('',*,*,#3003,.F.);
#3003 = EDGE_CURVE('',#3004,#2996,#3006,.T.);
#3004 = VERTEX_POINT('',#3005);
#3005 = CARTESIAN_POINT('',(87.431370849899,15.699999999999,0.));
#3006 = CIRCLE('',#3007,0.8);
#3007 = AXIS2_PLACEMENT_3D('',#3008,#3009,#3010);
#3008 = CARTESIAN_POINT('',(86.865685424949,15.134314575051,0.));
#3009 = DIRECTION('',(0.,0.,1.));
#3010 = DIRECTION('',(1.,0.,0.));
#3011 = ORIENTED_EDGE('',*,*,#3012,.F.);
#3012 = EDGE_CURVE('',#3013,#3004,#3015,.T.);
#3013 = VERTEX_POINT('',#3014);
#3014 = CARTESIAN_POINT('',(92.4313708499,15.699999999998,0.));
#3015 = LINE('',#3016,#3017);
#3016 = CARTESIAN_POINT('',(92.4313708499,15.699999999998,0.));
#3017 = VECTOR('',#3018,1.);
#3018 = DIRECTION('',(-1.,0.,0.));
#3019 = ORIENTED_EDGE('',*,*,#3020,.T.);
#3020 = EDGE_CURVE('',#3013,#3021,#3023,.T.);
#3021 = VERTEX_POINT('',#3022);
#3022 = CARTESIAN_POINT('',(93.568629150102,15.7,0.));
#3023 = LINE('',#3024,#3025);
#3024 = CARTESIAN_POINT('',(92.4313708499,15.699999999998,0.));
#3025 = VECTOR('',#3026,1.);
#3026 = DIRECTION('',(1.,1.51511E-12,0.));
#3027 = ORIENTED_EDGE('',*,*,#3028,.F.);
#3028 = EDGE_CURVE('',#3029,#3021,#3031,.T.);
#3029 = VERTEX_POINT('',#3030);
#3030 = CARTESIAN_POINT('',(94.7,14.568629150101,0.));
#3031 = CIRCLE('',#3032,0.8);
#3032 = AXIS2_PLACEMENT_3D('',#3033,#3034,#3035);
#3033 = CARTESIAN_POINT('',(94.134314575051,15.134314575051,0.));
#3034 = DIRECTION('',(0.,0.,1.));
#3035 = DIRECTION('',(1.,0.,0.));
#3036 = ORIENTED_EDGE('',*,*,#3037,.F.);
#3037 = EDGE_CURVE('',#2970,#3029,#3038,.T.);
#3038 = LINE('',#3039,#3040);
#3039 = CARTESIAN_POINT('',(94.7,10.431370849899,0.));
#3040 = VECTOR('',#3041,1.);
#3041 = DIRECTION('',(0.,1.,0.));
#3042 = FACE_BOUND('',#3043,.T.);
#3043 = EDGE_LOOP('',(#3044,#3055,#3063,#3072,#3080,#3089,#3097,#3105,
    #3114));
#3044 = ORIENTED_EDGE('',*,*,#3045,.F.);
#3045 = EDGE_CURVE('',#3046,#3048,#3050,.T.);
#3046 = VERTEX_POINT('',#3047);
#3047 = CARTESIAN_POINT('',(0.568629150102,34.3,0.));
#3048 = VERTEX_POINT('',#3049);
#3049 = CARTESIAN_POINT('',(1.7,35.431370849899,0.));
#3050 = CIRCLE('',#3051,0.8);
#3051 = AXIS2_PLACEMENT_3D('',#3052,#3053,#3054);
#3052 = CARTESIAN_POINT('',(1.134314575051,34.865685424949,0.));
#3053 = DIRECTION('',(0.,0.,1.));
#3054 = DIRECTION('',(1.,0.,0.));
#3055 = ORIENTED_EDGE('',*,*,#3056,.T.);
#3056 = EDGE_CURVE('',#3046,#3057,#3059,.T.);
#3057 = VERTEX_POINT('',#3058);
#3058 = CARTESIAN_POINT('',(-5.568629150101,34.300000000001,0.));
#3059 = LINE('',#3060,#3061);
#3060 = CARTESIAN_POINT('',(-0.568629150101,34.300000000001,0.));
#3061 = VECTOR('',#3062,1.);
#3062 = DIRECTION('',(-1.,0.,0.));
#3063 = ORIENTED_EDGE('',*,*,#3064,.F.);
#3064 = EDGE_CURVE('',#3065,#3057,#3067,.T.);
#3065 = VERTEX_POINT('',#3066);
#3066 = CARTESIAN_POINT('',(-6.7,35.431370849899,0.));
#3067 = CIRCLE('',#3068,0.8);
#3068 = AXIS2_PLACEMENT_3D('',#3069,#3070,#3071);
#3069 = CARTESIAN_POINT('',(-6.134314575051,34.865685424949,0.));
#3070 = DIRECTION('',(0.,0.,1.));
#3071 = DIRECTION('',(1.,0.,0.));
#3072 = ORIENTED_EDGE('',*,*,#3073,.F.);
#3073 = EDGE_CURVE('',#3074,#3065,#3076,.T.);
#3074 = VERTEX_POINT('',#3075);
#3075 = CARTESIAN_POINT('',(-6.7,39.568629150101,0.));
#3076 = LINE('',#3077,#3078);
#3077 = CARTESIAN_POINT('',(-6.7,39.568629150101,0.));
#3078 = VECTOR('',#3079,1.);
#3079 = DIRECTION('',(0.,-1.,0.));
#3080 = ORIENTED_EDGE('',*,*,#3081,.F.);
#3081 = EDGE_CURVE('',#3082,#3074,#3084,.T.);
#3082 = VERTEX_POINT('',#3083);
#3083 = CARTESIAN_POINT('',(-5.568629150101,40.699999999999,0.));
#3084 = CIRCLE('',#3085,0.8);
#3085 = AXIS2_PLACEMENT_3D('',#3086,#3087,#3088);
#3086 = CARTESIAN_POINT('',(-6.134314575051,40.134314575051,0.));
#3087 = DIRECTION('',(0.,0.,1.));
#3088 = DIRECTION('',(1.,0.,0.));
#3089 = ORIENTED_EDGE('',*,*,#3090,.F.);
#3090 = EDGE_CURVE('',#3091,#3082,#3093,.T.);
#3091 = VERTEX_POINT('',#3092);
#3092 = CARTESIAN_POINT('',(-0.5686291501,40.699999999998,0.));
#3093 = LINE('',#3094,#3095);
#3094 = CARTESIAN_POINT('',(-0.5686291501,40.699999999998,0.));
#3095 = VECTOR('',#3096,1.);
#3096 = DIRECTION('',(-1.,0.,0.));
#3097 = ORIENTED_EDGE('',*,*,#3098,.T.);
#3098 = EDGE_CURVE('',#3091,#3099,#3101,.T.);
#3099 = VERTEX_POINT('',#3100);
#3100 = CARTESIAN_POINT('',(0.568629150102,40.7,0.));
#3101 = LINE('',#3102,#3103);
#3102 = CARTESIAN_POINT('',(-0.5686291501,40.699999999998,0.));
#3103 = VECTOR('',#3104,1.);
#3104 = DIRECTION('',(1.,1.51511E-12,0.));
#3105 = ORIENTED_EDGE('',*,*,#3106,.F.);
#3106 = EDGE_CURVE('',#3107,#3099,#3109,.T.);
#3107 = VERTEX_POINT('',#3108);
#3108 = CARTESIAN_POINT('',(1.7,39.568629150102,0.));
#3109 = CIRCLE('',#3110,0.8);
#3110 = AXIS2_PLACEMENT_3D('',#3111,#3112,#3113);
#3111 = CARTESIAN_POINT('',(1.134314575051,40.134314575051,0.));
#3112 = DIRECTION('',(0.,0.,1.));
#3113 = DIRECTION('',(1.,0.,0.));
#3114 = ORIENTED_EDGE('',*,*,#3115,.F.);
#3115 = EDGE_CURVE('',#3048,#3107,#3116,.T.);
#3116 = LINE('',#3117,#3118);
#3117 = CARTESIAN_POINT('',(1.7,35.431370849899,0.));
#3118 = VECTOR('',#3119,1.);
#3119 = DIRECTION('',(0.,1.,0.));
#3120 = FACE_BOUND('',#3121,.T.);
#3121 = EDGE_LOOP('',(#3122,#3133,#3141,#3150,#3158,#3167,#3175,#3184));
#3122 = ORIENTED_EDGE('',*,*,#3123,.F.);
#3123 = EDGE_CURVE('',#3124,#3126,#3128,.T.);
#3124 = VERTEX_POINT('',#3125);
#3125 = CARTESIAN_POINT('',(17.568629150102,35.8,0.));
#3126 = VERTEX_POINT('',#3127);
#3127 = CARTESIAN_POINT('',(18.7,36.931370849898,0.));
#3128 = CIRCLE('',#3129,0.8);
#3129 = AXIS2_PLACEMENT_3D('',#3130,#3131,#3132);
#3130 = CARTESIAN_POINT('',(18.134314575051,36.365685424949,0.));
#3131 = DIRECTION('',(0.,0.,1.));
#3132 = DIRECTION('',(1.,0.,0.));
#3133 = ORIENTED_EDGE('',*,*,#3134,.T.);
#3134 = EDGE_CURVE('',#3124,#3135,#3137,.T.);
#3135 = VERTEX_POINT('',#3136);
#3136 = CARTESIAN_POINT('',(8.431370849899,35.8,0.));
#3137 = LINE('',#3138,#3139);
#3138 = CARTESIAN_POINT('',(13.431370849898,35.8,0.));
#3139 = VECTOR('',#3140,1.);
#3140 = DIRECTION('',(-1.,0.,0.));
#3141 = ORIENTED_EDGE('',*,*,#3142,.F.);
#3142 = EDGE_CURVE('',#3143,#3135,#3145,.T.);
#3143 = VERTEX_POINT('',#3144);
#3144 = CARTESIAN_POINT('',(7.3,36.931370849899,0.));
#3145 = CIRCLE('',#3146,0.8);
#3146 = AXIS2_PLACEMENT_3D('',#3147,#3148,#3149);
#3147 = CARTESIAN_POINT('',(7.865685424949,36.365685424949,0.));
#3148 = DIRECTION('',(0.,0.,1.));
#3149 = DIRECTION('',(1.,0.,0.));
#3150 = ORIENTED_EDGE('',*,*,#3151,.F.);
#3151 = EDGE_CURVE('',#3152,#3143,#3154,.T.);
#3152 = VERTEX_POINT('',#3153);
#3153 = CARTESIAN_POINT('',(7.3,38.068629150101,0.));
#3154 = LINE('',#3155,#3156);
#3155 = CARTESIAN_POINT('',(7.3,38.068629150101,0.));
#3156 = VECTOR('',#3157,1.);
#3157 = DIRECTION('',(0.,-1.,0.));
#3158 = ORIENTED_EDGE('',*,*,#3159,.F.);
#3159 = EDGE_CURVE('',#3160,#3152,#3162,.T.);
#3160 = VERTEX_POINT('',#3161);
#3161 = CARTESIAN_POINT('',(8.431370849899,39.2,0.));
#3162 = CIRCLE('',#3163,0.8);
#3163 = AXIS2_PLACEMENT_3D('',#3164,#3165,#3166);
#3164 = CARTESIAN_POINT('',(7.865685424949,38.634314575051,0.));
#3165 = DIRECTION('',(0.,0.,1.));
#3166 = DIRECTION('',(1.,0.,0.));
#3167 = ORIENTED_EDGE('',*,*,#3168,.T.);
#3168 = EDGE_CURVE('',#3160,#3169,#3171,.T.);
#3169 = VERTEX_POINT('',#3170);
#3170 = CARTESIAN_POINT('',(17.568629150102,39.2,0.));
#3171 = LINE('',#3172,#3173);
#3172 = CARTESIAN_POINT('',(13.431370849898,39.2,0.));
#3173 = VECTOR('',#3174,1.);
#3174 = DIRECTION('',(1.,-4.3E-16,0.));
#3175 = ORIENTED_EDGE('',*,*,#3176,.F.);
#3176 = EDGE_CURVE('',#3177,#3169,#3179,.T.);
#3177 = VERTEX_POINT('',#3178);
#3178 = CARTESIAN_POINT('',(18.7,38.068629150102,0.));
#3179 = CIRCLE('',#3180,0.8);
#3180 = AXIS2_PLACEMENT_3D('',#3181,#3182,#3183);
#3181 = CARTESIAN_POINT('',(18.134314575051,38.634314575051,0.));
#3182 = DIRECTION('',(0.,0.,1.));
#3183 = DIRECTION('',(1.,0.,0.));
#3184 = ORIENTED_EDGE('',*,*,#3185,.T.);
#3185 = EDGE_CURVE('',#3177,#3126,#3186,.T.);
#3186 = LINE('',#3187,#3188);
#3187 = CARTESIAN_POINT('',(18.7,38.068629150102,0.));
#3188 = VECTOR('',#3189,1.);
#3189 = DIRECTION('',(3.12E-15,-1.,0.));
#3190 = FACE_BOUND('',#3191,.T.);
#3191 = EDGE_LOOP('',(#3192,#3203,#3211,#3220,#3228,#3237,#3245,#3253,
    #3262));
#3192 = ORIENTED_EDGE('',*,*,#3193,.F.);
#3193 = EDGE_CURVE('',#3194,#3196,#3198,.T.);
#3194 = VERTEX_POINT('',#3195);
#3195 = CARTESIAN_POINT('',(31.568629150102,34.3,0.));
#3196 = VERTEX_POINT('',#3197);
#3197 = CARTESIAN_POINT('',(32.7,35.431370849899,0.));
#3198 = CIRCLE('',#3199,0.8);
#3199 = AXIS2_PLACEMENT_3D('',#3200,#3201,#3202);
#3200 = CARTESIAN_POINT('',(32.134314575051,34.865685424949,0.));
#3201 = DIRECTION('',(0.,0.,1.));
#3202 = DIRECTION('',(1.,0.,0.));
#3203 = ORIENTED_EDGE('',*,*,#3204,.T.);
#3204 = EDGE_CURVE('',#3194,#3205,#3207,.T.);
#3205 = VERTEX_POINT('',#3206);
#3206 = CARTESIAN_POINT('',(25.431370849899,34.300000000001,0.));
#3207 = LINE('',#3208,#3209);
#3208 = CARTESIAN_POINT('',(30.431370849899,34.300000000001,0.));
#3209 = VECTOR('',#3210,1.);
#3210 = DIRECTION('',(-1.,0.,0.));
#3211 = ORIENTED_EDGE('',*,*,#3212,.F.);
#3212 = EDGE_CURVE('',#3213,#3205,#3215,.T.);
#3213 = VERTEX_POINT('',#3214);
#3214 = CARTESIAN_POINT('',(24.3,35.431370849899,0.));
#3215 = CIRCLE('',#3216,0.8);
#3216 = AXIS2_PLACEMENT_3D('',#3217,#3218,#3219);
#3217 = CARTESIAN_POINT('',(24.865685424949,34.865685424949,0.));
#3218 = DIRECTION('',(0.,0.,1.));
#3219 = DIRECTION('',(1.,0.,0.));
#3220 = ORIENTED_EDGE('',*,*,#3221,.F.);
#3221 = EDGE_CURVE('',#3222,#3213,#3224,.T.);
#3222 = VERTEX_POINT('',#3223);
#3223 = CARTESIAN_POINT('',(24.3,39.568629150101,0.));
#3224 = LINE('',#3225,#3226);
#3225 = CARTESIAN_POINT('',(24.3,39.568629150101,0.));
#3226 = VECTOR('',#3227,1.);
#3227 = DIRECTION('',(0.,-1.,0.));
#3228 = ORIENTED_EDGE('',*,*,#3229,.F.);
#3229 = EDGE_CURVE('',#3230,#3222,#3232,.T.);
#3230 = VERTEX_POINT('',#3231);
#3231 = CARTESIAN_POINT('',(25.431370849899,40.699999999999,0.));
#3232 = CIRCLE('',#3233,0.8);
#3233 = AXIS2_PLACEMENT_3D('',#3234,#3235,#3236);
#3234 = CARTESIAN_POINT('',(24.865685424949,40.134314575051,0.));
#3235 = DIRECTION('',(0.,0.,1.));
#3236 = DIRECTION('',(1.,0.,0.));
#3237 = ORIENTED_EDGE('',*,*,#3238,.F.);
#3238 = EDGE_CURVE('',#3239,#3230,#3241,.T.);
#3239 = VERTEX_POINT('',#3240);
#3240 = CARTESIAN_POINT('',(30.4313708499,40.699999999998,0.));
#3241 = LINE('',#3242,#3243);
#3242 = CARTESIAN_POINT('',(30.4313708499,40.699999999998,0.));
#3243 = VECTOR('',#3244,1.);
#3244 = DIRECTION('',(-1.,0.,0.));
#3245 = ORIENTED_EDGE('',*,*,#3246,.T.);
#3246 = EDGE_CURVE('',#3239,#3247,#3249,.T.);
#3247 = VERTEX_POINT('',#3248);
#3248 = CARTESIAN_POINT('',(31.568629150102,40.7,0.));
#3249 = LINE('',#3250,#3251);
#3250 = CARTESIAN_POINT('',(30.4313708499,40.699999999998,0.));
#3251 = VECTOR('',#3252,1.);
#3252 = DIRECTION('',(1.,1.51511E-12,0.));
#3253 = ORIENTED_EDGE('',*,*,#3254,.F.);
#3254 = EDGE_CURVE('',#3255,#3247,#3257,.T.);
#3255 = VERTEX_POINT('',#3256);
#3256 = CARTESIAN_POINT('',(32.7,39.568629150102,0.));
#3257 = CIRCLE('',#3258,0.8);
#3258 = AXIS2_PLACEMENT_3D('',#3259,#3260,#3261);
#3259 = CARTESIAN_POINT('',(32.134314575051,40.134314575051,0.));
#3260 = DIRECTION('',(0.,0.,1.));
#3261 = DIRECTION('',(1.,0.,0.));
#3262 = ORIENTED_EDGE('',*,*,#3263,.F.);
#3263 = EDGE_CURVE('',#3196,#3255,#3264,.T.);
#3264 = LINE('',#3265,#3266);
#3265 = CARTESIAN_POINT('',(32.7,35.431370849899,0.));
#3266 = VECTOR('',#3267,1.);
#3267 = DIRECTION('',(0.,1.,0.));
#3268 = FACE_BOUND('',#3269,.T.);
#3269 = EDGE_LOOP('',(#3270,#3281,#3289,#3298,#3306,#3315,#3323,#3332));
#3270 = ORIENTED_EDGE('',*,*,#3271,.F.);
#3271 = EDGE_CURVE('',#3272,#3274,#3276,.T.);
#3272 = VERTEX_POINT('',#3273);
#3273 = CARTESIAN_POINT('',(48.568629150102,35.8,0.));
#3274 = VERTEX_POINT('',#3275);
#3275 = CARTESIAN_POINT('',(49.7,36.931370849898,0.));
#3276 = CIRCLE('',#3277,0.8);
#3277 = AXIS2_PLACEMENT_3D('',#3278,#3279,#3280);
#3278 = CARTESIAN_POINT('',(49.134314575051,36.365685424949,0.));
#3279 = DIRECTION('',(0.,0.,1.));
#3280 = DIRECTION('',(1.,0.,0.));
#3281 = ORIENTED_EDGE('',*,*,#3282,.T.);
#3282 = EDGE_CURVE('',#3272,#3283,#3285,.T.);
#3283 = VERTEX_POINT('',#3284);
#3284 = CARTESIAN_POINT('',(39.431370849899,35.8,0.));
#3285 = LINE('',#3286,#3287);
#3286 = CARTESIAN_POINT('',(44.431370849898,35.8,0.));
#3287 = VECTOR('',#3288,1.);
#3288 = DIRECTION('',(-1.,0.,0.));
#3289 = ORIENTED_EDGE('',*,*,#3290,.F.);
#3290 = EDGE_CURVE('',#3291,#3283,#3293,.T.);
#3291 = VERTEX_POINT('',#3292);
#3292 = CARTESIAN_POINT('',(38.3,36.931370849899,0.));
#3293 = CIRCLE('',#3294,0.8);
#3294 = AXIS2_PLACEMENT_3D('',#3295,#3296,#3297);
#3295 = CARTESIAN_POINT('',(38.865685424949,36.365685424949,0.));
#3296 = DIRECTION('',(0.,0.,1.));
#3297 = DIRECTION('',(1.,0.,0.));
#3298 = ORIENTED_EDGE('',*,*,#3299,.F.);
#3299 = EDGE_CURVE('',#3300,#3291,#3302,.T.);
#3300 = VERTEX_POINT('',#3301);
#3301 = CARTESIAN_POINT('',(38.3,38.068629150101,0.));
#3302 = LINE('',#3303,#3304);
#3303 = CARTESIAN_POINT('',(38.3,38.068629150101,0.));
#3304 = VECTOR('',#3305,1.);
#3305 = DIRECTION('',(0.,-1.,0.));
#3306 = ORIENTED_EDGE('',*,*,#3307,.F.);
#3307 = EDGE_CURVE('',#3308,#3300,#3310,.T.);
#3308 = VERTEX_POINT('',#3309);
#3309 = CARTESIAN_POINT('',(39.431370849899,39.2,0.));
#3310 = CIRCLE('',#3311,0.8);
#3311 = AXIS2_PLACEMENT_3D('',#3312,#3313,#3314);
#3312 = CARTESIAN_POINT('',(38.865685424949,38.634314575051,0.));
#3313 = DIRECTION('',(0.,0.,1.));
#3314 = DIRECTION('',(1.,0.,0.));
#3315 = ORIENTED_EDGE('',*,*,#3316,.T.);
#3316 = EDGE_CURVE('',#3308,#3317,#3319,.T.);
#3317 = VERTEX_POINT('',#3318);
#3318 = CARTESIAN_POINT('',(48.568629150102,39.2,0.));
#3319 = LINE('',#3320,#3321);
#3320 = CARTESIAN_POINT('',(44.431370849898,39.2,0.));
#3321 = VECTOR('',#3322,1.);
#3322 = DIRECTION('',(1.,-4.3E-16,0.));
#3323 = ORIENTED_EDGE('',*,*,#3324,.F.);
#3324 = EDGE_CURVE('',#3325,#3317,#3327,.T.);
#3325 = VERTEX_POINT('',#3326);
#3326 = CARTESIAN_POINT('',(49.7,38.068629150102,0.));
#3327 = CIRCLE('',#3328,0.8);
#3328 = AXIS2_PLACEMENT_3D('',#3329,#3330,#3331);
#3329 = CARTESIAN_POINT('',(49.134314575051,38.634314575051,0.));
#3330 = DIRECTION('',(0.,0.,1.));
#3331 = DIRECTION('',(1.,0.,0.));
#3332 = ORIENTED_EDGE('',*,*,#3333,.T.);
#3333 = EDGE_CURVE('',#3325,#3274,#3334,.T.);
#3334 = LINE('',#3335,#3336);
#3335 = CARTESIAN_POINT('',(49.7,38.068629150102,0.));
#3336 = VECTOR('',#3337,1.);
#3337 = DIRECTION('',(3.12E-15,-1.,0.));
#3338 = FACE_BOUND('',#3339,.T.);
#3339 = EDGE_LOOP('',(#3340,#3351,#3359,#3368,#3376,#3385,#3393,#3402));
#3340 = ORIENTED_EDGE('',*,*,#3341,.F.);
#3341 = EDGE_CURVE('',#3342,#3344,#3346,.T.);
#3342 = VERTEX_POINT('',#3343);
#3343 = CARTESIAN_POINT('',(17.568629150102,60.8,0.));
#3344 = VERTEX_POINT('',#3345);
#3345 = CARTESIAN_POINT('',(18.7,61.931370849898,0.));
#3346 = CIRCLE('',#3347,0.8);
#3347 = AXIS2_PLACEMENT_3D('',#3348,#3349,#3350);
#3348 = CARTESIAN_POINT('',(18.134314575051,61.365685424949,0.));
#3349 = DIRECTION('',(0.,0.,1.));
#3350 = DIRECTION('',(1.,0.,0.));
#3351 = ORIENTED_EDGE('',*,*,#3352,.T.);
#3352 = EDGE_CURVE('',#3342,#3353,#3355,.T.);
#3353 = VERTEX_POINT('',#3354);
#3354 = CARTESIAN_POINT('',(8.431370849899,60.8,0.));
#3355 = LINE('',#3356,#3357);
#3356 = CARTESIAN_POINT('',(13.431370849898,60.8,0.));
#3357 = VECTOR('',#3358,1.);
#3358 = DIRECTION('',(-1.,0.,0.));
#3359 = ORIENTED_EDGE('',*,*,#3360,.F.);
#3360 = EDGE_CURVE('',#3361,#3353,#3363,.T.);
#3361 = VERTEX_POINT('',#3362);
#3362 = CARTESIAN_POINT('',(7.3,61.931370849899,0.));
#3363 = CIRCLE('',#3364,0.8);
#3364 = AXIS2_PLACEMENT_3D('',#3365,#3366,#3367);
#3365 = CARTESIAN_POINT('',(7.865685424949,61.365685424949,0.));
#3366 = DIRECTION('',(0.,0.,1.));
#3367 = DIRECTION('',(1.,0.,0.));
#3368 = ORIENTED_EDGE('',*,*,#3369,.F.);
#3369 = EDGE_CURVE('',#3370,#3361,#3372,.T.);
#3370 = VERTEX_POINT('',#3371);
#3371 = CARTESIAN_POINT('',(7.3,63.068629150101,0.));
#3372 = LINE('',#3373,#3374);
#3373 = CARTESIAN_POINT('',(7.3,63.068629150101,0.));
#3374 = VECTOR('',#3375,1.);
#3375 = DIRECTION('',(0.,-1.,0.));
#3376 = ORIENTED_EDGE('',*,*,#3377,.F.);
#3377 = EDGE_CURVE('',#3378,#3370,#3380,.T.);
#3378 = VERTEX_POINT('',#3379);
#3379 = CARTESIAN_POINT('',(8.431370849899,64.2,0.));
#3380 = CIRCLE('',#3381,0.8);
#3381 = AXIS2_PLACEMENT_3D('',#3382,#3383,#3384);
#3382 = CARTESIAN_POINT('',(7.865685424949,63.634314575051,0.));
#3383 = DIRECTION('',(0.,0.,1.));
#3384 = DIRECTION('',(1.,0.,0.));
#3385 = ORIENTED_EDGE('',*,*,#3386,.T.);
#3386 = EDGE_CURVE('',#3378,#3387,#3389,.T.);
#3387 = VERTEX_POINT('',#3388);
#3388 = CARTESIAN_POINT('',(17.568629150102,64.2,0.));
#3389 = LINE('',#3390,#3391);
#3390 = CARTESIAN_POINT('',(13.431370849898,64.2,0.));
#3391 = VECTOR('',#3392,1.);
#3392 = DIRECTION('',(1.,-4.3E-16,0.));
#3393 = ORIENTED_EDGE('',*,*,#3394,.F.);
#3394 = EDGE_CURVE('',#3395,#3387,#3397,.T.);
#3395 = VERTEX_POINT('',#3396);
#3396 = CARTESIAN_POINT('',(18.7,63.068629150102,0.));
#3397 = CIRCLE('',#3398,0.8);
#3398 = AXIS2_PLACEMENT_3D('',#3399,#3400,#3401);
#3399 = CARTESIAN_POINT('',(18.134314575051,63.634314575051,0.));
#3400 = DIRECTION('',(0.,0.,1.));
#3401 = DIRECTION('',(1.,0.,0.));
#3402 = ORIENTED_EDGE('',*,*,#3403,.T.);
#3403 = EDGE_CURVE('',#3395,#3344,#3404,.T.);
#3404 = LINE('',#3405,#3406);
#3405 = CARTESIAN_POINT('',(18.7,63.068629150102,0.));
#3406 = VECTOR('',#3407,1.);
#3407 = DIRECTION('',(3.12E-15,-1.,0.));
#3408 = FACE_BOUND('',#3409,.T.);
#3409 = EDGE_LOOP('',(#3410,#3421,#3429,#3438,#3446,#3455,#3463,#3472));
#3410 = ORIENTED_EDGE('',*,*,#3411,.F.);
#3411 = EDGE_CURVE('',#3412,#3414,#3416,.T.);
#3412 = VERTEX_POINT('',#3413);
#3413 = CARTESIAN_POINT('',(48.568629150102,60.8,0.));
#3414 = VERTEX_POINT('',#3415);
#3415 = CARTESIAN_POINT('',(49.7,61.931370849898,0.));
#3416 = CIRCLE('',#3417,0.8);
#3417 = AXIS2_PLACEMENT_3D('',#3418,#3419,#3420);
#3418 = CARTESIAN_POINT('',(49.134314575051,61.365685424949,0.));
#3419 = DIRECTION('',(0.,0.,1.));
#3420 = DIRECTION('',(1.,0.,0.));
#3421 = ORIENTED_EDGE('',*,*,#3422,.T.);
#3422 = EDGE_CURVE('',#3412,#3423,#3425,.T.);
#3423 = VERTEX_POINT('',#3424);
#3424 = CARTESIAN_POINT('',(39.431370849899,60.8,0.));
#3425 = LINE('',#3426,#3427);
#3426 = CARTESIAN_POINT('',(44.431370849898,60.8,0.));
#3427 = VECTOR('',#3428,1.);
#3428 = DIRECTION('',(-1.,0.,0.));
#3429 = ORIENTED_EDGE('',*,*,#3430,.F.);
#3430 = EDGE_CURVE('',#3431,#3423,#3433,.T.);
#3431 = VERTEX_POINT('',#3432);
#3432 = CARTESIAN_POINT('',(38.3,61.931370849899,0.));
#3433 = CIRCLE('',#3434,0.8);
#3434 = AXIS2_PLACEMENT_3D('',#3435,#3436,#3437);
#3435 = CARTESIAN_POINT('',(38.865685424949,61.365685424949,0.));
#3436 = DIRECTION('',(0.,0.,1.));
#3437 = DIRECTION('',(1.,0.,0.));
#3438 = ORIENTED_EDGE('',*,*,#3439,.F.);
#3439 = EDGE_CURVE('',#3440,#3431,#3442,.T.);
#3440 = VERTEX_POINT('',#3441);
#3441 = CARTESIAN_POINT('',(38.3,63.068629150101,0.));
#3442 = LINE('',#3443,#3444);
#3443 = CARTESIAN_POINT('',(38.3,63.068629150101,0.));
#3444 = VECTOR('',#3445,1.);
#3445 = DIRECTION('',(0.,-1.,0.));
#3446 = ORIENTED_EDGE('',*,*,#3447,.F.);
#3447 = EDGE_CURVE('',#3448,#3440,#3450,.T.);
#3448 = VERTEX_POINT('',#3449);
#3449 = CARTESIAN_POINT('',(39.431370849899,64.2,0.));
#3450 = CIRCLE('',#3451,0.8);
#3451 = AXIS2_PLACEMENT_3D('',#3452,#3453,#3454);
#3452 = CARTESIAN_POINT('',(38.865685424949,63.634314575051,0.));
#3453 = DIRECTION('',(0.,0.,1.));
#3454 = DIRECTION('',(1.,0.,0.));
#3455 = ORIENTED_EDGE('',*,*,#3456,.T.);
#3456 = EDGE_CURVE('',#3448,#3457,#3459,.T.);
#3457 = VERTEX_POINT('',#3458);
#3458 = CARTESIAN_POINT('',(48.568629150102,64.2,0.));
#3459 = LINE('',#3460,#3461);
#3460 = CARTESIAN_POINT('',(44.431370849898,64.2,0.));
#3461 = VECTOR('',#3462,1.);
#3462 = DIRECTION('',(1.,-4.3E-16,0.));
#3463 = ORIENTED_EDGE('',*,*,#3464,.F.);
#3464 = EDGE_CURVE('',#3465,#3457,#3467,.T.);
#3465 = VERTEX_POINT('',#3466);
#3466 = CARTESIAN_POINT('',(49.7,63.068629150102,0.));
#3467 = CIRCLE('',#3468,0.8);
#3468 = AXIS2_PLACEMENT_3D('',#3469,#3470,#3471);
#3469 = CARTESIAN_POINT('',(49.134314575051,63.634314575051,0.));
#3470 = DIRECTION('',(0.,0.,1.));
#3471 = DIRECTION('',(1.,0.,0.));
#3472 = ORIENTED_EDGE('',*,*,#3473,.T.);
#3473 = EDGE_CURVE('',#3465,#3414,#3474,.T.);
#3474 = LINE('',#3475,#3476);
#3475 = CARTESIAN_POINT('',(49.7,63.068629150102,0.));
#3476 = VECTOR('',#3477,1.);
#3477 = DIRECTION('',(3.12E-15,-1.,0.));
#3478 = FACE_BOUND('',#3479,.T.);
#3479 = EDGE_LOOP('',(#3480,#3491,#3499,#3508,#3516,#3525,#3533,#3541,
    #3550));
#3480 = ORIENTED_EDGE('',*,*,#3481,.F.);
#3481 = EDGE_CURVE('',#3482,#3484,#3486,.T.);
#3482 = VERTEX_POINT('',#3483);
#3483 = CARTESIAN_POINT('',(62.568629150102,34.3,0.));
#3484 = VERTEX_POINT('',#3485);
#3485 = CARTESIAN_POINT('',(63.7,35.431370849899,0.));
#3486 = CIRCLE('',#3487,0.8);
#3487 = AXIS2_PLACEMENT_3D('',#3488,#3489,#3490);
#3488 = CARTESIAN_POINT('',(63.134314575051,34.865685424949,0.));
#3489 = DIRECTION('',(0.,0.,1.));
#3490 = DIRECTION('',(1.,0.,0.));
#3491 = ORIENTED_EDGE('',*,*,#3492,.T.);
#3492 = EDGE_CURVE('',#3482,#3493,#3495,.T.);
#3493 = VERTEX_POINT('',#3494);
#3494 = CARTESIAN_POINT('',(56.431370849899,34.300000000001,0.));
#3495 = LINE('',#3496,#3497);
#3496 = CARTESIAN_POINT('',(61.431370849899,34.300000000001,0.));
#3497 = VECTOR('',#3498,1.);
#3498 = DIRECTION('',(-1.,0.,0.));
#3499 = ORIENTED_EDGE('',*,*,#3500,.F.);
#3500 = EDGE_CURVE('',#3501,#3493,#3503,.T.);
#3501 = VERTEX_POINT('',#3502);
#3502 = CARTESIAN_POINT('',(55.3,35.431370849899,0.));
#3503 = CIRCLE('',#3504,0.8);
#3504 = AXIS2_PLACEMENT_3D('',#3505,#3506,#3507);
#3505 = CARTESIAN_POINT('',(55.865685424949,34.865685424949,0.));
#3506 = DIRECTION('',(0.,0.,1.));
#3507 = DIRECTION('',(1.,0.,0.));
#3508 = ORIENTED_EDGE('',*,*,#3509,.F.);
#3509 = EDGE_CURVE('',#3510,#3501,#3512,.T.);
#3510 = VERTEX_POINT('',#3511);
#3511 = CARTESIAN_POINT('',(55.3,39.568629150101,0.));
#3512 = LINE('',#3513,#3514);
#3513 = CARTESIAN_POINT('',(55.3,39.568629150101,0.));
#3514 = VECTOR('',#3515,1.);
#3515 = DIRECTION('',(0.,-1.,0.));
#3516 = ORIENTED_EDGE('',*,*,#3517,.F.);
#3517 = EDGE_CURVE('',#3518,#3510,#3520,.T.);
#3518 = VERTEX_POINT('',#3519);
#3519 = CARTESIAN_POINT('',(56.431370849899,40.699999999999,0.));
#3520 = CIRCLE('',#3521,0.8);
#3521 = AXIS2_PLACEMENT_3D('',#3522,#3523,#3524);
#3522 = CARTESIAN_POINT('',(55.865685424949,40.134314575051,0.));
#3523 = DIRECTION('',(0.,0.,1.));
#3524 = DIRECTION('',(1.,0.,0.));
#3525 = ORIENTED_EDGE('',*,*,#3526,.F.);
#3526 = EDGE_CURVE('',#3527,#3518,#3529,.T.);
#3527 = VERTEX_POINT('',#3528);
#3528 = CARTESIAN_POINT('',(61.4313708499,40.699999999998,0.));
#3529 = LINE('',#3530,#3531);
#3530 = CARTESIAN_POINT('',(61.4313708499,40.699999999998,0.));
#3531 = VECTOR('',#3532,1.);
#3532 = DIRECTION('',(-1.,0.,0.));
#3533 = ORIENTED_EDGE('',*,*,#3534,.T.);
#3534 = EDGE_CURVE('',#3527,#3535,#3537,.T.);
#3535 = VERTEX_POINT('',#3536);
#3536 = CARTESIAN_POINT('',(62.568629150102,40.7,0.));
#3537 = LINE('',#3538,#3539);
#3538 = CARTESIAN_POINT('',(61.4313708499,40.699999999998,0.));
#3539 = VECTOR('',#3540,1.);
#3540 = DIRECTION('',(1.,1.51511E-12,0.));
#3541 = ORIENTED_EDGE('',*,*,#3542,.F.);
#3542 = EDGE_CURVE('',#3543,#3535,#3545,.T.);
#3543 = VERTEX_POINT('',#3544);
#3544 = CARTESIAN_POINT('',(63.7,39.568629150102,0.));
#3545 = CIRCLE('',#3546,0.8);
#3546 = AXIS2_PLACEMENT_3D('',#3547,#3548,#3549);
#3547 = CARTESIAN_POINT('',(63.134314575051,40.134314575051,0.));
#3548 = DIRECTION('',(0.,0.,1.));
#3549 = DIRECTION('',(1.,0.,0.));
#3550 = ORIENTED_EDGE('',*,*,#3551,.F.);
#3551 = EDGE_CURVE('',#3484,#3543,#3552,.T.);
#3552 = LINE('',#3553,#3554);
#3553 = CARTESIAN_POINT('',(63.7,35.431370849899,0.));
#3554 = VECTOR('',#3555,1.);
#3555 = DIRECTION('',(0.,1.,0.));
#3556 = FACE_BOUND('',#3557,.T.);
#3557 = EDGE_LOOP('',(#3558,#3569,#3577,#3586,#3594,#3603,#3611,#3620));
#3558 = ORIENTED_EDGE('',*,*,#3559,.F.);
#3559 = EDGE_CURVE('',#3560,#3562,#3564,.T.);
#3560 = VERTEX_POINT('',#3561);
#3561 = CARTESIAN_POINT('',(79.568629150102,35.8,0.));
#3562 = VERTEX_POINT('',#3563);
#3563 = CARTESIAN_POINT('',(80.7,36.931370849898,0.));
#3564 = CIRCLE('',#3565,0.8);
#3565 = AXIS2_PLACEMENT_3D('',#3566,#3567,#3568);
#3566 = CARTESIAN_POINT('',(80.134314575051,36.365685424949,0.));
#3567 = DIRECTION('',(0.,0.,1.));
#3568 = DIRECTION('',(1.,0.,0.));
#3569 = ORIENTED_EDGE('',*,*,#3570,.T.);
#3570 = EDGE_CURVE('',#3560,#3571,#3573,.T.);
#3571 = VERTEX_POINT('',#3572);
#3572 = CARTESIAN_POINT('',(70.431370849899,35.8,0.));
#3573 = LINE('',#3574,#3575);
#3574 = CARTESIAN_POINT('',(75.431370849898,35.8,0.));
#3575 = VECTOR('',#3576,1.);
#3576 = DIRECTION('',(-1.,0.,0.));
#3577 = ORIENTED_EDGE('',*,*,#3578,.F.);
#3578 = EDGE_CURVE('',#3579,#3571,#3581,.T.);
#3579 = VERTEX_POINT('',#3580);
#3580 = CARTESIAN_POINT('',(69.3,36.931370849899,0.));
#3581 = CIRCLE('',#3582,0.8);
#3582 = AXIS2_PLACEMENT_3D('',#3583,#3584,#3585);
#3583 = CARTESIAN_POINT('',(69.865685424949,36.365685424949,0.));
#3584 = DIRECTION('',(0.,0.,1.));
#3585 = DIRECTION('',(1.,0.,0.));
#3586 = ORIENTED_EDGE('',*,*,#3587,.F.);
#3587 = EDGE_CURVE('',#3588,#3579,#3590,.T.);
#3588 = VERTEX_POINT('',#3589);
#3589 = CARTESIAN_POINT('',(69.3,38.068629150101,0.));
#3590 = LINE('',#3591,#3592);
#3591 = CARTESIAN_POINT('',(69.3,38.068629150101,0.));
#3592 = VECTOR('',#3593,1.);
#3593 = DIRECTION('',(0.,-1.,0.));
#3594 = ORIENTED_EDGE('',*,*,#3595,.F.);
#3595 = EDGE_CURVE('',#3596,#3588,#3598,.T.);
#3596 = VERTEX_POINT('',#3597);
#3597 = CARTESIAN_POINT('',(70.431370849898,39.2,0.));
#3598 = CIRCLE('',#3599,0.8);
#3599 = AXIS2_PLACEMENT_3D('',#3600,#3601,#3602);
#3600 = CARTESIAN_POINT('',(69.865685424949,38.634314575051,0.));
#3601 = DIRECTION('',(0.,0.,1.));
#3602 = DIRECTION('',(1.,0.,0.));
#3603 = ORIENTED_EDGE('',*,*,#3604,.T.);
#3604 = EDGE_CURVE('',#3596,#3605,#3607,.T.);
#3605 = VERTEX_POINT('',#3606);
#3606 = CARTESIAN_POINT('',(79.568629150102,39.2,0.));
#3607 = LINE('',#3608,#3609);
#3608 = CARTESIAN_POINT('',(75.431370849898,39.2,0.));
#3609 = VECTOR('',#3610,1.);
#3610 = DIRECTION('',(1.,-4.3E-16,0.));
#3611 = ORIENTED_EDGE('',*,*,#3612,.F.);
#3612 = EDGE_CURVE('',#3613,#3605,#3615,.T.);
#3613 = VERTEX_POINT('',#3614);
#3614 = CARTESIAN_POINT('',(80.7,38.068629150102,0.));
#3615 = CIRCLE('',#3616,0.8);
#3616 = AXIS2_PLACEMENT_3D('',#3617,#3618,#3619);
#3617 = CARTESIAN_POINT('',(80.134314575051,38.634314575051,0.));
#3618 = DIRECTION('',(0.,0.,1.));
#3619 = DIRECTION('',(1.,0.,0.));
#3620 = ORIENTED_EDGE('',*,*,#3621,.T.);
#3621 = EDGE_CURVE('',#3613,#3562,#3622,.T.);
#3622 = LINE('',#3623,#3624);
#3623 = CARTESIAN_POINT('',(80.7,38.068629150102,0.));
#3624 = VECTOR('',#3625,1.);
#3625 = DIRECTION('',(3.12E-15,-1.,0.));
#3626 = FACE_BOUND('',#3627,.T.);
#3627 = EDGE_LOOP('',(#3628,#3639,#3647,#3656,#3664,#3673,#3681,#3689,
    #3698));
#3628 = ORIENTED_EDGE('',*,*,#3629,.F.);
#3629 = EDGE_CURVE('',#3630,#3632,#3634,.T.);
#3630 = VERTEX_POINT('',#3631);
#3631 = CARTESIAN_POINT('',(93.568629150102,34.3,0.));
#3632 = VERTEX_POINT('',#3633);
#3633 = CARTESIAN_POINT('',(94.7,35.431370849899,0.));
#3634 = CIRCLE('',#3635,0.8);
#3635 = AXIS2_PLACEMENT_3D('',#3636,#3637,#3638);
#3636 = CARTESIAN_POINT('',(94.134314575051,34.865685424949,0.));
#3637 = DIRECTION('',(0.,0.,1.));
#3638 = DIRECTION('',(1.,0.,0.));
#3639 = ORIENTED_EDGE('',*,*,#3640,.T.);
#3640 = EDGE_CURVE('',#3630,#3641,#3643,.T.);
#3641 = VERTEX_POINT('',#3642);
#3642 = CARTESIAN_POINT('',(87.431370849899,34.300000000001,0.));
#3643 = LINE('',#3644,#3645);
#3644 = CARTESIAN_POINT('',(92.431370849899,34.300000000001,0.));
#3645 = VECTOR('',#3646,1.);
#3646 = DIRECTION('',(-1.,0.,0.));
#3647 = ORIENTED_EDGE('',*,*,#3648,.F.);
#3648 = EDGE_CURVE('',#3649,#3641,#3651,.T.);
#3649 = VERTEX_POINT('',#3650);
#3650 = CARTESIAN_POINT('',(86.3,35.431370849899,0.));
#3651 = CIRCLE('',#3652,0.8);
#3652 = AXIS2_PLACEMENT_3D('',#3653,#3654,#3655);
#3653 = CARTESIAN_POINT('',(86.865685424949,34.865685424949,0.));
#3654 = DIRECTION('',(0.,0.,1.));
#3655 = DIRECTION('',(1.,0.,0.));
#3656 = ORIENTED_EDGE('',*,*,#3657,.F.);
#3657 = EDGE_CURVE('',#3658,#3649,#3660,.T.);
#3658 = VERTEX_POINT('',#3659);
#3659 = CARTESIAN_POINT('',(86.3,39.568629150101,0.));
#3660 = LINE('',#3661,#3662);
#3661 = CARTESIAN_POINT('',(86.3,39.568629150101,0.));
#3662 = VECTOR('',#3663,1.);
#3663 = DIRECTION('',(0.,-1.,0.));
#3664 = ORIENTED_EDGE('',*,*,#3665,.F.);
#3665 = EDGE_CURVE('',#3666,#3658,#3668,.T.);
#3666 = VERTEX_POINT('',#3667);
#3667 = CARTESIAN_POINT('',(87.431370849899,40.699999999999,0.));
#3668 = CIRCLE('',#3669,0.8);
#3669 = AXIS2_PLACEMENT_3D('',#3670,#3671,#3672);
#3670 = CARTESIAN_POINT('',(86.865685424949,40.134314575051,0.));
#3671 = DIRECTION('',(0.,0.,1.));
#3672 = DIRECTION('',(1.,0.,0.));
#3673 = ORIENTED_EDGE('',*,*,#3674,.F.);
#3674 = EDGE_CURVE('',#3675,#3666,#3677,.T.);
#3675 = VERTEX_POINT('',#3676);
#3676 = CARTESIAN_POINT('',(92.4313708499,40.699999999998,0.));
#3677 = LINE('',#3678,#3679);
#3678 = CARTESIAN_POINT('',(92.4313708499,40.699999999998,0.));
#3679 = VECTOR('',#3680,1.);
#3680 = DIRECTION('',(-1.,0.,0.));
#3681 = ORIENTED_EDGE('',*,*,#3682,.T.);
#3682 = EDGE_CURVE('',#3675,#3683,#3685,.T.);
#3683 = VERTEX_POINT('',#3684);
#3684 = CARTESIAN_POINT('',(93.568629150102,40.7,0.));
#3685 = LINE('',#3686,#3687);
#3686 = CARTESIAN_POINT('',(92.4313708499,40.699999999998,0.));
#3687 = VECTOR('',#3688,1.);
#3688 = DIRECTION('',(1.,1.51511E-12,0.));
#3689 = ORIENTED_EDGE('',*,*,#3690,.F.);
#3690 = EDGE_CURVE('',#3691,#3683,#3693,.T.);
#3691 = VERTEX_POINT('',#3692);
#3692 = CARTESIAN_POINT('',(94.7,39.568629150102,0.));
#3693 = CIRCLE('',#3694,0.8);
#3694 = AXIS2_PLACEMENT_3D('',#3695,#3696,#3697);
#3695 = CARTESIAN_POINT('',(94.134314575051,40.134314575051,0.));
#3696 = DIRECTION('',(0.,0.,1.));
#3697 = DIRECTION('',(1.,0.,0.));
#3698 = ORIENTED_EDGE('',*,*,#3699,.F.);
#3699 = EDGE_CURVE('',#3632,#3691,#3700,.T.);
#3700 = LINE('',#3701,#3702);
#3701 = CARTESIAN_POINT('',(94.7,35.431370849899,0.));
#3702 = VECTOR('',#3703,1.);
#3703 = DIRECTION('',(0.,1.,0.));
#3704 = FACE_BOUND('',#3705,.T.);
#3705 = EDGE_LOOP('',(#3706,#3717,#3725,#3734,#3742,#3751,#3759,#3768));
#3706 = ORIENTED_EDGE('',*,*,#3707,.F.);
#3707 = EDGE_CURVE('',#3708,#3710,#3712,.T.);
#3708 = VERTEX_POINT('',#3709);
#3709 = CARTESIAN_POINT('',(79.568629150102,60.8,0.));
#3710 = VERTEX_POINT('',#3711);
#3711 = CARTESIAN_POINT('',(80.7,61.931370849898,0.));
#3712 = CIRCLE('',#3713,0.8);
#3713 = AXIS2_PLACEMENT_3D('',#3714,#3715,#3716);
#3714 = CARTESIAN_POINT('',(80.134314575051,61.365685424949,0.));
#3715 = DIRECTION('',(0.,0.,1.));
#3716 = DIRECTION('',(1.,0.,0.));
#3717 = ORIENTED_EDGE('',*,*,#3718,.T.);
#3718 = EDGE_CURVE('',#3708,#3719,#3721,.T.);
#3719 = VERTEX_POINT('',#3720);
#3720 = CARTESIAN_POINT('',(70.431370849899,60.8,0.));
#3721 = LINE('',#3722,#3723);
#3722 = CARTESIAN_POINT('',(75.431370849898,60.8,0.));
#3723 = VECTOR('',#3724,1.);
#3724 = DIRECTION('',(-1.,0.,0.));
#3725 = ORIENTED_EDGE('',*,*,#3726,.F.);
#3726 = EDGE_CURVE('',#3727,#3719,#3729,.T.);
#3727 = VERTEX_POINT('',#3728);
#3728 = CARTESIAN_POINT('',(69.3,61.931370849899,0.));
#3729 = CIRCLE('',#3730,0.8);
#3730 = AXIS2_PLACEMENT_3D('',#3731,#3732,#3733);
#3731 = CARTESIAN_POINT('',(69.865685424949,61.365685424949,0.));
#3732 = DIRECTION('',(0.,0.,1.));
#3733 = DIRECTION('',(1.,0.,0.));
#3734 = ORIENTED_EDGE('',*,*,#3735,.F.);
#3735 = EDGE_CURVE('',#3736,#3727,#3738,.T.);
#3736 = VERTEX_POINT('',#3737);
#3737 = CARTESIAN_POINT('',(69.3,63.068629150101,0.));
#3738 = LINE('',#3739,#3740);
#3739 = CARTESIAN_POINT('',(69.3,63.068629150101,0.));
#3740 = VECTOR('',#3741,1.);
#3741 = DIRECTION('',(0.,-1.,0.));
#3742 = ORIENTED_EDGE('',*,*,#3743,.F.);
#3743 = EDGE_CURVE('',#3744,#3736,#3746,.T.);
#3744 = VERTEX_POINT('',#3745);
#3745 = CARTESIAN_POINT('',(70.431370849898,64.2,0.));
#3746 = CIRCLE('',#3747,0.8);
#3747 = AXIS2_PLACEMENT_3D('',#3748,#3749,#3750);
#3748 = CARTESIAN_POINT('',(69.865685424949,63.634314575051,0.));
#3749 = DIRECTION('',(0.,0.,1.));
#3750 = DIRECTION('',(1.,0.,0.));
#3751 = ORIENTED_EDGE('',*,*,#3752,.T.);
#3752 = EDGE_CURVE('',#3744,#3753,#3755,.T.);
#3753 = VERTEX_POINT('',#3754);
#3754 = CARTESIAN_POINT('',(79.568629150102,64.2,0.));
#3755 = LINE('',#3756,#3757);
#3756 = CARTESIAN_POINT('',(75.431370849898,64.2,0.));
#3757 = VECTOR('',#3758,1.);
#3758 = DIRECTION('',(1.,-4.3E-16,0.));
#3759 = ORIENTED_EDGE('',*,*,#3760,.F.);
#3760 = EDGE_CURVE('',#3761,#3753,#3763,.T.);
#3761 = VERTEX_POINT('',#3762);
#3762 = CARTESIAN_POINT('',(80.7,63.068629150102,0.));
#3763 = CIRCLE('',#3764,0.8);
#3764 = AXIS2_PLACEMENT_3D('',#3765,#3766,#3767);
#3765 = CARTESIAN_POINT('',(80.134314575051,63.634314575051,0.));
#3766 = DIRECTION('',(0.,0.,1.));
#3767 = DIRECTION('',(1.,0.,0.));
#3768 = ORIENTED_EDGE('',*,*,#3769,.T.);
#3769 = EDGE_CURVE('',#3761,#3710,#3770,.T.);
#3770 = LINE('',#3771,#3772);
#3771 = CARTESIAN_POINT('',(80.7,63.068629150102,0.));
#3772 = VECTOR('',#3773,1.);
#3773 = DIRECTION('',(3.12E-15,-1.,0.));
#3774 = PLANE('',#3775);
#3775 = AXIS2_PLACEMENT_3D('',#3776,#3777,#3778);
#3776 = CARTESIAN_POINT('',(46.5,25.,0.));
#3777 = DIRECTION('',(0.,0.,1.));
#3778 = DIRECTION('',(1.,0.,0.));
#3779 = ADVANCED_FACE('',(#3780,#3791,#3861,#3931,#4001,#4071,#4141,
    #4211,#4281,#4351,#4421,#4491,#4561,#4631,#4701,#4771,#4841,#4911,
    #4981,#5051,#5121),#5191,.F.);
#3780 = FACE_BOUND('',#3781,.F.);
#3781 = EDGE_LOOP('',(#3782,#3783,#3784,#3790));
#3782 = ORIENTED_EDGE('',*,*,#2210,.T.);
#3783 = ORIENTED_EDGE('',*,*,#2272,.T.);
#3784 = ORIENTED_EDGE('',*,*,#3785,.T.);
#3785 = EDGE_CURVE('',#2273,#2243,#3786,.T.);
#3786 = LINE('',#3787,#3788);
#3787 = CARTESIAN_POINT('',(120.,89.5,-4.));
#3788 = VECTOR('',#3789,1.);
#3789 = DIRECTION('',(-1.,0.,0.));
#3790 = ORIENTED_EDGE('',*,*,#2250,.T.);
#3791 = FACE_BOUND('',#3792,.F.);
#3792 = EDGE_LOOP('',(#3793,#3804,#3812,#3821,#3829,#3838,#3846,#3855));
#3793 = ORIENTED_EDGE('',*,*,#3794,.F.);
#3794 = EDGE_CURVE('',#3795,#3797,#3799,.T.);
#3795 = VERTEX_POINT('',#3796);
#3796 = CARTESIAN_POINT('',(17.568629150102,-14.2,-4.));
#3797 = VERTEX_POINT('',#3798);
#3798 = CARTESIAN_POINT('',(18.7,-13.0686291501,-4.));
#3799 = CIRCLE('',#3800,0.8);
#3800 = AXIS2_PLACEMENT_3D('',#3801,#3802,#3803);
#3801 = CARTESIAN_POINT('',(18.134314575051,-13.63431457505,-4.));
#3802 = DIRECTION('',(0.,0.,1.));
#3803 = DIRECTION('',(1.,0.,0.));
#3804 = ORIENTED_EDGE('',*,*,#3805,.F.);
#3805 = EDGE_CURVE('',#3806,#3795,#3808,.T.);
#3806 = VERTEX_POINT('',#3807);
#3807 = CARTESIAN_POINT('',(8.431370849899,-14.2,-4.));
#3808 = LINE('',#3809,#3810);
#3809 = CARTESIAN_POINT('',(29.75,-14.2,-4.));
#3810 = VECTOR('',#3811,1.);
#3811 = DIRECTION('',(1.,-2.447E-14,0.));
#3812 = ORIENTED_EDGE('',*,*,#3813,.F.);
#3813 = EDGE_CURVE('',#3814,#3806,#3816,.T.);
#3814 = VERTEX_POINT('',#3815);
#3815 = CARTESIAN_POINT('',(7.3,-13.0686291501,-4.));
#3816 = CIRCLE('',#3817,0.8);
#3817 = AXIS2_PLACEMENT_3D('',#3818,#3819,#3820);
#3818 = CARTESIAN_POINT('',(7.865685424949,-13.63431457505,-4.));
#3819 = DIRECTION('',(0.,0.,1.));
#3820 = DIRECTION('',(1.,0.,0.));
#3821 = ORIENTED_EDGE('',*,*,#3822,.F.);
#3822 = EDGE_CURVE('',#3823,#3814,#3825,.T.);
#3823 = VERTEX_POINT('',#3824);
#3824 = CARTESIAN_POINT('',(7.3,-11.93137084989,-4.));
#3825 = LINE('',#3826,#3827);
#3826 = CARTESIAN_POINT('',(7.3,6.534314575051,-4.));
#3827 = VECTOR('',#3828,1.);
#3828 = DIRECTION('',(0.,-1.,0.));
#3829 = ORIENTED_EDGE('',*,*,#3830,.F.);
#3830 = EDGE_CURVE('',#3831,#3823,#3833,.T.);
#3831 = VERTEX_POINT('',#3832);
#3832 = CARTESIAN_POINT('',(8.431370849899,-10.8,-4.));
#3833 = CIRCLE('',#3834,0.8);
#3834 = AXIS2_PLACEMENT_3D('',#3835,#3836,#3837);
#3835 = CARTESIAN_POINT('',(7.865685424949,-11.36568542494,-4.));
#3836 = DIRECTION('',(0.,0.,1.));
#3837 = DIRECTION('',(1.,0.,0.));
#3838 = ORIENTED_EDGE('',*,*,#3839,.F.);
#3839 = EDGE_CURVE('',#3840,#3831,#3842,.T.);
#3840 = VERTEX_POINT('',#3841);
#3841 = CARTESIAN_POINT('',(17.568629150102,-10.8,-4.));
#3842 = LINE('',#3843,#3844);
#3843 = CARTESIAN_POINT('',(29.75,-10.8,-4.));
#3844 = VECTOR('',#3845,1.);
#3845 = DIRECTION('',(-1.,-7.7E-16,0.));
#3846 = ORIENTED_EDGE('',*,*,#3847,.F.);
#3847 = EDGE_CURVE('',#3848,#3840,#3850,.T.);
#3848 = VERTEX_POINT('',#3849);
#3849 = CARTESIAN_POINT('',(18.7,-11.93137084989,-4.));
#3850 = CIRCLE('',#3851,0.8);
#3851 = AXIS2_PLACEMENT_3D('',#3852,#3853,#3854);
#3852 = CARTESIAN_POINT('',(18.134314575051,-11.36568542494,-4.));
#3853 = DIRECTION('',(0.,0.,1.));
#3854 = DIRECTION('',(1.,0.,0.));
#3855 = ORIENTED_EDGE('',*,*,#3856,.T.);
#3856 = EDGE_CURVE('',#3848,#3797,#3857,.T.);
#3857 = LINE('',#3858,#3859);
#3858 = CARTESIAN_POINT('',(18.7,6.534314575051,-4.));
#3859 = VECTOR('',#3860,1.);
#3860 = DIRECTION('',(3.12E-15,-1.,0.));
#3861 = FACE_BOUND('',#3862,.F.);
#3862 = EDGE_LOOP('',(#3863,#3874,#3882,#3891,#3899,#3908,#3916,#3925));
#3863 = ORIENTED_EDGE('',*,*,#3864,.F.);
#3864 = EDGE_CURVE('',#3865,#3867,#3869,.T.);
#3865 = VERTEX_POINT('',#3866);
#3866 = CARTESIAN_POINT('',(48.568629150102,-14.2,-4.));
#3867 = VERTEX_POINT('',#3868);
#3868 = CARTESIAN_POINT('',(49.7,-13.0686291501,-4.));
#3869 = CIRCLE('',#3870,0.8);
#3870 = AXIS2_PLACEMENT_3D('',#3871,#3872,#3873);
#3871 = CARTESIAN_POINT('',(49.134314575051,-13.63431457505,-4.));
#3872 = DIRECTION('',(0.,0.,1.));
#3873 = DIRECTION('',(1.,0.,-0.));
#3874 = ORIENTED_EDGE('',*,*,#3875,.F.);
#3875 = EDGE_CURVE('',#3876,#3865,#3878,.T.);
#3876 = VERTEX_POINT('',#3877);
#3877 = CARTESIAN_POINT('',(39.431370849899,-14.2,-4.));
#3878 = LINE('',#3879,#3880);
#3879 = CARTESIAN_POINT('',(45.25,-14.2,-4.));
#3880 = VECTOR('',#3881,1.);
#3881 = DIRECTION('',(1.,-2.447E-14,0.));
#3882 = ORIENTED_EDGE('',*,*,#3883,.F.);
#3883 = EDGE_CURVE('',#3884,#3876,#3886,.T.);
#3884 = VERTEX_POINT('',#3885);
#3885 = CARTESIAN_POINT('',(38.3,-13.0686291501,-4.));
#3886 = CIRCLE('',#3887,0.8);
#3887 = AXIS2_PLACEMENT_3D('',#3888,#3889,#3890);
#3888 = CARTESIAN_POINT('',(38.865685424949,-13.63431457505,-4.));
#3889 = DIRECTION('',(0.,0.,1.));
#3890 = DIRECTION('',(1.,0.,-0.));
#3891 = ORIENTED_EDGE('',*,*,#3892,.F.);
#3892 = EDGE_CURVE('',#3893,#3884,#3895,.T.);
#3893 = VERTEX_POINT('',#3894);
#3894 = CARTESIAN_POINT('',(38.3,-11.93137084989,-4.));
#3895 = LINE('',#3896,#3897);
#3896 = CARTESIAN_POINT('',(38.3,6.534314575051,-4.));
#3897 = VECTOR('',#3898,1.);
#3898 = DIRECTION('',(0.,-1.,0.));
#3899 = ORIENTED_EDGE('',*,*,#3900,.F.);
#3900 = EDGE_CURVE('',#3901,#3893,#3903,.T.);
#3901 = VERTEX_POINT('',#3902);
#3902 = CARTESIAN_POINT('',(39.431370849899,-10.8,-4.));
#3903 = CIRCLE('',#3904,0.8);
#3904 = AXIS2_PLACEMENT_3D('',#3905,#3906,#3907);
#3905 = CARTESIAN_POINT('',(38.865685424949,-11.36568542494,-4.));
#3906 = DIRECTION('',(0.,0.,1.));
#3907 = DIRECTION('',(1.,0.,-0.));
#3908 = ORIENTED_EDGE('',*,*,#3909,.F.);
#3909 = EDGE_CURVE('',#3910,#3901,#3912,.T.);
#3910 = VERTEX_POINT('',#3911);
#3911 = CARTESIAN_POINT('',(48.568629150102,-10.8,-4.));
#3912 = LINE('',#3913,#3914);
#3913 = CARTESIAN_POINT('',(45.25,-10.8,-4.));
#3914 = VECTOR('',#3915,1.);
#3915 = DIRECTION('',(-1.,-7.7E-16,0.));
#3916 = ORIENTED_EDGE('',*,*,#3917,.F.);
#3917 = EDGE_CURVE('',#3918,#3910,#3920,.T.);
#3918 = VERTEX_POINT('',#3919);
#3919 = CARTESIAN_POINT('',(49.7,-11.93137084989,-4.));
#3920 = CIRCLE('',#3921,0.8);
#3921 = AXIS2_PLACEMENT_3D('',#3922,#3923,#3924);
#3922 = CARTESIAN_POINT('',(49.134314575051,-11.36568542494,-4.));
#3923 = DIRECTION('',(0.,0.,1.));
#3924 = DIRECTION('',(1.,0.,-0.));
#3925 = ORIENTED_EDGE('',*,*,#3926,.T.);
#3926 = EDGE_CURVE('',#3918,#3867,#3927,.T.);
#3927 = LINE('',#3928,#3929);
#3928 = CARTESIAN_POINT('',(49.7,6.534314575051,-4.));
#3929 = VECTOR('',#3930,1.);
#3930 = DIRECTION('',(3.12E-15,-1.,0.));
#3931 = FACE_BOUND('',#3932,.F.);
#3932 = EDGE_LOOP('',(#3933,#3944,#3952,#3961,#3969,#3978,#3986,#3995));
#3933 = ORIENTED_EDGE('',*,*,#3934,.F.);
#3934 = EDGE_CURVE('',#3935,#3937,#3939,.T.);
#3935 = VERTEX_POINT('',#3936);
#3936 = CARTESIAN_POINT('',(0.568629150102,9.3,-4.));
#3937 = VERTEX_POINT('',#3938);
#3938 = CARTESIAN_POINT('',(1.7,10.431370849899,-4.));
#3939 = CIRCLE('',#3940,0.8);
#3940 = AXIS2_PLACEMENT_3D('',#3941,#3942,#3943);
#3941 = CARTESIAN_POINT('',(1.134314575051,9.865685424949,-4.));
#3942 = DIRECTION('',(0.,0.,1.));
#3943 = DIRECTION('',(1.,0.,0.));
#3944 = ORIENTED_EDGE('',*,*,#3945,.F.);
#3945 = EDGE_CURVE('',#3946,#3935,#3948,.T.);
#3946 = VERTEX_POINT('',#3947);
#3947 = CARTESIAN_POINT('',(-5.568629150101,9.300000000001,-4.));
#3948 = LINE('',#3949,#3950);
#3949 = CARTESIAN_POINT('',(21.999999999999,9.299999999998,-4.));
#3950 = VECTOR('',#3951,1.);
#3951 = DIRECTION('',(1.,-1.0067E-13,0.));
#3952 = ORIENTED_EDGE('',*,*,#3953,.F.);
#3953 = EDGE_CURVE('',#3954,#3946,#3956,.T.);
#3954 = VERTEX_POINT('',#3955);
#3955 = CARTESIAN_POINT('',(-6.7,10.431370849899,-4.));
#3956 = CIRCLE('',#3957,0.8);
#3957 = AXIS2_PLACEMENT_3D('',#3958,#3959,#3960);
#3958 = CARTESIAN_POINT('',(-6.134314575051,9.865685424949,-4.));
#3959 = DIRECTION('',(0.,0.,1.));
#3960 = DIRECTION('',(1.,0.,0.));
#3961 = ORIENTED_EDGE('',*,*,#3962,.F.);
#3962 = EDGE_CURVE('',#3963,#3954,#3965,.T.);
#3963 = VERTEX_POINT('',#3964);
#3964 = CARTESIAN_POINT('',(-6.7,14.568629150101,-4.));
#3965 = LINE('',#3966,#3967);
#3966 = CARTESIAN_POINT('',(-6.7,19.784314575051,-4.));
#3967 = VECTOR('',#3968,1.);
#3968 = DIRECTION('',(0.,-1.,0.));
#3969 = ORIENTED_EDGE('',*,*,#3970,.F.);
#3970 = EDGE_CURVE('',#3971,#3963,#3973,.T.);
#3971 = VERTEX_POINT('',#3972);
#3972 = CARTESIAN_POINT('',(-5.568629150101,15.699999999999,-4.));
#3973 = CIRCLE('',#3974,0.8);
#3974 = AXIS2_PLACEMENT_3D('',#3975,#3976,#3977);
#3975 = CARTESIAN_POINT('',(-6.134314575051,15.134314575051,-4.));
#3976 = DIRECTION('',(0.,0.,1.));
#3977 = DIRECTION('',(1.,0.,0.));
#3978 = ORIENTED_EDGE('',*,*,#3979,.F.);
#3979 = EDGE_CURVE('',#3980,#3971,#3982,.T.);
#3980 = VERTEX_POINT('',#3981);
#3981 = CARTESIAN_POINT('',(0.568629150102,15.7,-4.));
#3982 = LINE('',#3983,#3984);
#3983 = CARTESIAN_POINT('',(22.000000000001,15.700000000003,-4.));
#3984 = VECTOR('',#3985,1.);
#3985 = DIRECTION('',(-1.,-1.5886E-13,0.));
#3986 = ORIENTED_EDGE('',*,*,#3987,.F.);
#3987 = EDGE_CURVE('',#3988,#3980,#3990,.T.);
#3988 = VERTEX_POINT('',#3989);
#3989 = CARTESIAN_POINT('',(1.7,14.568629150101,-4.));
#3990 = CIRCLE('',#3991,0.8);
#3991 = AXIS2_PLACEMENT_3D('',#3992,#3993,#3994);
#3992 = CARTESIAN_POINT('',(1.134314575051,15.134314575051,-4.));
#3993 = DIRECTION('',(0.,0.,1.));
#3994 = DIRECTION('',(1.,0.,0.));
#3995 = ORIENTED_EDGE('',*,*,#3996,.F.);
#3996 = EDGE_CURVE('',#3937,#3988,#3997,.T.);
#3997 = LINE('',#3998,#3999);
#3998 = CARTESIAN_POINT('',(1.7,17.715685424949,-4.));
#3999 = VECTOR('',#4000,1.);
#4000 = DIRECTION('',(0.,1.,0.));
#4001 = FACE_BOUND('',#4002,.F.);
#4002 = EDGE_LOOP('',(#4003,#4014,#4022,#4031,#4039,#4048,#4056,#4065));
#4003 = ORIENTED_EDGE('',*,*,#4004,.F.);
#4004 = EDGE_CURVE('',#4005,#4007,#4009,.T.);
#4005 = VERTEX_POINT('',#4006);
#4006 = CARTESIAN_POINT('',(17.568629150102,10.8,-4.));
#4007 = VERTEX_POINT('',#4008);
#4008 = CARTESIAN_POINT('',(18.7,11.931370849898,-4.));
#4009 = CIRCLE('',#4010,0.8);
#4010 = AXIS2_PLACEMENT_3D('',#4011,#4012,#4013);
#4011 = CARTESIAN_POINT('',(18.134314575051,11.365685424949,-4.));
#4012 = DIRECTION('',(0.,0.,1.));
#4013 = DIRECTION('',(1.,0.,-0.));
#4014 = ORIENTED_EDGE('',*,*,#4015,.F.);
#4015 = EDGE_CURVE('',#4016,#4005,#4018,.T.);
#4016 = VERTEX_POINT('',#4017);
#4017 = CARTESIAN_POINT('',(8.431370849899,10.8,-4.));
#4018 = LINE('',#4019,#4020);
#4019 = CARTESIAN_POINT('',(29.75,10.8,-4.));
#4020 = VECTOR('',#4021,1.);
#4021 = DIRECTION('',(1.,-2.447E-14,0.));
#4022 = ORIENTED_EDGE('',*,*,#4023,.F.);
#4023 = EDGE_CURVE('',#4024,#4016,#4026,.T.);
#4024 = VERTEX_POINT('',#4025);
#4025 = CARTESIAN_POINT('',(7.3,11.931370849899,-4.));
#4026 = CIRCLE('',#4027,0.8);
#4027 = AXIS2_PLACEMENT_3D('',#4028,#4029,#4030);
#4028 = CARTESIAN_POINT('',(7.865685424949,11.365685424949,-4.));
#4029 = DIRECTION('',(0.,0.,1.));
#4030 = DIRECTION('',(1.,0.,-0.));
#4031 = ORIENTED_EDGE('',*,*,#4032,.F.);
#4032 = EDGE_CURVE('',#4033,#4024,#4035,.T.);
#4033 = VERTEX_POINT('',#4034);
#4034 = CARTESIAN_POINT('',(7.3,13.068629150101,-4.));
#4035 = LINE('',#4036,#4037);
#4036 = CARTESIAN_POINT('',(7.3,19.034314575051,-4.));
#4037 = VECTOR('',#4038,1.);
#4038 = DIRECTION('',(0.,-1.,0.));
#4039 = ORIENTED_EDGE('',*,*,#4040,.F.);
#4040 = EDGE_CURVE('',#4041,#4033,#4043,.T.);
#4041 = VERTEX_POINT('',#4042);
#4042 = CARTESIAN_POINT('',(8.431370849899,14.2,-4.));
#4043 = CIRCLE('',#4044,0.8);
#4044 = AXIS2_PLACEMENT_3D('',#4045,#4046,#4047);
#4045 = CARTESIAN_POINT('',(7.865685424949,13.634314575051,-4.));
#4046 = DIRECTION('',(0.,0.,1.));
#4047 = DIRECTION('',(1.,0.,-0.));
#4048 = ORIENTED_EDGE('',*,*,#4049,.F.);
#4049 = EDGE_CURVE('',#4050,#4041,#4052,.T.);
#4050 = VERTEX_POINT('',#4051);
#4051 = CARTESIAN_POINT('',(17.568629150102,14.2,-4.));
#4052 = LINE('',#4053,#4054);
#4053 = CARTESIAN_POINT('',(29.75,14.2,-4.));
#4054 = VECTOR('',#4055,1.);
#4055 = DIRECTION('',(-1.,-7.7E-16,0.));
#4056 = ORIENTED_EDGE('',*,*,#4057,.F.);
#4057 = EDGE_CURVE('',#4058,#4050,#4060,.T.);
#4058 = VERTEX_POINT('',#4059);
#4059 = CARTESIAN_POINT('',(18.7,13.068629150102,-4.));
#4060 = CIRCLE('',#4061,0.8);
#4061 = AXIS2_PLACEMENT_3D('',#4062,#4063,#4064);
#4062 = CARTESIAN_POINT('',(18.134314575051,13.634314575051,-4.));
#4063 = DIRECTION('',(0.,0.,1.));
#4064 = DIRECTION('',(1.,0.,-0.));
#4065 = ORIENTED_EDGE('',*,*,#4066,.T.);
#4066 = EDGE_CURVE('',#4058,#4007,#4067,.T.);
#4067 = LINE('',#4068,#4069);
#4068 = CARTESIAN_POINT('',(18.7,19.034314575051,-4.));
#4069 = VECTOR('',#4070,1.);
#4070 = DIRECTION('',(3.12E-15,-1.,0.));
#4071 = FACE_BOUND('',#4072,.F.);
#4072 = EDGE_LOOP('',(#4073,#4084,#4092,#4101,#4109,#4118,#4126,#4135));
#4073 = ORIENTED_EDGE('',*,*,#4074,.F.);
#4074 = EDGE_CURVE('',#4075,#4077,#4079,.T.);
#4075 = VERTEX_POINT('',#4076);
#4076 = CARTESIAN_POINT('',(31.568629150102,9.3,-4.));
#4077 = VERTEX_POINT('',#4078);
#4078 = CARTESIAN_POINT('',(32.7,10.431370849899,-4.));
#4079 = CIRCLE('',#4080,0.8);
#4080 = AXIS2_PLACEMENT_3D('',#4081,#4082,#4083);
#4081 = CARTESIAN_POINT('',(32.134314575051,9.865685424949,-4.));
#4082 = DIRECTION('',(0.,0.,1.));
#4083 = DIRECTION('',(1.,0.,0.));
#4084 = ORIENTED_EDGE('',*,*,#4085,.F.);
#4085 = EDGE_CURVE('',#4086,#4075,#4088,.T.);
#4086 = VERTEX_POINT('',#4087);
#4087 = CARTESIAN_POINT('',(25.431370849899,9.300000000001,-4.));
#4088 = LINE('',#4089,#4090);
#4089 = CARTESIAN_POINT('',(37.499999999999,9.299999999999,-4.));
#4090 = VECTOR('',#4091,1.);
#4091 = DIRECTION('',(1.,-1.0067E-13,0.));
#4092 = ORIENTED_EDGE('',*,*,#4093,.F.);
#4093 = EDGE_CURVE('',#4094,#4086,#4096,.T.);
#4094 = VERTEX_POINT('',#4095);
#4095 = CARTESIAN_POINT('',(24.3,10.431370849899,-4.));
#4096 = CIRCLE('',#4097,0.8);
#4097 = AXIS2_PLACEMENT_3D('',#4098,#4099,#4100);
#4098 = CARTESIAN_POINT('',(24.865685424949,9.865685424949,-4.));
#4099 = DIRECTION('',(0.,0.,1.));
#4100 = DIRECTION('',(1.,0.,0.));
#4101 = ORIENTED_EDGE('',*,*,#4102,.F.);
#4102 = EDGE_CURVE('',#4103,#4094,#4105,.T.);
#4103 = VERTEX_POINT('',#4104);
#4104 = CARTESIAN_POINT('',(24.3,14.568629150101,-4.));
#4105 = LINE('',#4106,#4107);
#4106 = CARTESIAN_POINT('',(24.3,19.784314575051,-4.));
#4107 = VECTOR('',#4108,1.);
#4108 = DIRECTION('',(0.,-1.,0.));
#4109 = ORIENTED_EDGE('',*,*,#4110,.F.);
#4110 = EDGE_CURVE('',#4111,#4103,#4113,.T.);
#4111 = VERTEX_POINT('',#4112);
#4112 = CARTESIAN_POINT('',(25.431370849899,15.699999999999,-4.));
#4113 = CIRCLE('',#4114,0.8);
#4114 = AXIS2_PLACEMENT_3D('',#4115,#4116,#4117);
#4115 = CARTESIAN_POINT('',(24.865685424949,15.134314575051,-4.));
#4116 = DIRECTION('',(0.,0.,1.));
#4117 = DIRECTION('',(1.,0.,0.));
#4118 = ORIENTED_EDGE('',*,*,#4119,.F.);
#4119 = EDGE_CURVE('',#4120,#4111,#4122,.T.);
#4120 = VERTEX_POINT('',#4121);
#4121 = CARTESIAN_POINT('',(31.568629150102,15.7,-4.));
#4122 = LINE('',#4123,#4124);
#4123 = CARTESIAN_POINT('',(37.500000000001,15.700000000001,-4.));
#4124 = VECTOR('',#4125,1.);
#4125 = DIRECTION('',(-1.,-1.5886E-13,0.));
#4126 = ORIENTED_EDGE('',*,*,#4127,.F.);
#4127 = EDGE_CURVE('',#4128,#4120,#4130,.T.);
#4128 = VERTEX_POINT('',#4129);
#4129 = CARTESIAN_POINT('',(32.7,14.568629150101,-4.));
#4130 = CIRCLE('',#4131,0.8);
#4131 = AXIS2_PLACEMENT_3D('',#4132,#4133,#4134);
#4132 = CARTESIAN_POINT('',(32.134314575051,15.134314575051,-4.));
#4133 = DIRECTION('',(0.,0.,1.));
#4134 = DIRECTION('',(1.,0.,0.));
#4135 = ORIENTED_EDGE('',*,*,#4136,.F.);
#4136 = EDGE_CURVE('',#4077,#4128,#4137,.T.);
#4137 = LINE('',#4138,#4139);
#4138 = CARTESIAN_POINT('',(32.7,17.715685424949,-4.));
#4139 = VECTOR('',#4140,1.);
#4140 = DIRECTION('',(0.,1.,0.));
#4141 = FACE_BOUND('',#4142,.F.);
#4142 = EDGE_LOOP('',(#4143,#4154,#4162,#4171,#4179,#4188,#4196,#4205));
#4143 = ORIENTED_EDGE('',*,*,#4144,.F.);
#4144 = EDGE_CURVE('',#4145,#4147,#4149,.T.);
#4145 = VERTEX_POINT('',#4146);
#4146 = CARTESIAN_POINT('',(48.568629150102,10.8,-4.));
#4147 = VERTEX_POINT('',#4148);
#4148 = CARTESIAN_POINT('',(49.7,11.931370849898,-4.));
#4149 = CIRCLE('',#4150,0.8);
#4150 = AXIS2_PLACEMENT_3D('',#4151,#4152,#4153);
#4151 = CARTESIAN_POINT('',(49.134314575051,11.365685424949,-4.));
#4152 = DIRECTION('',(0.,0.,1.));
#4153 = DIRECTION('',(1.,0.,-0.));
#4154 = ORIENTED_EDGE('',*,*,#4155,.F.);
#4155 = EDGE_CURVE('',#4156,#4145,#4158,.T.);
#4156 = VERTEX_POINT('',#4157);
#4157 = CARTESIAN_POINT('',(39.431370849899,10.8,-4.));
#4158 = LINE('',#4159,#4160);
#4159 = CARTESIAN_POINT('',(45.25,10.8,-4.));
#4160 = VECTOR('',#4161,1.);
#4161 = DIRECTION('',(1.,-2.447E-14,0.));
#4162 = ORIENTED_EDGE('',*,*,#4163,.F.);
#4163 = EDGE_CURVE('',#4164,#4156,#4166,.T.);
#4164 = VERTEX_POINT('',#4165);
#4165 = CARTESIAN_POINT('',(38.3,11.931370849899,-4.));
#4166 = CIRCLE('',#4167,0.8);
#4167 = AXIS2_PLACEMENT_3D('',#4168,#4169,#4170);
#4168 = CARTESIAN_POINT('',(38.865685424949,11.365685424949,-4.));
#4169 = DIRECTION('',(0.,0.,1.));
#4170 = DIRECTION('',(1.,0.,-0.));
#4171 = ORIENTED_EDGE('',*,*,#4172,.F.);
#4172 = EDGE_CURVE('',#4173,#4164,#4175,.T.);
#4173 = VERTEX_POINT('',#4174);
#4174 = CARTESIAN_POINT('',(38.3,13.068629150101,-4.));
#4175 = LINE('',#4176,#4177);
#4176 = CARTESIAN_POINT('',(38.3,19.034314575051,-4.));
#4177 = VECTOR('',#4178,1.);
#4178 = DIRECTION('',(0.,-1.,0.));
#4179 = ORIENTED_EDGE('',*,*,#4180,.F.);
#4180 = EDGE_CURVE('',#4181,#4173,#4183,.T.);
#4181 = VERTEX_POINT('',#4182);
#4182 = CARTESIAN_POINT('',(39.431370849899,14.2,-4.));
#4183 = CIRCLE('',#4184,0.8);
#4184 = AXIS2_PLACEMENT_3D('',#4185,#4186,#4187);
#4185 = CARTESIAN_POINT('',(38.865685424949,13.634314575051,-4.));
#4186 = DIRECTION('',(0.,0.,1.));
#4187 = DIRECTION('',(1.,0.,-0.));
#4188 = ORIENTED_EDGE('',*,*,#4189,.F.);
#4189 = EDGE_CURVE('',#4190,#4181,#4192,.T.);
#4190 = VERTEX_POINT('',#4191);
#4191 = CARTESIAN_POINT('',(48.568629150102,14.2,-4.));
#4192 = LINE('',#4193,#4194);
#4193 = CARTESIAN_POINT('',(45.25,14.2,-4.));
#4194 = VECTOR('',#4195,1.);
#4195 = DIRECTION('',(-1.,-7.7E-16,0.));
#4196 = ORIENTED_EDGE('',*,*,#4197,.F.);
#4197 = EDGE_CURVE('',#4198,#4190,#4200,.T.);
#4198 = VERTEX_POINT('',#4199);
#4199 = CARTESIAN_POINT('',(49.7,13.068629150102,-4.));
#4200 = CIRCLE('',#4201,0.8);
#4201 = AXIS2_PLACEMENT_3D('',#4202,#4203,#4204);
#4202 = CARTESIAN_POINT('',(49.134314575051,13.634314575051,-4.));
#4203 = DIRECTION('',(0.,0.,1.));
#4204 = DIRECTION('',(1.,0.,-0.));
#4205 = ORIENTED_EDGE('',*,*,#4206,.T.);
#4206 = EDGE_CURVE('',#4198,#4147,#4207,.T.);
#4207 = LINE('',#4208,#4209);
#4208 = CARTESIAN_POINT('',(49.7,19.034314575051,-4.));
#4209 = VECTOR('',#4210,1.);
#4210 = DIRECTION('',(3.12E-15,-1.,0.));
#4211 = FACE_BOUND('',#4212,.F.);
#4212 = EDGE_LOOP('',(#4213,#4224,#4232,#4241,#4249,#4258,#4266,#4275));
#4213 = ORIENTED_EDGE('',*,*,#4214,.F.);
#4214 = EDGE_CURVE('',#4215,#4217,#4219,.T.);
#4215 = VERTEX_POINT('',#4216);
#4216 = CARTESIAN_POINT('',(79.568629150102,-14.2,-4.));
#4217 = VERTEX_POINT('',#4218);
#4218 = CARTESIAN_POINT('',(80.7,-13.0686291501,-4.));
#4219 = CIRCLE('',#4220,0.8);
#4220 = AXIS2_PLACEMENT_3D('',#4221,#4222,#4223);
#4221 = CARTESIAN_POINT('',(80.134314575051,-13.63431457505,-4.));
#4222 = DIRECTION('',(0.,0.,1.));
#4223 = DIRECTION('',(1.,0.,-0.));
#4224 = ORIENTED_EDGE('',*,*,#4225,.F.);
#4225 = EDGE_CURVE('',#4226,#4215,#4228,.T.);
#4226 = VERTEX_POINT('',#4227);
#4227 = CARTESIAN_POINT('',(70.431370849899,-14.2,-4.));
#4228 = LINE('',#4229,#4230);
#4229 = CARTESIAN_POINT('',(60.75,-14.2,-4.));
#4230 = VECTOR('',#4231,1.);
#4231 = DIRECTION('',(1.,-2.447E-14,0.));
#4232 = ORIENTED_EDGE('',*,*,#4233,.F.);
#4233 = EDGE_CURVE('',#4234,#4226,#4236,.T.);
#4234 = VERTEX_POINT('',#4235);
#4235 = CARTESIAN_POINT('',(69.3,-13.0686291501,-4.));
#4236 = CIRCLE('',#4237,0.8);
#4237 = AXIS2_PLACEMENT_3D('',#4238,#4239,#4240);
#4238 = CARTESIAN_POINT('',(69.865685424949,-13.63431457505,-4.));
#4239 = DIRECTION('',(0.,0.,1.));
#4240 = DIRECTION('',(1.,0.,-0.));
#4241 = ORIENTED_EDGE('',*,*,#4242,.F.);
#4242 = EDGE_CURVE('',#4243,#4234,#4245,.T.);
#4243 = VERTEX_POINT('',#4244);
#4244 = CARTESIAN_POINT('',(69.3,-11.93137084989,-4.));
#4245 = LINE('',#4246,#4247);
#4246 = CARTESIAN_POINT('',(69.3,6.534314575051,-4.));
#4247 = VECTOR('',#4248,1.);
#4248 = DIRECTION('',(0.,-1.,0.));
#4249 = ORIENTED_EDGE('',*,*,#4250,.F.);
#4250 = EDGE_CURVE('',#4251,#4243,#4253,.T.);
#4251 = VERTEX_POINT('',#4252);
#4252 = CARTESIAN_POINT('',(70.431370849898,-10.8,-4.));
#4253 = CIRCLE('',#4254,0.8);
#4254 = AXIS2_PLACEMENT_3D('',#4255,#4256,#4257);
#4255 = CARTESIAN_POINT('',(69.865685424949,-11.36568542494,-4.));
#4256 = DIRECTION('',(0.,0.,1.));
#4257 = DIRECTION('',(1.,0.,-0.));
#4258 = ORIENTED_EDGE('',*,*,#4259,.F.);
#4259 = EDGE_CURVE('',#4260,#4251,#4262,.T.);
#4260 = VERTEX_POINT('',#4261);
#4261 = CARTESIAN_POINT('',(79.568629150102,-10.8,-4.));
#4262 = LINE('',#4263,#4264);
#4263 = CARTESIAN_POINT('',(60.75,-10.8,-4.));
#4264 = VECTOR('',#4265,1.);
#4265 = DIRECTION('',(-1.,-7.7E-16,0.));
#4266 = ORIENTED_EDGE('',*,*,#4267,.F.);
#4267 = EDGE_CURVE('',#4268,#4260,#4270,.T.);
#4268 = VERTEX_POINT('',#4269);
#4269 = CARTESIAN_POINT('',(80.7,-11.93137084989,-4.));
#4270 = CIRCLE('',#4271,0.8);
#4271 = AXIS2_PLACEMENT_3D('',#4272,#4273,#4274);
#4272 = CARTESIAN_POINT('',(80.134314575051,-11.36568542494,-4.));
#4273 = DIRECTION('',(0.,0.,1.));
#4274 = DIRECTION('',(1.,0.,-0.));
#4275 = ORIENTED_EDGE('',*,*,#4276,.T.);
#4276 = EDGE_CURVE('',#4268,#4217,#4277,.T.);
#4277 = LINE('',#4278,#4279);
#4278 = CARTESIAN_POINT('',(80.7,6.534314575051,-4.));
#4279 = VECTOR('',#4280,1.);
#4280 = DIRECTION('',(3.12E-15,-1.,0.));
#4281 = FACE_BOUND('',#4282,.F.);
#4282 = EDGE_LOOP('',(#4283,#4294,#4302,#4311,#4319,#4328,#4336,#4345));
#4283 = ORIENTED_EDGE('',*,*,#4284,.F.);
#4284 = EDGE_CURVE('',#4285,#4287,#4289,.T.);
#4285 = VERTEX_POINT('',#4286);
#4286 = CARTESIAN_POINT('',(62.568629150102,9.3,-4.));
#4287 = VERTEX_POINT('',#4288);
#4288 = CARTESIAN_POINT('',(63.7,10.431370849899,-4.));
#4289 = CIRCLE('',#4290,0.8);
#4290 = AXIS2_PLACEMENT_3D('',#4291,#4292,#4293);
#4291 = CARTESIAN_POINT('',(63.134314575051,9.865685424949,-4.));
#4292 = DIRECTION('',(0.,0.,1.));
#4293 = DIRECTION('',(1.,0.,0.));
#4294 = ORIENTED_EDGE('',*,*,#4295,.F.);
#4295 = EDGE_CURVE('',#4296,#4285,#4298,.T.);
#4296 = VERTEX_POINT('',#4297);
#4297 = CARTESIAN_POINT('',(56.431370849899,9.300000000001,-4.));
#4298 = LINE('',#4299,#4300);
#4299 = CARTESIAN_POINT('',(52.999999999999,9.300000000001,-4.));
#4300 = VECTOR('',#4301,1.);
#4301 = DIRECTION('',(1.,-1.0067E-13,0.));
#4302 = ORIENTED_EDGE('',*,*,#4303,.F.);
#4303 = EDGE_CURVE('',#4304,#4296,#4306,.T.);
#4304 = VERTEX_POINT('',#4305);
#4305 = CARTESIAN_POINT('',(55.3,10.431370849899,-4.));
#4306 = CIRCLE('',#4307,0.8);
#4307 = AXIS2_PLACEMENT_3D('',#4308,#4309,#4310);
#4308 = CARTESIAN_POINT('',(55.865685424949,9.865685424949,-4.));
#4309 = DIRECTION('',(0.,0.,1.));
#4310 = DIRECTION('',(1.,0.,0.));
#4311 = ORIENTED_EDGE('',*,*,#4312,.F.);
#4312 = EDGE_CURVE('',#4313,#4304,#4315,.T.);
#4313 = VERTEX_POINT('',#4314);
#4314 = CARTESIAN_POINT('',(55.3,14.568629150101,-4.));
#4315 = LINE('',#4316,#4317);
#4316 = CARTESIAN_POINT('',(55.3,19.784314575051,-4.));
#4317 = VECTOR('',#4318,1.);
#4318 = DIRECTION('',(0.,-1.,0.));
#4319 = ORIENTED_EDGE('',*,*,#4320,.F.);
#4320 = EDGE_CURVE('',#4321,#4313,#4323,.T.);
#4321 = VERTEX_POINT('',#4322);
#4322 = CARTESIAN_POINT('',(56.431370849899,15.699999999999,-4.));
#4323 = CIRCLE('',#4324,0.8);
#4324 = AXIS2_PLACEMENT_3D('',#4325,#4326,#4327);
#4325 = CARTESIAN_POINT('',(55.865685424949,15.134314575051,-4.));
#4326 = DIRECTION('',(0.,0.,1.));
#4327 = DIRECTION('',(1.,0.,0.));
#4328 = ORIENTED_EDGE('',*,*,#4329,.F.);
#4329 = EDGE_CURVE('',#4330,#4321,#4332,.T.);
#4330 = VERTEX_POINT('',#4331);
#4331 = CARTESIAN_POINT('',(62.568629150102,15.7,-4.));
#4332 = LINE('',#4333,#4334);
#4333 = CARTESIAN_POINT('',(53.000000000001,15.699999999998,-4.));
#4334 = VECTOR('',#4335,1.);
#4335 = DIRECTION('',(-1.,-1.5886E-13,0.));
#4336 = ORIENTED_EDGE('',*,*,#4337,.F.);
#4337 = EDGE_CURVE('',#4338,#4330,#4340,.T.);
#4338 = VERTEX_POINT('',#4339);
#4339 = CARTESIAN_POINT('',(63.7,14.568629150101,-4.));
#4340 = CIRCLE('',#4341,0.8);
#4341 = AXIS2_PLACEMENT_3D('',#4342,#4343,#4344);
#4342 = CARTESIAN_POINT('',(63.134314575051,15.134314575051,-4.));
#4343 = DIRECTION('',(0.,0.,1.));
#4344 = DIRECTION('',(1.,0.,0.));
#4345 = ORIENTED_EDGE('',*,*,#4346,.F.);
#4346 = EDGE_CURVE('',#4287,#4338,#4347,.T.);
#4347 = LINE('',#4348,#4349);
#4348 = CARTESIAN_POINT('',(63.7,17.715685424949,-4.));
#4349 = VECTOR('',#4350,1.);
#4350 = DIRECTION('',(0.,1.,0.));
#4351 = FACE_BOUND('',#4352,.F.);
#4352 = EDGE_LOOP('',(#4353,#4364,#4372,#4381,#4389,#4398,#4406,#4415));
#4353 = ORIENTED_EDGE('',*,*,#4354,.F.);
#4354 = EDGE_CURVE('',#4355,#4357,#4359,.T.);
#4355 = VERTEX_POINT('',#4356);
#4356 = CARTESIAN_POINT('',(79.568629150102,10.8,-4.));
#4357 = VERTEX_POINT('',#4358);
#4358 = CARTESIAN_POINT('',(80.7,11.931370849898,-4.));
#4359 = CIRCLE('',#4360,0.8);
#4360 = AXIS2_PLACEMENT_3D('',#4361,#4362,#4363);
#4361 = CARTESIAN_POINT('',(80.134314575051,11.365685424949,-4.));
#4362 = DIRECTION('',(0.,0.,1.));
#4363 = DIRECTION('',(1.,0.,-0.));
#4364 = ORIENTED_EDGE('',*,*,#4365,.F.);
#4365 = EDGE_CURVE('',#4366,#4355,#4368,.T.);
#4366 = VERTEX_POINT('',#4367);
#4367 = CARTESIAN_POINT('',(70.431370849899,10.8,-4.));
#4368 = LINE('',#4369,#4370);
#4369 = CARTESIAN_POINT('',(60.75,10.8,-4.));
#4370 = VECTOR('',#4371,1.);
#4371 = DIRECTION('',(1.,-2.447E-14,0.));
#4372 = ORIENTED_EDGE('',*,*,#4373,.F.);
#4373 = EDGE_CURVE('',#4374,#4366,#4376,.T.);
#4374 = VERTEX_POINT('',#4375);
#4375 = CARTESIAN_POINT('',(69.3,11.931370849899,-4.));
#4376 = CIRCLE('',#4377,0.8);
#4377 = AXIS2_PLACEMENT_3D('',#4378,#4379,#4380);
#4378 = CARTESIAN_POINT('',(69.865685424949,11.365685424949,-4.));
#4379 = DIRECTION('',(0.,0.,1.));
#4380 = DIRECTION('',(1.,0.,-0.));
#4381 = ORIENTED_EDGE('',*,*,#4382,.F.);
#4382 = EDGE_CURVE('',#4383,#4374,#4385,.T.);
#4383 = VERTEX_POINT('',#4384);
#4384 = CARTESIAN_POINT('',(69.3,13.068629150101,-4.));
#4385 = LINE('',#4386,#4387);
#4386 = CARTESIAN_POINT('',(69.3,19.034314575051,-4.));
#4387 = VECTOR('',#4388,1.);
#4388 = DIRECTION('',(0.,-1.,0.));
#4389 = ORIENTED_EDGE('',*,*,#4390,.F.);
#4390 = EDGE_CURVE('',#4391,#4383,#4393,.T.);
#4391 = VERTEX_POINT('',#4392);
#4392 = CARTESIAN_POINT('',(70.431370849898,14.2,-4.));
#4393 = CIRCLE('',#4394,0.8);
#4394 = AXIS2_PLACEMENT_3D('',#4395,#4396,#4397);
#4395 = CARTESIAN_POINT('',(69.865685424949,13.634314575051,-4.));
#4396 = DIRECTION('',(0.,0.,1.));
#4397 = DIRECTION('',(1.,0.,-0.));
#4398 = ORIENTED_EDGE('',*,*,#4399,.F.);
#4399 = EDGE_CURVE('',#4400,#4391,#4402,.T.);
#4400 = VERTEX_POINT('',#4401);
#4401 = CARTESIAN_POINT('',(79.568629150102,14.2,-4.));
#4402 = LINE('',#4403,#4404);
#4403 = CARTESIAN_POINT('',(60.75,14.2,-4.));
#4404 = VECTOR('',#4405,1.);
#4405 = DIRECTION('',(-1.,-7.7E-16,0.));
#4406 = ORIENTED_EDGE('',*,*,#4407,.F.);
#4407 = EDGE_CURVE('',#4408,#4400,#4410,.T.);
#4408 = VERTEX_POINT('',#4409);
#4409 = CARTESIAN_POINT('',(80.7,13.068629150102,-4.));
#4410 = CIRCLE('',#4411,0.8);
#4411 = AXIS2_PLACEMENT_3D('',#4412,#4413,#4414);
#4412 = CARTESIAN_POINT('',(80.134314575051,13.634314575051,-4.));
#4413 = DIRECTION('',(0.,0.,1.));
#4414 = DIRECTION('',(1.,0.,-0.));
#4415 = ORIENTED_EDGE('',*,*,#4416,.T.);
#4416 = EDGE_CURVE('',#4408,#4357,#4417,.T.);
#4417 = LINE('',#4418,#4419);
#4418 = CARTESIAN_POINT('',(80.7,19.034314575051,-4.));
#4419 = VECTOR('',#4420,1.);
#4420 = DIRECTION('',(3.12E-15,-1.,0.));
#4421 = FACE_BOUND('',#4422,.F.);
#4422 = EDGE_LOOP('',(#4423,#4434,#4442,#4451,#4459,#4468,#4476,#4485));
#4423 = ORIENTED_EDGE('',*,*,#4424,.F.);
#4424 = EDGE_CURVE('',#4425,#4427,#4429,.T.);
#4425 = VERTEX_POINT('',#4426);
#4426 = CARTESIAN_POINT('',(93.568629150102,9.3,-4.));
#4427 = VERTEX_POINT('',#4428);
#4428 = CARTESIAN_POINT('',(94.7,10.431370849899,-4.));
#4429 = CIRCLE('',#4430,0.8);
#4430 = AXIS2_PLACEMENT_3D('',#4431,#4432,#4433);
#4431 = CARTESIAN_POINT('',(94.134314575051,9.865685424949,-4.));
#4432 = DIRECTION('',(0.,0.,1.));
#4433 = DIRECTION('',(1.,0.,0.));
#4434 = ORIENTED_EDGE('',*,*,#4435,.F.);
#4435 = EDGE_CURVE('',#4436,#4425,#4438,.T.);
#4436 = VERTEX_POINT('',#4437);
#4437 = CARTESIAN_POINT('',(87.431370849899,9.300000000001,-4.));
#4438 = LINE('',#4439,#4440);
#4439 = CARTESIAN_POINT('',(68.499999999999,9.300000000003,-4.));
#4440 = VECTOR('',#4441,1.);
#4441 = DIRECTION('',(1.,-1.0067E-13,0.));
#4442 = ORIENTED_EDGE('',*,*,#4443,.F.);
#4443 = EDGE_CURVE('',#4444,#4436,#4446,.T.);
#4444 = VERTEX_POINT('',#4445);
#4445 = CARTESIAN_POINT('',(86.3,10.431370849899,-4.));
#4446 = CIRCLE('',#4447,0.8);
#4447 = AXIS2_PLACEMENT_3D('',#4448,#4449,#4450);
#4448 = CARTESIAN_POINT('',(86.865685424949,9.865685424949,-4.));
#4449 = DIRECTION('',(0.,0.,1.));
#4450 = DIRECTION('',(1.,0.,0.));
#4451 = ORIENTED_EDGE('',*,*,#4452,.F.);
#4452 = EDGE_CURVE('',#4453,#4444,#4455,.T.);
#4453 = VERTEX_POINT('',#4454);
#4454 = CARTESIAN_POINT('',(86.3,14.568629150101,-4.));
#4455 = LINE('',#4456,#4457);
#4456 = CARTESIAN_POINT('',(86.3,19.784314575051,-4.));
#4457 = VECTOR('',#4458,1.);
#4458 = DIRECTION('',(0.,-1.,0.));
#4459 = ORIENTED_EDGE('',*,*,#4460,.F.);
#4460 = EDGE_CURVE('',#4461,#4453,#4463,.T.);
#4461 = VERTEX_POINT('',#4462);
#4462 = CARTESIAN_POINT('',(87.431370849899,15.699999999999,-4.));
#4463 = CIRCLE('',#4464,0.8);
#4464 = AXIS2_PLACEMENT_3D('',#4465,#4466,#4467);
#4465 = CARTESIAN_POINT('',(86.865685424949,15.134314575051,-4.));
#4466 = DIRECTION('',(0.,0.,1.));
#4467 = DIRECTION('',(1.,0.,0.));
#4468 = ORIENTED_EDGE('',*,*,#4469,.F.);
#4469 = EDGE_CURVE('',#4470,#4461,#4472,.T.);
#4470 = VERTEX_POINT('',#4471);
#4471 = CARTESIAN_POINT('',(93.568629150102,15.7,-4.));
#4472 = LINE('',#4473,#4474);
#4473 = CARTESIAN_POINT('',(68.500000000001,15.699999999996,-4.));
#4474 = VECTOR('',#4475,1.);
#4475 = DIRECTION('',(-1.,-1.5886E-13,0.));
#4476 = ORIENTED_EDGE('',*,*,#4477,.F.);
#4477 = EDGE_CURVE('',#4478,#4470,#4480,.T.);
#4478 = VERTEX_POINT('',#4479);
#4479 = CARTESIAN_POINT('',(94.7,14.568629150101,-4.));
#4480 = CIRCLE('',#4481,0.8);
#4481 = AXIS2_PLACEMENT_3D('',#4482,#4483,#4484);
#4482 = CARTESIAN_POINT('',(94.134314575051,15.134314575051,-4.));
#4483 = DIRECTION('',(0.,0.,1.));
#4484 = DIRECTION('',(1.,0.,0.));
#4485 = ORIENTED_EDGE('',*,*,#4486,.F.);
#4486 = EDGE_CURVE('',#4427,#4478,#4487,.T.);
#4487 = LINE('',#4488,#4489);
#4488 = CARTESIAN_POINT('',(94.7,17.715685424949,-4.));
#4489 = VECTOR('',#4490,1.);
#4490 = DIRECTION('',(0.,1.,0.));
#4491 = FACE_BOUND('',#4492,.F.);
#4492 = EDGE_LOOP('',(#4493,#4504,#4512,#4521,#4529,#4538,#4546,#4555));
#4493 = ORIENTED_EDGE('',*,*,#4494,.F.);
#4494 = EDGE_CURVE('',#4495,#4497,#4499,.T.);
#4495 = VERTEX_POINT('',#4496);
#4496 = CARTESIAN_POINT('',(0.568629150102,34.3,-4.));
#4497 = VERTEX_POINT('',#4498);
#4498 = CARTESIAN_POINT('',(1.7,35.431370849899,-4.));
#4499 = CIRCLE('',#4500,0.8);
#4500 = AXIS2_PLACEMENT_3D('',#4501,#4502,#4503);
#4501 = CARTESIAN_POINT('',(1.134314575051,34.865685424949,-4.));
#4502 = DIRECTION('',(0.,0.,1.));
#4503 = DIRECTION('',(1.,0.,0.));
#4504 = ORIENTED_EDGE('',*,*,#4505,.F.);
#4505 = EDGE_CURVE('',#4506,#4495,#4508,.T.);
#4506 = VERTEX_POINT('',#4507);
#4507 = CARTESIAN_POINT('',(-5.568629150101,34.300000000001,-4.));
#4508 = LINE('',#4509,#4510);
#4509 = CARTESIAN_POINT('',(22.000000000001,34.299999999998,-4.));
#4510 = VECTOR('',#4511,1.);
#4511 = DIRECTION('',(1.,-1.0067E-13,0.));
#4512 = ORIENTED_EDGE('',*,*,#4513,.F.);
#4513 = EDGE_CURVE('',#4514,#4506,#4516,.T.);
#4514 = VERTEX_POINT('',#4515);
#4515 = CARTESIAN_POINT('',(-6.7,35.431370849899,-4.));
#4516 = CIRCLE('',#4517,0.8);
#4517 = AXIS2_PLACEMENT_3D('',#4518,#4519,#4520);
#4518 = CARTESIAN_POINT('',(-6.134314575051,34.865685424949,-4.));
#4519 = DIRECTION('',(0.,0.,1.));
#4520 = DIRECTION('',(1.,0.,0.));
#4521 = ORIENTED_EDGE('',*,*,#4522,.F.);
#4522 = EDGE_CURVE('',#4523,#4514,#4525,.T.);
#4523 = VERTEX_POINT('',#4524);
#4524 = CARTESIAN_POINT('',(-6.7,39.568629150101,-4.));
#4525 = LINE('',#4526,#4527);
#4526 = CARTESIAN_POINT('',(-6.7,32.284314575051,-4.));
#4527 = VECTOR('',#4528,1.);
#4528 = DIRECTION('',(0.,-1.,0.));
#4529 = ORIENTED_EDGE('',*,*,#4530,.F.);
#4530 = EDGE_CURVE('',#4531,#4523,#4533,.T.);
#4531 = VERTEX_POINT('',#4532);
#4532 = CARTESIAN_POINT('',(-5.568629150101,40.699999999999,-4.));
#4533 = CIRCLE('',#4534,0.8);
#4534 = AXIS2_PLACEMENT_3D('',#4535,#4536,#4537);
#4535 = CARTESIAN_POINT('',(-6.134314575051,40.134314575051,-4.));
#4536 = DIRECTION('',(0.,0.,1.));
#4537 = DIRECTION('',(1.,0.,0.));
#4538 = ORIENTED_EDGE('',*,*,#4539,.F.);
#4539 = EDGE_CURVE('',#4540,#4531,#4542,.T.);
#4540 = VERTEX_POINT('',#4541);
#4541 = CARTESIAN_POINT('',(0.568629150102,40.7,-4.));
#4542 = LINE('',#4543,#4544);
#4543 = CARTESIAN_POINT('',(21.999999999999,40.700000000003,-4.));
#4544 = VECTOR('',#4545,1.);
#4545 = DIRECTION('',(-1.,-1.5886E-13,0.));
#4546 = ORIENTED_EDGE('',*,*,#4547,.F.);
#4547 = EDGE_CURVE('',#4548,#4540,#4550,.T.);
#4548 = VERTEX_POINT('',#4549);
#4549 = CARTESIAN_POINT('',(1.7,39.568629150102,-4.));
#4550 = CIRCLE('',#4551,0.8);
#4551 = AXIS2_PLACEMENT_3D('',#4552,#4553,#4554);
#4552 = CARTESIAN_POINT('',(1.134314575051,40.134314575051,-4.));
#4553 = DIRECTION('',(0.,0.,1.));
#4554 = DIRECTION('',(1.,0.,0.));
#4555 = ORIENTED_EDGE('',*,*,#4556,.F.);
#4556 = EDGE_CURVE('',#4497,#4548,#4557,.T.);
#4557 = LINE('',#4558,#4559);
#4558 = CARTESIAN_POINT('',(1.7,30.215685424949,-4.));
#4559 = VECTOR('',#4560,1.);
#4560 = DIRECTION('',(0.,1.,0.));
#4561 = FACE_BOUND('',#4562,.F.);
#4562 = EDGE_LOOP('',(#4563,#4574,#4582,#4591,#4599,#4608,#4616,#4625));
#4563 = ORIENTED_EDGE('',*,*,#4564,.F.);
#4564 = EDGE_CURVE('',#4565,#4567,#4569,.T.);
#4565 = VERTEX_POINT('',#4566);
#4566 = CARTESIAN_POINT('',(17.568629150102,35.8,-4.));
#4567 = VERTEX_POINT('',#4568);
#4568 = CARTESIAN_POINT('',(18.7,36.931370849898,-4.));
#4569 = CIRCLE('',#4570,0.8);
#4570 = AXIS2_PLACEMENT_3D('',#4571,#4572,#4573);
#4571 = CARTESIAN_POINT('',(18.134314575051,36.365685424949,-4.));
#4572 = DIRECTION('',(0.,0.,1.));
#4573 = DIRECTION('',(1.,0.,-0.));
#4574 = ORIENTED_EDGE('',*,*,#4575,.F.);
#4575 = EDGE_CURVE('',#4576,#4565,#4578,.T.);
#4576 = VERTEX_POINT('',#4577);
#4577 = CARTESIAN_POINT('',(8.431370849899,35.8,-4.));
#4578 = LINE('',#4579,#4580);
#4579 = CARTESIAN_POINT('',(29.75,35.8,-4.));
#4580 = VECTOR('',#4581,1.);
#4581 = DIRECTION('',(1.,-2.447E-14,0.));
#4582 = ORIENTED_EDGE('',*,*,#4583,.F.);
#4583 = EDGE_CURVE('',#4584,#4576,#4586,.T.);
#4584 = VERTEX_POINT('',#4585);
#4585 = CARTESIAN_POINT('',(7.3,36.931370849899,-4.));
#4586 = CIRCLE('',#4587,0.8);
#4587 = AXIS2_PLACEMENT_3D('',#4588,#4589,#4590);
#4588 = CARTESIAN_POINT('',(7.865685424949,36.365685424949,-4.));
#4589 = DIRECTION('',(0.,0.,1.));
#4590 = DIRECTION('',(1.,0.,-0.));
#4591 = ORIENTED_EDGE('',*,*,#4592,.F.);
#4592 = EDGE_CURVE('',#4593,#4584,#4595,.T.);
#4593 = VERTEX_POINT('',#4594);
#4594 = CARTESIAN_POINT('',(7.3,38.068629150101,-4.));
#4595 = LINE('',#4596,#4597);
#4596 = CARTESIAN_POINT('',(7.3,31.534314575051,-4.));
#4597 = VECTOR('',#4598,1.);
#4598 = DIRECTION('',(0.,-1.,0.));
#4599 = ORIENTED_EDGE('',*,*,#4600,.F.);
#4600 = EDGE_CURVE('',#4601,#4593,#4603,.T.);
#4601 = VERTEX_POINT('',#4602);
#4602 = CARTESIAN_POINT('',(8.431370849899,39.2,-4.));
#4603 = CIRCLE('',#4604,0.8);
#4604 = AXIS2_PLACEMENT_3D('',#4605,#4606,#4607);
#4605 = CARTESIAN_POINT('',(7.865685424949,38.634314575051,-4.));
#4606 = DIRECTION('',(0.,0.,1.));
#4607 = DIRECTION('',(1.,0.,-0.));
#4608 = ORIENTED_EDGE('',*,*,#4609,.F.);
#4609 = EDGE_CURVE('',#4610,#4601,#4612,.T.);
#4610 = VERTEX_POINT('',#4611);
#4611 = CARTESIAN_POINT('',(17.568629150102,39.2,-4.));
#4612 = LINE('',#4613,#4614);
#4613 = CARTESIAN_POINT('',(29.75,39.2,-4.));
#4614 = VECTOR('',#4615,1.);
#4615 = DIRECTION('',(-1.,-7.7E-16,0.));
#4616 = ORIENTED_EDGE('',*,*,#4617,.F.);
#4617 = EDGE_CURVE('',#4618,#4610,#4620,.T.);
#4618 = VERTEX_POINT('',#4619);
#4619 = CARTESIAN_POINT('',(18.7,38.068629150102,-4.));
#4620 = CIRCLE('',#4621,0.8);
#4621 = AXIS2_PLACEMENT_3D('',#4622,#4623,#4624);
#4622 = CARTESIAN_POINT('',(18.134314575051,38.634314575051,-4.));
#4623 = DIRECTION('',(0.,0.,1.));
#4624 = DIRECTION('',(1.,0.,-0.));
#4625 = ORIENTED_EDGE('',*,*,#4626,.T.);
#4626 = EDGE_CURVE('',#4618,#4567,#4627,.T.);
#4627 = LINE('',#4628,#4629);
#4628 = CARTESIAN_POINT('',(18.7,31.534314575051,-4.));
#4629 = VECTOR('',#4630,1.);
#4630 = DIRECTION('',(3.12E-15,-1.,0.));
#4631 = FACE_BOUND('',#4632,.F.);
#4632 = EDGE_LOOP('',(#4633,#4644,#4652,#4661,#4669,#4678,#4686,#4695));
#4633 = ORIENTED_EDGE('',*,*,#4634,.F.);
#4634 = EDGE_CURVE('',#4635,#4637,#4639,.T.);
#4635 = VERTEX_POINT('',#4636);
#4636 = CARTESIAN_POINT('',(31.568629150102,34.3,-4.));
#4637 = VERTEX_POINT('',#4638);
#4638 = CARTESIAN_POINT('',(32.7,35.431370849899,-4.));
#4639 = CIRCLE('',#4640,0.8);
#4640 = AXIS2_PLACEMENT_3D('',#4641,#4642,#4643);
#4641 = CARTESIAN_POINT('',(32.134314575051,34.865685424949,-4.));
#4642 = DIRECTION('',(0.,0.,1.));
#4643 = DIRECTION('',(1.,0.,0.));
#4644 = ORIENTED_EDGE('',*,*,#4645,.F.);
#4645 = EDGE_CURVE('',#4646,#4635,#4648,.T.);
#4646 = VERTEX_POINT('',#4647);
#4647 = CARTESIAN_POINT('',(25.431370849899,34.300000000001,-4.));
#4648 = LINE('',#4649,#4650);
#4649 = CARTESIAN_POINT('',(37.500000000001,34.299999999999,-4.));
#4650 = VECTOR('',#4651,1.);
#4651 = DIRECTION('',(1.,-1.0067E-13,0.));
#4652 = ORIENTED_EDGE('',*,*,#4653,.F.);
#4653 = EDGE_CURVE('',#4654,#4646,#4656,.T.);
#4654 = VERTEX_POINT('',#4655);
#4655 = CARTESIAN_POINT('',(24.3,35.431370849899,-4.));
#4656 = CIRCLE('',#4657,0.8);
#4657 = AXIS2_PLACEMENT_3D('',#4658,#4659,#4660);
#4658 = CARTESIAN_POINT('',(24.865685424949,34.865685424949,-4.));
#4659 = DIRECTION('',(0.,0.,1.));
#4660 = DIRECTION('',(1.,0.,0.));
#4661 = ORIENTED_EDGE('',*,*,#4662,.F.);
#4662 = EDGE_CURVE('',#4663,#4654,#4665,.T.);
#4663 = VERTEX_POINT('',#4664);
#4664 = CARTESIAN_POINT('',(24.3,39.568629150101,-4.));
#4665 = LINE('',#4666,#4667);
#4666 = CARTESIAN_POINT('',(24.3,32.284314575051,-4.));
#4667 = VECTOR('',#4668,1.);
#4668 = DIRECTION('',(0.,-1.,0.));
#4669 = ORIENTED_EDGE('',*,*,#4670,.F.);
#4670 = EDGE_CURVE('',#4671,#4663,#4673,.T.);
#4671 = VERTEX_POINT('',#4672);
#4672 = CARTESIAN_POINT('',(25.431370849899,40.699999999999,-4.));
#4673 = CIRCLE('',#4674,0.8);
#4674 = AXIS2_PLACEMENT_3D('',#4675,#4676,#4677);
#4675 = CARTESIAN_POINT('',(24.865685424949,40.134314575051,-4.));
#4676 = DIRECTION('',(0.,0.,1.));
#4677 = DIRECTION('',(1.,0.,0.));
#4678 = ORIENTED_EDGE('',*,*,#4679,.F.);
#4679 = EDGE_CURVE('',#4680,#4671,#4682,.T.);
#4680 = VERTEX_POINT('',#4681);
#4681 = CARTESIAN_POINT('',(31.568629150102,40.7,-4.));
#4682 = LINE('',#4683,#4684);
#4683 = CARTESIAN_POINT('',(37.499999999999,40.700000000001,-4.));
#4684 = VECTOR('',#4685,1.);
#4685 = DIRECTION('',(-1.,-1.5886E-13,0.));
#4686 = ORIENTED_EDGE('',*,*,#4687,.F.);
#4687 = EDGE_CURVE('',#4688,#4680,#4690,.T.);
#4688 = VERTEX_POINT('',#4689);
#4689 = CARTESIAN_POINT('',(32.7,39.568629150102,-4.));
#4690 = CIRCLE('',#4691,0.8);
#4691 = AXIS2_PLACEMENT_3D('',#4692,#4693,#4694);
#4692 = CARTESIAN_POINT('',(32.134314575051,40.134314575051,-4.));
#4693 = DIRECTION('',(0.,0.,1.));
#4694 = DIRECTION('',(1.,0.,0.));
#4695 = ORIENTED_EDGE('',*,*,#4696,.F.);
#4696 = EDGE_CURVE('',#4637,#4688,#4697,.T.);
#4697 = LINE('',#4698,#4699);
#4698 = CARTESIAN_POINT('',(32.7,30.215685424949,-4.));
#4699 = VECTOR('',#4700,1.);
#4700 = DIRECTION('',(0.,1.,0.));
#4701 = FACE_BOUND('',#4702,.F.);
#4702 = EDGE_LOOP('',(#4703,#4714,#4722,#4731,#4739,#4748,#4756,#4765));
#4703 = ORIENTED_EDGE('',*,*,#4704,.F.);
#4704 = EDGE_CURVE('',#4705,#4707,#4709,.T.);
#4705 = VERTEX_POINT('',#4706);
#4706 = CARTESIAN_POINT('',(48.568629150102,35.8,-4.));
#4707 = VERTEX_POINT('',#4708);
#4708 = CARTESIAN_POINT('',(49.7,36.931370849898,-4.));
#4709 = CIRCLE('',#4710,0.8);
#4710 = AXIS2_PLACEMENT_3D('',#4711,#4712,#4713);
#4711 = CARTESIAN_POINT('',(49.134314575051,36.365685424949,-4.));
#4712 = DIRECTION('',(0.,0.,1.));
#4713 = DIRECTION('',(1.,0.,-0.));
#4714 = ORIENTED_EDGE('',*,*,#4715,.F.);
#4715 = EDGE_CURVE('',#4716,#4705,#4718,.T.);
#4716 = VERTEX_POINT('',#4717);
#4717 = CARTESIAN_POINT('',(39.431370849899,35.8,-4.));
#4718 = LINE('',#4719,#4720);
#4719 = CARTESIAN_POINT('',(45.25,35.8,-4.));
#4720 = VECTOR('',#4721,1.);
#4721 = DIRECTION('',(1.,-2.447E-14,0.));
#4722 = ORIENTED_EDGE('',*,*,#4723,.F.);
#4723 = EDGE_CURVE('',#4724,#4716,#4726,.T.);
#4724 = VERTEX_POINT('',#4725);
#4725 = CARTESIAN_POINT('',(38.3,36.931370849899,-4.));
#4726 = CIRCLE('',#4727,0.8);
#4727 = AXIS2_PLACEMENT_3D('',#4728,#4729,#4730);
#4728 = CARTESIAN_POINT('',(38.865685424949,36.365685424949,-4.));
#4729 = DIRECTION('',(0.,0.,1.));
#4730 = DIRECTION('',(1.,0.,-0.));
#4731 = ORIENTED_EDGE('',*,*,#4732,.F.);
#4732 = EDGE_CURVE('',#4733,#4724,#4735,.T.);
#4733 = VERTEX_POINT('',#4734);
#4734 = CARTESIAN_POINT('',(38.3,38.068629150101,-4.));
#4735 = LINE('',#4736,#4737);
#4736 = CARTESIAN_POINT('',(38.3,31.534314575051,-4.));
#4737 = VECTOR('',#4738,1.);
#4738 = DIRECTION('',(0.,-1.,0.));
#4739 = ORIENTED_EDGE('',*,*,#4740,.F.);
#4740 = EDGE_CURVE('',#4741,#4733,#4743,.T.);
#4741 = VERTEX_POINT('',#4742);
#4742 = CARTESIAN_POINT('',(39.431370849899,39.2,-4.));
#4743 = CIRCLE('',#4744,0.8);
#4744 = AXIS2_PLACEMENT_3D('',#4745,#4746,#4747);
#4745 = CARTESIAN_POINT('',(38.865685424949,38.634314575051,-4.));
#4746 = DIRECTION('',(0.,0.,1.));
#4747 = DIRECTION('',(1.,0.,-0.));
#4748 = ORIENTED_EDGE('',*,*,#4749,.F.);
#4749 = EDGE_CURVE('',#4750,#4741,#4752,.T.);
#4750 = VERTEX_POINT('',#4751);
#4751 = CARTESIAN_POINT('',(48.568629150102,39.2,-4.));
#4752 = LINE('',#4753,#4754);
#4753 = CARTESIAN_POINT('',(45.25,39.2,-4.));
#4754 = VECTOR('',#4755,1.);
#4755 = DIRECTION('',(-1.,-7.7E-16,0.));
#4756 = ORIENTED_EDGE('',*,*,#4757,.F.);
#4757 = EDGE_CURVE('',#4758,#4750,#4760,.T.);
#4758 = VERTEX_POINT('',#4759);
#4759 = CARTESIAN_POINT('',(49.7,38.068629150102,-4.));
#4760 = CIRCLE('',#4761,0.8);
#4761 = AXIS2_PLACEMENT_3D('',#4762,#4763,#4764);
#4762 = CARTESIAN_POINT('',(49.134314575051,38.634314575051,-4.));
#4763 = DIRECTION('',(0.,0.,1.));
#4764 = DIRECTION('',(1.,0.,-0.));
#4765 = ORIENTED_EDGE('',*,*,#4766,.T.);
#4766 = EDGE_CURVE('',#4758,#4707,#4767,.T.);
#4767 = LINE('',#4768,#4769);
#4768 = CARTESIAN_POINT('',(49.7,31.534314575051,-4.));
#4769 = VECTOR('',#4770,1.);
#4770 = DIRECTION('',(3.12E-15,-1.,0.));
#4771 = FACE_BOUND('',#4772,.F.);
#4772 = EDGE_LOOP('',(#4773,#4784,#4792,#4801,#4809,#4818,#4826,#4835));
#4773 = ORIENTED_EDGE('',*,*,#4774,.F.);
#4774 = EDGE_CURVE('',#4775,#4777,#4779,.T.);
#4775 = VERTEX_POINT('',#4776);
#4776 = CARTESIAN_POINT('',(17.568629150102,60.8,-4.));
#4777 = VERTEX_POINT('',#4778);
#4778 = CARTESIAN_POINT('',(18.7,61.931370849898,-4.));
#4779 = CIRCLE('',#4780,0.8);
#4780 = AXIS2_PLACEMENT_3D('',#4781,#4782,#4783);
#4781 = CARTESIAN_POINT('',(18.134314575051,61.365685424949,-4.));
#4782 = DIRECTION('',(0.,0.,1.));
#4783 = DIRECTION('',(1.,0.,-0.));
#4784 = ORIENTED_EDGE('',*,*,#4785,.F.);
#4785 = EDGE_CURVE('',#4786,#4775,#4788,.T.);
#4786 = VERTEX_POINT('',#4787);
#4787 = CARTESIAN_POINT('',(8.431370849899,60.8,-4.));
#4788 = LINE('',#4789,#4790);
#4789 = CARTESIAN_POINT('',(29.75,60.8,-4.));
#4790 = VECTOR('',#4791,1.);
#4791 = DIRECTION('',(1.,-2.447E-14,0.));
#4792 = ORIENTED_EDGE('',*,*,#4793,.F.);
#4793 = EDGE_CURVE('',#4794,#4786,#4796,.T.);
#4794 = VERTEX_POINT('',#4795);
#4795 = CARTESIAN_POINT('',(7.3,61.931370849899,-4.));
#4796 = CIRCLE('',#4797,0.8);
#4797 = AXIS2_PLACEMENT_3D('',#4798,#4799,#4800);
#4798 = CARTESIAN_POINT('',(7.865685424949,61.365685424949,-4.));
#4799 = DIRECTION('',(0.,0.,1.));
#4800 = DIRECTION('',(1.,0.,-0.));
#4801 = ORIENTED_EDGE('',*,*,#4802,.F.);
#4802 = EDGE_CURVE('',#4803,#4794,#4805,.T.);
#4803 = VERTEX_POINT('',#4804);
#4804 = CARTESIAN_POINT('',(7.3,63.068629150101,-4.));
#4805 = LINE('',#4806,#4807);
#4806 = CARTESIAN_POINT('',(7.3,44.034314575051,-4.));
#4807 = VECTOR('',#4808,1.);
#4808 = DIRECTION('',(0.,-1.,0.));
#4809 = ORIENTED_EDGE('',*,*,#4810,.F.);
#4810 = EDGE_CURVE('',#4811,#4803,#4813,.T.);
#4811 = VERTEX_POINT('',#4812);
#4812 = CARTESIAN_POINT('',(8.431370849899,64.2,-4.));
#4813 = CIRCLE('',#4814,0.8);
#4814 = AXIS2_PLACEMENT_3D('',#4815,#4816,#4817);
#4815 = CARTESIAN_POINT('',(7.865685424949,63.634314575051,-4.));
#4816 = DIRECTION('',(0.,0.,1.));
#4817 = DIRECTION('',(1.,0.,-0.));
#4818 = ORIENTED_EDGE('',*,*,#4819,.F.);
#4819 = EDGE_CURVE('',#4820,#4811,#4822,.T.);
#4820 = VERTEX_POINT('',#4821);
#4821 = CARTESIAN_POINT('',(17.568629150102,64.2,-4.));
#4822 = LINE('',#4823,#4824);
#4823 = CARTESIAN_POINT('',(29.75,64.2,-4.));
#4824 = VECTOR('',#4825,1.);
#4825 = DIRECTION('',(-1.,-7.7E-16,0.));
#4826 = ORIENTED_EDGE('',*,*,#4827,.F.);
#4827 = EDGE_CURVE('',#4828,#4820,#4830,.T.);
#4828 = VERTEX_POINT('',#4829);
#4829 = CARTESIAN_POINT('',(18.7,63.068629150102,-4.));
#4830 = CIRCLE('',#4831,0.8);
#4831 = AXIS2_PLACEMENT_3D('',#4832,#4833,#4834);
#4832 = CARTESIAN_POINT('',(18.134314575051,63.634314575051,-4.));
#4833 = DIRECTION('',(0.,0.,1.));
#4834 = DIRECTION('',(1.,0.,-0.));
#4835 = ORIENTED_EDGE('',*,*,#4836,.T.);
#4836 = EDGE_CURVE('',#4828,#4777,#4837,.T.);
#4837 = LINE('',#4838,#4839);
#4838 = CARTESIAN_POINT('',(18.7,44.034314575051,-4.));
#4839 = VECTOR('',#4840,1.);
#4840 = DIRECTION('',(3.12E-15,-1.,0.));
#4841 = FACE_BOUND('',#4842,.F.);
#4842 = EDGE_LOOP('',(#4843,#4854,#4862,#4871,#4879,#4888,#4896,#4905));
#4843 = ORIENTED_EDGE('',*,*,#4844,.F.);
#4844 = EDGE_CURVE('',#4845,#4847,#4849,.T.);
#4845 = VERTEX_POINT('',#4846);
#4846 = CARTESIAN_POINT('',(48.568629150102,60.8,-4.));
#4847 = VERTEX_POINT('',#4848);
#4848 = CARTESIAN_POINT('',(49.7,61.931370849898,-4.));
#4849 = CIRCLE('',#4850,0.8);
#4850 = AXIS2_PLACEMENT_3D('',#4851,#4852,#4853);
#4851 = CARTESIAN_POINT('',(49.134314575051,61.365685424949,-4.));
#4852 = DIRECTION('',(0.,0.,1.));
#4853 = DIRECTION('',(1.,0.,-0.));
#4854 = ORIENTED_EDGE('',*,*,#4855,.F.);
#4855 = EDGE_CURVE('',#4856,#4845,#4858,.T.);
#4856 = VERTEX_POINT('',#4857);
#4857 = CARTESIAN_POINT('',(39.431370849899,60.8,-4.));
#4858 = LINE('',#4859,#4860);
#4859 = CARTESIAN_POINT('',(45.25,60.8,-4.));
#4860 = VECTOR('',#4861,1.);
#4861 = DIRECTION('',(1.,-2.447E-14,0.));
#4862 = ORIENTED_EDGE('',*,*,#4863,.F.);
#4863 = EDGE_CURVE('',#4864,#4856,#4866,.T.);
#4864 = VERTEX_POINT('',#4865);
#4865 = CARTESIAN_POINT('',(38.3,61.931370849899,-4.));
#4866 = CIRCLE('',#4867,0.8);
#4867 = AXIS2_PLACEMENT_3D('',#4868,#4869,#4870);
#4868 = CARTESIAN_POINT('',(38.865685424949,61.365685424949,-4.));
#4869 = DIRECTION('',(0.,0.,1.));
#4870 = DIRECTION('',(1.,0.,-0.));
#4871 = ORIENTED_EDGE('',*,*,#4872,.F.);
#4872 = EDGE_CURVE('',#4873,#4864,#4875,.T.);
#4873 = VERTEX_POINT('',#4874);
#4874 = CARTESIAN_POINT('',(38.3,63.068629150101,-4.));
#4875 = LINE('',#4876,#4877);
#4876 = CARTESIAN_POINT('',(38.3,44.034314575051,-4.));
#4877 = VECTOR('',#4878,1.);
#4878 = DIRECTION('',(0.,-1.,0.));
#4879 = ORIENTED_EDGE('',*,*,#4880,.F.);
#4880 = EDGE_CURVE('',#4881,#4873,#4883,.T.);
#4881 = VERTEX_POINT('',#4882);
#4882 = CARTESIAN_POINT('',(39.431370849899,64.2,-4.));
#4883 = CIRCLE('',#4884,0.8);
#4884 = AXIS2_PLACEMENT_3D('',#4885,#4886,#4887);
#4885 = CARTESIAN_POINT('',(38.865685424949,63.634314575051,-4.));
#4886 = DIRECTION('',(0.,0.,1.));
#4887 = DIRECTION('',(1.,0.,-0.));
#4888 = ORIENTED_EDGE('',*,*,#4889,.F.);
#4889 = EDGE_CURVE('',#4890,#4881,#4892,.T.);
#4890 = VERTEX_POINT('',#4891);
#4891 = CARTESIAN_POINT('',(48.568629150102,64.2,-4.));
#4892 = LINE('',#4893,#4894);
#4893 = CARTESIAN_POINT('',(45.25,64.2,-4.));
#4894 = VECTOR('',#4895,1.);
#4895 = DIRECTION('',(-1.,-7.7E-16,0.));
#4896 = ORIENTED_EDGE('',*,*,#4897,.F.);
#4897 = EDGE_CURVE('',#4898,#4890,#4900,.T.);
#4898 = VERTEX_POINT('',#4899);
#4899 = CARTESIAN_POINT('',(49.7,63.068629150102,-4.));
#4900 = CIRCLE('',#4901,0.8);
#4901 = AXIS2_PLACEMENT_3D('',#4902,#4903,#4904);
#4902 = CARTESIAN_POINT('',(49.134314575051,63.634314575051,-4.));
#4903 = DIRECTION('',(0.,0.,1.));
#4904 = DIRECTION('',(1.,0.,-0.));
#4905 = ORIENTED_EDGE('',*,*,#4906,.T.);
#4906 = EDGE_CURVE('',#4898,#4847,#4907,.T.);
#4907 = LINE('',#4908,#4909);
#4908 = CARTESIAN_POINT('',(49.7,44.034314575051,-4.));
#4909 = VECTOR('',#4910,1.);
#4910 = DIRECTION('',(3.12E-15,-1.,0.));
#4911 = FACE_BOUND('',#4912,.F.);
#4912 = EDGE_LOOP('',(#4913,#4924,#4932,#4941,#4949,#4958,#4966,#4975));
#4913 = ORIENTED_EDGE('',*,*,#4914,.F.);
#4914 = EDGE_CURVE('',#4915,#4917,#4919,.T.);
#4915 = VERTEX_POINT('',#4916);
#4916 = CARTESIAN_POINT('',(62.568629150102,34.3,-4.));
#4917 = VERTEX_POINT('',#4918);
#4918 = CARTESIAN_POINT('',(63.7,35.431370849899,-4.));
#4919 = CIRCLE('',#4920,0.8);
#4920 = AXIS2_PLACEMENT_3D('',#4921,#4922,#4923);
#4921 = CARTESIAN_POINT('',(63.134314575051,34.865685424949,-4.));
#4922 = DIRECTION('',(0.,0.,1.));
#4923 = DIRECTION('',(1.,0.,0.));
#4924 = ORIENTED_EDGE('',*,*,#4925,.F.);
#4925 = EDGE_CURVE('',#4926,#4915,#4928,.T.);
#4926 = VERTEX_POINT('',#4927);
#4927 = CARTESIAN_POINT('',(56.431370849899,34.300000000001,-4.));
#4928 = LINE('',#4929,#4930);
#4929 = CARTESIAN_POINT('',(53.000000000001,34.300000000001,-4.));
#4930 = VECTOR('',#4931,1.);
#4931 = DIRECTION('',(1.,-1.0067E-13,0.));
#4932 = ORIENTED_EDGE('',*,*,#4933,.F.);
#4933 = EDGE_CURVE('',#4934,#4926,#4936,.T.);
#4934 = VERTEX_POINT('',#4935);
#4935 = CARTESIAN_POINT('',(55.3,35.431370849899,-4.));
#4936 = CIRCLE('',#4937,0.8);
#4937 = AXIS2_PLACEMENT_3D('',#4938,#4939,#4940);
#4938 = CARTESIAN_POINT('',(55.865685424949,34.865685424949,-4.));
#4939 = DIRECTION('',(0.,0.,1.));
#4940 = DIRECTION('',(1.,0.,0.));
#4941 = ORIENTED_EDGE('',*,*,#4942,.F.);
#4942 = EDGE_CURVE('',#4943,#4934,#4945,.T.);
#4943 = VERTEX_POINT('',#4944);
#4944 = CARTESIAN_POINT('',(55.3,39.568629150101,-4.));
#4945 = LINE('',#4946,#4947);
#4946 = CARTESIAN_POINT('',(55.3,32.284314575051,-4.));
#4947 = VECTOR('',#4948,1.);
#4948 = DIRECTION('',(0.,-1.,0.));
#4949 = ORIENTED_EDGE('',*,*,#4950,.F.);
#4950 = EDGE_CURVE('',#4951,#4943,#4953,.T.);
#4951 = VERTEX_POINT('',#4952);
#4952 = CARTESIAN_POINT('',(56.431370849899,40.699999999999,-4.));
#4953 = CIRCLE('',#4954,0.8);
#4954 = AXIS2_PLACEMENT_3D('',#4955,#4956,#4957);
#4955 = CARTESIAN_POINT('',(55.865685424949,40.134314575051,-4.));
#4956 = DIRECTION('',(0.,0.,1.));
#4957 = DIRECTION('',(1.,0.,0.));
#4958 = ORIENTED_EDGE('',*,*,#4959,.F.);
#4959 = EDGE_CURVE('',#4960,#4951,#4962,.T.);
#4960 = VERTEX_POINT('',#4961);
#4961 = CARTESIAN_POINT('',(62.568629150102,40.7,-4.));
#4962 = LINE('',#4963,#4964);
#4963 = CARTESIAN_POINT('',(52.999999999999,40.699999999998,-4.));
#4964 = VECTOR('',#4965,1.);
#4965 = DIRECTION('',(-1.,-1.5886E-13,0.));
#4966 = ORIENTED_EDGE('',*,*,#4967,.F.);
#4967 = EDGE_CURVE('',#4968,#4960,#4970,.T.);
#4968 = VERTEX_POINT('',#4969);
#4969 = CARTESIAN_POINT('',(63.7,39.568629150102,-4.));
#4970 = CIRCLE('',#4971,0.8);
#4971 = AXIS2_PLACEMENT_3D('',#4972,#4973,#4974);
#4972 = CARTESIAN_POINT('',(63.134314575051,40.134314575051,-4.));
#4973 = DIRECTION('',(0.,0.,1.));
#4974 = DIRECTION('',(1.,0.,0.));
#4975 = ORIENTED_EDGE('',*,*,#4976,.F.);
#4976 = EDGE_CURVE('',#4917,#4968,#4977,.T.);
#4977 = LINE('',#4978,#4979);
#4978 = CARTESIAN_POINT('',(63.7,30.215685424949,-4.));
#4979 = VECTOR('',#4980,1.);
#4980 = DIRECTION('',(0.,1.,0.));
#4981 = FACE_BOUND('',#4982,.F.);
#4982 = EDGE_LOOP('',(#4983,#4994,#5002,#5011,#5019,#5028,#5036,#5045));
#4983 = ORIENTED_EDGE('',*,*,#4984,.F.);
#4984 = EDGE_CURVE('',#4985,#4987,#4989,.T.);
#4985 = VERTEX_POINT('',#4986);
#4986 = CARTESIAN_POINT('',(79.568629150102,35.8,-4.));
#4987 = VERTEX_POINT('',#4988);
#4988 = CARTESIAN_POINT('',(80.7,36.931370849898,-4.));
#4989 = CIRCLE('',#4990,0.8);
#4990 = AXIS2_PLACEMENT_3D('',#4991,#4992,#4993);
#4991 = CARTESIAN_POINT('',(80.134314575051,36.365685424949,-4.));
#4992 = DIRECTION('',(0.,0.,1.));
#4993 = DIRECTION('',(1.,0.,-0.));
#4994 = ORIENTED_EDGE('',*,*,#4995,.F.);
#4995 = EDGE_CURVE('',#4996,#4985,#4998,.T.);
#4996 = VERTEX_POINT('',#4997);
#4997 = CARTESIAN_POINT('',(70.431370849899,35.8,-4.));
#4998 = LINE('',#4999,#5000);
#4999 = CARTESIAN_POINT('',(60.75,35.8,-4.));
#5000 = VECTOR('',#5001,1.);
#5001 = DIRECTION('',(1.,-2.447E-14,0.));
#5002 = ORIENTED_EDGE('',*,*,#5003,.F.);
#5003 = EDGE_CURVE('',#5004,#4996,#5006,.T.);
#5004 = VERTEX_POINT('',#5005);
#5005 = CARTESIAN_POINT('',(69.3,36.931370849899,-4.));
#5006 = CIRCLE('',#5007,0.8);
#5007 = AXIS2_PLACEMENT_3D('',#5008,#5009,#5010);
#5008 = CARTESIAN_POINT('',(69.865685424949,36.365685424949,-4.));
#5009 = DIRECTION('',(0.,0.,1.));
#5010 = DIRECTION('',(1.,0.,-0.));
#5011 = ORIENTED_EDGE('',*,*,#5012,.F.);
#5012 = EDGE_CURVE('',#5013,#5004,#5015,.T.);
#5013 = VERTEX_POINT('',#5014);
#5014 = CARTESIAN_POINT('',(69.3,38.068629150101,-4.));
#5015 = LINE('',#5016,#5017);
#5016 = CARTESIAN_POINT('',(69.3,31.534314575051,-4.));
#5017 = VECTOR('',#5018,1.);
#5018 = DIRECTION('',(0.,-1.,0.));
#5019 = ORIENTED_EDGE('',*,*,#5020,.F.);
#5020 = EDGE_CURVE('',#5021,#5013,#5023,.T.);
#5021 = VERTEX_POINT('',#5022);
#5022 = CARTESIAN_POINT('',(70.431370849898,39.2,-4.));
#5023 = CIRCLE('',#5024,0.8);
#5024 = AXIS2_PLACEMENT_3D('',#5025,#5026,#5027);
#5025 = CARTESIAN_POINT('',(69.865685424949,38.634314575051,-4.));
#5026 = DIRECTION('',(0.,0.,1.));
#5027 = DIRECTION('',(1.,0.,-0.));
#5028 = ORIENTED_EDGE('',*,*,#5029,.F.);
#5029 = EDGE_CURVE('',#5030,#5021,#5032,.T.);
#5030 = VERTEX_POINT('',#5031);
#5031 = CARTESIAN_POINT('',(79.568629150102,39.2,-4.));
#5032 = LINE('',#5033,#5034);
#5033 = CARTESIAN_POINT('',(60.75,39.2,-4.));
#5034 = VECTOR('',#5035,1.);
#5035 = DIRECTION('',(-1.,-7.7E-16,0.));
#5036 = ORIENTED_EDGE('',*,*,#5037,.F.);
#5037 = EDGE_CURVE('',#5038,#5030,#5040,.T.);
#5038 = VERTEX_POINT('',#5039);
#5039 = CARTESIAN_POINT('',(80.7,38.068629150102,-4.));
#5040 = CIRCLE('',#5041,0.8);
#5041 = AXIS2_PLACEMENT_3D('',#5042,#5043,#5044);
#5042 = CARTESIAN_POINT('',(80.134314575051,38.634314575051,-4.));
#5043 = DIRECTION('',(0.,0.,1.));
#5044 = DIRECTION('',(1.,0.,-0.));
#5045 = ORIENTED_EDGE('',*,*,#5046,.T.);
#5046 = EDGE_CURVE('',#5038,#4987,#5047,.T.);
#5047 = LINE('',#5048,#5049);
#5048 = CARTESIAN_POINT('',(80.7,31.534314575051,-4.));
#5049 = VECTOR('',#5050,1.);
#5050 = DIRECTION('',(3.12E-15,-1.,0.));
#5051 = FACE_BOUND('',#5052,.F.);
#5052 = EDGE_LOOP('',(#5053,#5064,#5072,#5081,#5089,#5098,#5106,#5115));
#5053 = ORIENTED_EDGE('',*,*,#5054,.F.);
#5054 = EDGE_CURVE('',#5055,#5057,#5059,.T.);
#5055 = VERTEX_POINT('',#5056);
#5056 = CARTESIAN_POINT('',(93.568629150102,34.3,-4.));
#5057 = VERTEX_POINT('',#5058);
#5058 = CARTESIAN_POINT('',(94.7,35.431370849899,-4.));
#5059 = CIRCLE('',#5060,0.8);
#5060 = AXIS2_PLACEMENT_3D('',#5061,#5062,#5063);
#5061 = CARTESIAN_POINT('',(94.134314575051,34.865685424949,-4.));
#5062 = DIRECTION('',(0.,0.,1.));
#5063 = DIRECTION('',(1.,0.,0.));
#5064 = ORIENTED_EDGE('',*,*,#5065,.F.);
#5065 = EDGE_CURVE('',#5066,#5055,#5068,.T.);
#5066 = VERTEX_POINT('',#5067);
#5067 = CARTESIAN_POINT('',(87.431370849899,34.300000000001,-4.));
#5068 = LINE('',#5069,#5070);
#5069 = CARTESIAN_POINT('',(68.500000000001,34.300000000003,-4.));
#5070 = VECTOR('',#5071,1.);
#5071 = DIRECTION('',(1.,-1.0067E-13,0.));
#5072 = ORIENTED_EDGE('',*,*,#5073,.F.);
#5073 = EDGE_CURVE('',#5074,#5066,#5076,.T.);
#5074 = VERTEX_POINT('',#5075);
#5075 = CARTESIAN_POINT('',(86.3,35.431370849899,-4.));
#5076 = CIRCLE('',#5077,0.8);
#5077 = AXIS2_PLACEMENT_3D('',#5078,#5079,#5080);
#5078 = CARTESIAN_POINT('',(86.865685424949,34.865685424949,-4.));
#5079 = DIRECTION('',(0.,0.,1.));
#5080 = DIRECTION('',(1.,0.,0.));
#5081 = ORIENTED_EDGE('',*,*,#5082,.F.);
#5082 = EDGE_CURVE('',#5083,#5074,#5085,.T.);
#5083 = VERTEX_POINT('',#5084);
#5084 = CARTESIAN_POINT('',(86.3,39.568629150101,-4.));
#5085 = LINE('',#5086,#5087);
#5086 = CARTESIAN_POINT('',(86.3,32.284314575051,-4.));
#5087 = VECTOR('',#5088,1.);
#5088 = DIRECTION('',(0.,-1.,0.));
#5089 = ORIENTED_EDGE('',*,*,#5090,.F.);
#5090 = EDGE_CURVE('',#5091,#5083,#5093,.T.);
#5091 = VERTEX_POINT('',#5092);
#5092 = CARTESIAN_POINT('',(87.431370849899,40.699999999999,-4.));
#5093 = CIRCLE('',#5094,0.8);
#5094 = AXIS2_PLACEMENT_3D('',#5095,#5096,#5097);
#5095 = CARTESIAN_POINT('',(86.865685424949,40.134314575051,-4.));
#5096 = DIRECTION('',(0.,0.,1.));
#5097 = DIRECTION('',(1.,0.,0.));
#5098 = ORIENTED_EDGE('',*,*,#5099,.F.);
#5099 = EDGE_CURVE('',#5100,#5091,#5102,.T.);
#5100 = VERTEX_POINT('',#5101);
#5101 = CARTESIAN_POINT('',(93.568629150102,40.7,-4.));
#5102 = LINE('',#5103,#5104);
#5103 = CARTESIAN_POINT('',(68.499999999999,40.699999999996,-4.));
#5104 = VECTOR('',#5105,1.);
#5105 = DIRECTION('',(-1.,-1.5886E-13,0.));
#5106 = ORIENTED_EDGE('',*,*,#5107,.F.);
#5107 = EDGE_CURVE('',#5108,#5100,#5110,.T.);
#5108 = VERTEX_POINT('',#5109);
#5109 = CARTESIAN_POINT('',(94.7,39.568629150102,-4.));
#5110 = CIRCLE('',#5111,0.8);
#5111 = AXIS2_PLACEMENT_3D('',#5112,#5113,#5114);
#5112 = CARTESIAN_POINT('',(94.134314575051,40.134314575051,-4.));
#5113 = DIRECTION('',(0.,0.,1.));
#5114 = DIRECTION('',(1.,0.,0.));
#5115 = ORIENTED_EDGE('',*,*,#5116,.F.);
#5116 = EDGE_CURVE('',#5057,#5108,#5117,.T.);
#5117 = LINE('',#5118,#5119);
#5118 = CARTESIAN_POINT('',(94.7,30.215685424949,-4.));
#5119 = VECTOR('',#5120,1.);
#5120 = DIRECTION('',(0.,1.,0.));
#5121 = FACE_BOUND('',#5122,.F.);
#5122 = EDGE_LOOP('',(#5123,#5134,#5142,#5151,#5159,#5168,#5176,#5185));
#5123 = ORIENTED_EDGE('',*,*,#5124,.F.);
#5124 = EDGE_CURVE('',#5125,#5127,#5129,.T.);
#5125 = VERTEX_POINT('',#5126);
#5126 = CARTESIAN_POINT('',(79.568629150102,60.8,-4.));
#5127 = VERTEX_POINT('',#5128);
#5128 = CARTESIAN_POINT('',(80.7,61.931370849898,-4.));
#5129 = CIRCLE('',#5130,0.8);
#5130 = AXIS2_PLACEMENT_3D('',#5131,#5132,#5133);
#5131 = CARTESIAN_POINT('',(80.134314575051,61.365685424949,-4.));
#5132 = DIRECTION('',(0.,0.,1.));
#5133 = DIRECTION('',(1.,0.,-0.));
#5134 = ORIENTED_EDGE('',*,*,#5135,.F.);
#5135 = EDGE_CURVE('',#5136,#5125,#5138,.T.);
#5136 = VERTEX_POINT('',#5137);
#5137 = CARTESIAN_POINT('',(70.431370849899,60.8,-4.));
#5138 = LINE('',#5139,#5140);
#5139 = CARTESIAN_POINT('',(60.75,60.8,-4.));
#5140 = VECTOR('',#5141,1.);
#5141 = DIRECTION('',(1.,-2.447E-14,0.));
#5142 = ORIENTED_EDGE('',*,*,#5143,.F.);
#5143 = EDGE_CURVE('',#5144,#5136,#5146,.T.);
#5144 = VERTEX_POINT('',#5145);
#5145 = CARTESIAN_POINT('',(69.3,61.931370849899,-4.));
#5146 = CIRCLE('',#5147,0.8);
#5147 = AXIS2_PLACEMENT_3D('',#5148,#5149,#5150);
#5148 = CARTESIAN_POINT('',(69.865685424949,61.365685424949,-4.));
#5149 = DIRECTION('',(0.,0.,1.));
#5150 = DIRECTION('',(1.,0.,-0.));
#5151 = ORIENTED_EDGE('',*,*,#5152,.F.);
#5152 = EDGE_CURVE('',#5153,#5144,#5155,.T.);
#5153 = VERTEX_POINT('',#5154);
#5154 = CARTESIAN_POINT('',(69.3,63.068629150101,-4.));
#5155 = LINE('',#5156,#5157);
#5156 = CARTESIAN_POINT('',(69.3,44.034314575051,-4.));
#5157 = VECTOR('',#5158,1.);
#5158 = DIRECTION('',(0.,-1.,0.));
#5159 = ORIENTED_EDGE('',*,*,#5160,.F.);
#5160 = EDGE_CURVE('',#5161,#5153,#5163,.T.);
#5161 = VERTEX_POINT('',#5162);
#5162 = CARTESIAN_POINT('',(70.431370849898,64.2,-4.));
#5163 = CIRCLE('',#5164,0.8);
#5164 = AXIS2_PLACEMENT_3D('',#5165,#5166,#5167);
#5165 = CARTESIAN_POINT('',(69.865685424949,63.634314575051,-4.));
#5166 = DIRECTION('',(0.,0.,1.));
#5167 = DIRECTION('',(1.,0.,-0.));
#5168 = ORIENTED_EDGE('',*,*,#5169,.F.);
#5169 = EDGE_CURVE('',#5170,#5161,#5172,.T.);
#5170 = VERTEX_POINT('',#5171);
#5171 = CARTESIAN_POINT('',(79.568629150102,64.2,-4.));
#5172 = LINE('',#5173,#5174);
#5173 = CARTESIAN_POINT('',(60.75,64.2,-4.));
#5174 = VECTOR('',#5175,1.);
#5175 = DIRECTION('',(-1.,-7.7E-16,0.));
#5176 = ORIENTED_EDGE('',*,*,#5177,.F.);
#5177 = EDGE_CURVE('',#5178,#5170,#5180,.T.);
#5178 = VERTEX_POINT('',#5179);
#5179 = CARTESIAN_POINT('',(80.7,63.068629150102,-4.));
#5180 = CIRCLE('',#5181,0.8);
#5181 = AXIS2_PLACEMENT_3D('',#5182,#5183,#5184);
#5182 = CARTESIAN_POINT('',(80.134314575051,63.634314575051,-4.));
#5183 = DIRECTION('',(0.,0.,1.));
#5184 = DIRECTION('',(1.,0.,-0.));
#5185 = ORIENTED_EDGE('',*,*,#5186,.T.);
#5186 = EDGE_CURVE('',#5178,#5127,#5187,.T.);
#5187 = LINE('',#5188,#5189);
#5188 = CARTESIAN_POINT('',(80.7,44.034314575051,-4.));
#5189 = VECTOR('',#5190,1.);
#5190 = DIRECTION('',(3.12E-15,-1.,0.));
#5191 = PLANE('',#5192);
#5192 = AXIS2_PLACEMENT_3D('',#5193,#5194,#5195);
#5193 = CARTESIAN_POINT('',(46.5,25.,-4.));
#5194 = DIRECTION('',(0.,0.,1.));
#5195 = DIRECTION('',(1.,0.,0.));
#5196 = ADVANCED_FACE('',(#5197),#5203,.T.);
#5197 = FACE_BOUND('',#5198,.T.);
#5198 = EDGE_LOOP('',(#5199,#5200,#5201,#5202));
#5199 = ORIENTED_EDGE('',*,*,#2280,.T.);
#5200 = ORIENTED_EDGE('',*,*,#3785,.T.);
#5201 = ORIENTED_EDGE('',*,*,#2240,.F.);
#5202 = ORIENTED_EDGE('',*,*,#2304,.F.);
#5203 = PLANE('',#5204);
#5204 = AXIS2_PLACEMENT_3D('',#5205,#5206,#5207);
#5205 = CARTESIAN_POINT('',(120.,89.5,0.));
#5206 = DIRECTION('',(0.,1.,0.));
#5207 = DIRECTION('',(-1.,0.,0.));
#5208 = ADVANCED_FACE('',(#5209),#5225,.F.);
#5209 = FACE_BOUND('',#5210,.F.);
#5210 = EDGE_LOOP('',(#5211,#5212,#5218,#5219));
#5211 = ORIENTED_EDGE('',*,*,#2313,.F.);
#5212 = ORIENTED_EDGE('',*,*,#5213,.T.);
#5213 = EDGE_CURVE('',#2314,#3795,#5214,.T.);
#5214 = LINE('',#5215,#5216);
#5215 = CARTESIAN_POINT('',(17.568629150102,-14.2,0.));
#5216 = VECTOR('',#5217,1.);
#5217 = DIRECTION('',(-0.,-0.,-1.));
#5218 = ORIENTED_EDGE('',*,*,#3794,.T.);
#5219 = ORIENTED_EDGE('',*,*,#5220,.F.);
#5220 = EDGE_CURVE('',#2316,#3797,#5221,.T.);
#5221 = LINE('',#5222,#5223);
#5222 = CARTESIAN_POINT('',(18.7,-13.0686291501,0.));
#5223 = VECTOR('',#5224,1.);
#5224 = DIRECTION('',(-0.,-0.,-1.));
#5225 = CYLINDRICAL_SURFACE('',#5226,0.8);
#5226 = AXIS2_PLACEMENT_3D('',#5227,#5228,#5229);
#5227 = CARTESIAN_POINT('',(18.134314575051,-13.63431457505,0.));
#5228 = DIRECTION('',(0.,0.,1.));
#5229 = DIRECTION('',(1.,0.,0.));
#5230 = ADVANCED_FACE('',(#5231),#5242,.F.);
#5231 = FACE_BOUND('',#5232,.F.);
#5232 = EDGE_LOOP('',(#5233,#5234,#5235,#5241));
#5233 = ORIENTED_EDGE('',*,*,#5213,.F.);
#5234 = ORIENTED_EDGE('',*,*,#2324,.T.);
#5235 = ORIENTED_EDGE('',*,*,#5236,.T.);
#5236 = EDGE_CURVE('',#2325,#3806,#5237,.T.);
#5237 = LINE('',#5238,#5239);
#5238 = CARTESIAN_POINT('',(8.431370849899,-14.2,0.));
#5239 = VECTOR('',#5240,1.);
#5240 = DIRECTION('',(-0.,-0.,-1.));
#5241 = ORIENTED_EDGE('',*,*,#3805,.T.);
#5242 = PLANE('',#5243);
#5243 = AXIS2_PLACEMENT_3D('',#5244,#5245,#5246);
#5244 = CARTESIAN_POINT('',(13.,-14.2,-197.5731424055));
#5245 = DIRECTION('',(-2.447E-14,-1.,-0.));
#5246 = DIRECTION('',(-1.,2.447E-14,0.));
#5247 = ADVANCED_FACE('',(#5248),#5259,.T.);
#5248 = FACE_BOUND('',#5249,.T.);
#5249 = EDGE_LOOP('',(#5250,#5251,#5257,#5258));
#5250 = ORIENTED_EDGE('',*,*,#2375,.F.);
#5251 = ORIENTED_EDGE('',*,*,#5252,.T.);
#5252 = EDGE_CURVE('',#2367,#3848,#5253,.T.);
#5253 = LINE('',#5254,#5255);
#5254 = CARTESIAN_POINT('',(18.7,-11.93137084989,0.));
#5255 = VECTOR('',#5256,1.);
#5256 = DIRECTION('',(-0.,-0.,-1.));
#5257 = ORIENTED_EDGE('',*,*,#3856,.T.);
#5258 = ORIENTED_EDGE('',*,*,#5220,.F.);
#5259 = PLANE('',#5260);
#5260 = AXIS2_PLACEMENT_3D('',#5261,#5262,#5263);
#5261 = CARTESIAN_POINT('',(18.7,-11.93137084989,0.));
#5262 = DIRECTION('',(-1.,-3.12E-15,0.));
#5263 = DIRECTION('',(3.12E-15,-1.,0.));
#5264 = ADVANCED_FACE('',(#5265),#5276,.F.);
#5265 = FACE_BOUND('',#5266,.F.);
#5266 = EDGE_LOOP('',(#5267,#5268,#5274,#5275));
#5267 = ORIENTED_EDGE('',*,*,#2332,.F.);
#5268 = ORIENTED_EDGE('',*,*,#5269,.T.);
#5269 = EDGE_CURVE('',#2333,#3814,#5270,.T.);
#5270 = LINE('',#5271,#5272);
#5271 = CARTESIAN_POINT('',(7.3,-13.0686291501,0.));
#5272 = VECTOR('',#5273,1.);
#5273 = DIRECTION('',(-0.,-0.,-1.));
#5274 = ORIENTED_EDGE('',*,*,#3813,.T.);
#5275 = ORIENTED_EDGE('',*,*,#5236,.F.);
#5276 = CYLINDRICAL_SURFACE('',#5277,0.8);
#5277 = AXIS2_PLACEMENT_3D('',#5278,#5279,#5280);
#5278 = CARTESIAN_POINT('',(7.865685424949,-13.63431457505,0.));
#5279 = DIRECTION('',(0.,0.,1.));
#5280 = DIRECTION('',(1.,0.,0.));
#5281 = ADVANCED_FACE('',(#5282),#5293,.F.);
#5282 = FACE_BOUND('',#5283,.F.);
#5283 = EDGE_LOOP('',(#5284,#5285,#5286,#5287));
#5284 = ORIENTED_EDGE('',*,*,#2366,.F.);
#5285 = ORIENTED_EDGE('',*,*,#5252,.T.);
#5286 = ORIENTED_EDGE('',*,*,#3847,.T.);
#5287 = ORIENTED_EDGE('',*,*,#5288,.F.);
#5288 = EDGE_CURVE('',#2359,#3840,#5289,.T.);
#5289 = LINE('',#5290,#5291);
#5290 = CARTESIAN_POINT('',(17.568629150102,-10.8,0.));
#5291 = VECTOR('',#5292,1.);
#5292 = DIRECTION('',(-0.,-0.,-1.));
#5293 = CYLINDRICAL_SURFACE('',#5294,0.8);
#5294 = AXIS2_PLACEMENT_3D('',#5295,#5296,#5297);
#5295 = CARTESIAN_POINT('',(18.134314575051,-11.36568542494,0.));
#5296 = DIRECTION('',(0.,0.,1.));
#5297 = DIRECTION('',(1.,0.,0.));
#5298 = ADVANCED_FACE('',(#5299),#5310,.F.);
#5299 = FACE_BOUND('',#5300,.F.);
#5300 = EDGE_LOOP('',(#5301,#5302,#5308,#5309));
#5301 = ORIENTED_EDGE('',*,*,#2341,.F.);
#5302 = ORIENTED_EDGE('',*,*,#5303,.T.);
#5303 = EDGE_CURVE('',#2342,#3823,#5304,.T.);
#5304 = LINE('',#5305,#5306);
#5305 = CARTESIAN_POINT('',(7.3,-11.93137084989,0.));
#5306 = VECTOR('',#5307,1.);
#5307 = DIRECTION('',(-0.,-0.,-1.));
#5308 = ORIENTED_EDGE('',*,*,#3822,.T.);
#5309 = ORIENTED_EDGE('',*,*,#5269,.F.);
#5310 = PLANE('',#5311);
#5311 = AXIS2_PLACEMENT_3D('',#5312,#5313,#5314);
#5312 = CARTESIAN_POINT('',(7.3,-11.93137084989,0.));
#5313 = DIRECTION('',(-1.,0.,0.));
#5314 = DIRECTION('',(0.,-1.,0.));
#5315 = ADVANCED_FACE('',(#5316),#5327,.F.);
#5316 = FACE_BOUND('',#5317,.F.);
#5317 = EDGE_LOOP('',(#5318,#5319,#5320,#5321));
#5318 = ORIENTED_EDGE('',*,*,#2358,.T.);
#5319 = ORIENTED_EDGE('',*,*,#5288,.T.);
#5320 = ORIENTED_EDGE('',*,*,#3839,.T.);
#5321 = ORIENTED_EDGE('',*,*,#5322,.F.);
#5322 = EDGE_CURVE('',#2350,#3831,#5323,.T.);
#5323 = LINE('',#5324,#5325);
#5324 = CARTESIAN_POINT('',(8.431370849899,-10.8,0.));
#5325 = VECTOR('',#5326,1.);
#5326 = DIRECTION('',(-0.,-0.,-1.));
#5327 = PLANE('',#5328);
#5328 = AXIS2_PLACEMENT_3D('',#5329,#5330,#5331);
#5329 = CARTESIAN_POINT('',(13.,-10.8,-197.5731424055));
#5330 = DIRECTION('',(-7.7E-16,1.,0.));
#5331 = DIRECTION('',(1.,7.7E-16,0.));
#5332 = ADVANCED_FACE('',(#5333),#5339,.F.);
#5333 = FACE_BOUND('',#5334,.F.);
#5334 = EDGE_LOOP('',(#5335,#5336,#5337,#5338));
#5335 = ORIENTED_EDGE('',*,*,#2349,.F.);
#5336 = ORIENTED_EDGE('',*,*,#5322,.T.);
#5337 = ORIENTED_EDGE('',*,*,#3830,.T.);
#5338 = ORIENTED_EDGE('',*,*,#5303,.F.);
#5339 = CYLINDRICAL_SURFACE('',#5340,0.8);
#5340 = AXIS2_PLACEMENT_3D('',#5341,#5342,#5343);
#5341 = CARTESIAN_POINT('',(7.865685424949,-11.36568542494,0.));
#5342 = DIRECTION('',(0.,0.,1.));
#5343 = DIRECTION('',(1.,0.,0.));
#5344 = ADVANCED_FACE('',(#5345),#5361,.F.);
#5345 = FACE_BOUND('',#5346,.F.);
#5346 = EDGE_LOOP('',(#5347,#5348,#5354,#5355));
#5347 = ORIENTED_EDGE('',*,*,#2383,.F.);
#5348 = ORIENTED_EDGE('',*,*,#5349,.T.);
#5349 = EDGE_CURVE('',#2384,#3865,#5350,.T.);
#5350 = LINE('',#5351,#5352);
#5351 = CARTESIAN_POINT('',(48.568629150102,-14.2,0.));
#5352 = VECTOR('',#5353,1.);
#5353 = DIRECTION('',(-0.,-0.,-1.));
#5354 = ORIENTED_EDGE('',*,*,#3864,.T.);
#5355 = ORIENTED_EDGE('',*,*,#5356,.F.);
#5356 = EDGE_CURVE('',#2386,#3867,#5357,.T.);
#5357 = LINE('',#5358,#5359);
#5358 = CARTESIAN_POINT('',(49.7,-13.0686291501,0.));
#5359 = VECTOR('',#5360,1.);
#5360 = DIRECTION('',(-0.,-0.,-1.));
#5361 = CYLINDRICAL_SURFACE('',#5362,0.8);
#5362 = AXIS2_PLACEMENT_3D('',#5363,#5364,#5365);
#5363 = CARTESIAN_POINT('',(49.134314575051,-13.63431457505,0.));
#5364 = DIRECTION('',(0.,0.,1.));
#5365 = DIRECTION('',(1.,0.,0.));
#5366 = ADVANCED_FACE('',(#5367),#5378,.T.);
#5367 = FACE_BOUND('',#5368,.T.);
#5368 = EDGE_LOOP('',(#5369,#5370,#5376,#5377));
#5369 = ORIENTED_EDGE('',*,*,#2445,.F.);
#5370 = ORIENTED_EDGE('',*,*,#5371,.T.);
#5371 = EDGE_CURVE('',#2437,#3918,#5372,.T.);
#5372 = LINE('',#5373,#5374);
#5373 = CARTESIAN_POINT('',(49.7,-11.93137084989,0.));
#5374 = VECTOR('',#5375,1.);
#5375 = DIRECTION('',(-0.,-0.,-1.));
#5376 = ORIENTED_EDGE('',*,*,#3926,.T.);
#5377 = ORIENTED_EDGE('',*,*,#5356,.F.);
#5378 = PLANE('',#5379);
#5379 = AXIS2_PLACEMENT_3D('',#5380,#5381,#5382);
#5380 = CARTESIAN_POINT('',(49.7,-11.93137084989,0.));
#5381 = DIRECTION('',(-1.,-3.12E-15,0.));
#5382 = DIRECTION('',(3.12E-15,-1.,0.));
#5383 = ADVANCED_FACE('',(#5384),#5395,.F.);
#5384 = FACE_BOUND('',#5385,.F.);
#5385 = EDGE_LOOP('',(#5386,#5387,#5388,#5389));
#5386 = ORIENTED_EDGE('',*,*,#2436,.F.);
#5387 = ORIENTED_EDGE('',*,*,#5371,.T.);
#5388 = ORIENTED_EDGE('',*,*,#3917,.T.);
#5389 = ORIENTED_EDGE('',*,*,#5390,.F.);
#5390 = EDGE_CURVE('',#2429,#3910,#5391,.T.);
#5391 = LINE('',#5392,#5393);
#5392 = CARTESIAN_POINT('',(48.568629150102,-10.8,0.));
#5393 = VECTOR('',#5394,1.);
#5394 = DIRECTION('',(-0.,-0.,-1.));
#5395 = CYLINDRICAL_SURFACE('',#5396,0.8);
#5396 = AXIS2_PLACEMENT_3D('',#5397,#5398,#5399);
#5397 = CARTESIAN_POINT('',(49.134314575051,-11.36568542494,0.));
#5398 = DIRECTION('',(0.,0.,1.));
#5399 = DIRECTION('',(1.,0.,0.));
#5400 = ADVANCED_FACE('',(#5401),#5412,.F.);
#5401 = FACE_BOUND('',#5402,.F.);
#5402 = EDGE_LOOP('',(#5403,#5404,#5405,#5406));
#5403 = ORIENTED_EDGE('',*,*,#2428,.T.);
#5404 = ORIENTED_EDGE('',*,*,#5390,.T.);
#5405 = ORIENTED_EDGE('',*,*,#3909,.T.);
#5406 = ORIENTED_EDGE('',*,*,#5407,.F.);
#5407 = EDGE_CURVE('',#2420,#3901,#5408,.T.);
#5408 = LINE('',#5409,#5410);
#5409 = CARTESIAN_POINT('',(39.431370849899,-10.8,0.));
#5410 = VECTOR('',#5411,1.);
#5411 = DIRECTION('',(-0.,-0.,-1.));
#5412 = PLANE('',#5413);
#5413 = AXIS2_PLACEMENT_3D('',#5414,#5415,#5416);
#5414 = CARTESIAN_POINT('',(44.,-10.8,-197.5731424055));
#5415 = DIRECTION('',(-7.7E-16,1.,0.));
#5416 = DIRECTION('',(1.,7.7E-16,0.));
#5417 = ADVANCED_FACE('',(#5418),#5429,.F.);
#5418 = FACE_BOUND('',#5419,.F.);
#5419 = EDGE_LOOP('',(#5420,#5421,#5422,#5423));
#5420 = ORIENTED_EDGE('',*,*,#2419,.F.);
#5421 = ORIENTED_EDGE('',*,*,#5407,.T.);
#5422 = ORIENTED_EDGE('',*,*,#3900,.T.);
#5423 = ORIENTED_EDGE('',*,*,#5424,.F.);
#5424 = EDGE_CURVE('',#2412,#3893,#5425,.T.);
#5425 = LINE('',#5426,#5427);
#5426 = CARTESIAN_POINT('',(38.3,-11.93137084989,0.));
#5427 = VECTOR('',#5428,1.);
#5428 = DIRECTION('',(-0.,-0.,-1.));
#5429 = CYLINDRICAL_SURFACE('',#5430,0.8);
#5430 = AXIS2_PLACEMENT_3D('',#5431,#5432,#5433);
#5431 = CARTESIAN_POINT('',(38.865685424949,-11.36568542494,0.));
#5432 = DIRECTION('',(0.,0.,1.));
#5433 = DIRECTION('',(1.,0.,0.));
#5434 = ADVANCED_FACE('',(#5435),#5446,.F.);
#5435 = FACE_BOUND('',#5436,.F.);
#5436 = EDGE_LOOP('',(#5437,#5438,#5439,#5440));
#5437 = ORIENTED_EDGE('',*,*,#2411,.F.);
#5438 = ORIENTED_EDGE('',*,*,#5424,.T.);
#5439 = ORIENTED_EDGE('',*,*,#3892,.T.);
#5440 = ORIENTED_EDGE('',*,*,#5441,.F.);
#5441 = EDGE_CURVE('',#2403,#3884,#5442,.T.);
#5442 = LINE('',#5443,#5444);
#5443 = CARTESIAN_POINT('',(38.3,-13.0686291501,0.));
#5444 = VECTOR('',#5445,1.);
#5445 = DIRECTION('',(-0.,-0.,-1.));
#5446 = PLANE('',#5447);
#5447 = AXIS2_PLACEMENT_3D('',#5448,#5449,#5450);
#5448 = CARTESIAN_POINT('',(38.3,-11.93137084989,0.));
#5449 = DIRECTION('',(-1.,0.,0.));
#5450 = DIRECTION('',(0.,-1.,0.));
#5451 = ADVANCED_FACE('',(#5452),#5463,.F.);
#5452 = FACE_BOUND('',#5453,.F.);
#5453 = EDGE_LOOP('',(#5454,#5455,#5456,#5457));
#5454 = ORIENTED_EDGE('',*,*,#2402,.F.);
#5455 = ORIENTED_EDGE('',*,*,#5441,.T.);
#5456 = ORIENTED_EDGE('',*,*,#3883,.T.);
#5457 = ORIENTED_EDGE('',*,*,#5458,.F.);
#5458 = EDGE_CURVE('',#2395,#3876,#5459,.T.);
#5459 = LINE('',#5460,#5461);
#5460 = CARTESIAN_POINT('',(39.431370849899,-14.2,0.));
#5461 = VECTOR('',#5462,1.);
#5462 = DIRECTION('',(-0.,-0.,-1.));
#5463 = CYLINDRICAL_SURFACE('',#5464,0.8);
#5464 = AXIS2_PLACEMENT_3D('',#5465,#5466,#5467);
#5465 = CARTESIAN_POINT('',(38.865685424949,-13.63431457505,0.));
#5466 = DIRECTION('',(0.,0.,1.));
#5467 = DIRECTION('',(1.,0.,0.));
#5468 = ADVANCED_FACE('',(#5469),#5475,.F.);
#5469 = FACE_BOUND('',#5470,.F.);
#5470 = EDGE_LOOP('',(#5471,#5472,#5473,#5474));
#5471 = ORIENTED_EDGE('',*,*,#5349,.F.);
#5472 = ORIENTED_EDGE('',*,*,#2394,.T.);
#5473 = ORIENTED_EDGE('',*,*,#5458,.T.);
#5474 = ORIENTED_EDGE('',*,*,#3875,.T.);
#5475 = PLANE('',#5476);
#5476 = AXIS2_PLACEMENT_3D('',#5477,#5478,#5479);
#5477 = CARTESIAN_POINT('',(44.,-14.2,-197.5731424055));
#5478 = DIRECTION('',(-2.447E-14,-1.,-0.));
#5479 = DIRECTION('',(-1.,2.447E-14,0.));
#5480 = ADVANCED_FACE('',(#5481),#5497,.F.);
#5481 = FACE_BOUND('',#5482,.F.);
#5482 = EDGE_LOOP('',(#5483,#5484,#5490,#5491));
#5483 = ORIENTED_EDGE('',*,*,#2453,.F.);
#5484 = ORIENTED_EDGE('',*,*,#5485,.T.);
#5485 = EDGE_CURVE('',#2454,#3935,#5486,.T.);
#5486 = LINE('',#5487,#5488);
#5487 = CARTESIAN_POINT('',(0.568629150102,9.3,0.));
#5488 = VECTOR('',#5489,1.);
#5489 = DIRECTION('',(-0.,-0.,-1.));
#5490 = ORIENTED_EDGE('',*,*,#3934,.T.);
#5491 = ORIENTED_EDGE('',*,*,#5492,.F.);
#5492 = EDGE_CURVE('',#2456,#3937,#5493,.T.);
#5493 = LINE('',#5494,#5495);
#5494 = CARTESIAN_POINT('',(1.7,10.431370849899,0.));
#5495 = VECTOR('',#5496,1.);
#5496 = DIRECTION('',(-0.,-0.,-1.));
#5497 = CYLINDRICAL_SURFACE('',#5498,0.8);
#5498 = AXIS2_PLACEMENT_3D('',#5499,#5500,#5501);
#5499 = CARTESIAN_POINT('',(1.134314575051,9.865685424949,0.));
#5500 = DIRECTION('',(0.,0.,1.));
#5501 = DIRECTION('',(1.,0.,0.));
#5502 = ADVANCED_FACE('',(#5503),#5514,.F.);
#5503 = FACE_BOUND('',#5504,.F.);
#5504 = EDGE_LOOP('',(#5505,#5506,#5507,#5513));
#5505 = ORIENTED_EDGE('',*,*,#5485,.F.);
#5506 = ORIENTED_EDGE('',*,*,#2464,.T.);
#5507 = ORIENTED_EDGE('',*,*,#5508,.T.);
#5508 = EDGE_CURVE('',#2465,#3946,#5509,.T.);
#5509 = LINE('',#5510,#5511);
#5510 = CARTESIAN_POINT('',(-5.568629150101,9.300000000001,0.));
#5511 = VECTOR('',#5512,1.);
#5512 = DIRECTION('',(-0.,-0.,-1.));
#5513 = ORIENTED_EDGE('',*,*,#3945,.T.);
#5514 = PLANE('',#5515);
#5515 = AXIS2_PLACEMENT_3D('',#5516,#5517,#5518);
#5516 = CARTESIAN_POINT('',(-2.5,9.3,-197.5731424055));
#5517 = DIRECTION('',(-1.0067E-13,-1.,-0.));
#5518 = DIRECTION('',(-1.,1.0067E-13,0.));
#5519 = ADVANCED_FACE('',(#5520),#5531,.F.);
#5520 = FACE_BOUND('',#5521,.F.);
#5521 = EDGE_LOOP('',(#5522,#5523,#5524,#5525));
#5522 = ORIENTED_EDGE('',*,*,#2523,.F.);
#5523 = ORIENTED_EDGE('',*,*,#5492,.T.);
#5524 = ORIENTED_EDGE('',*,*,#3996,.T.);
#5525 = ORIENTED_EDGE('',*,*,#5526,.F.);
#5526 = EDGE_CURVE('',#2515,#3988,#5527,.T.);
#5527 = LINE('',#5528,#5529);
#5528 = CARTESIAN_POINT('',(1.7,14.568629150101,0.));
#5529 = VECTOR('',#5530,1.);
#5530 = DIRECTION('',(-0.,-0.,-1.));
#5531 = PLANE('',#5532);
#5532 = AXIS2_PLACEMENT_3D('',#5533,#5534,#5535);
#5533 = CARTESIAN_POINT('',(1.7,10.431370849899,0.));
#5534 = DIRECTION('',(1.,0.,0.));
#5535 = DIRECTION('',(0.,1.,0.));
#5536 = ADVANCED_FACE('',(#5537),#5548,.F.);
#5537 = FACE_BOUND('',#5538,.F.);
#5538 = EDGE_LOOP('',(#5539,#5540,#5546,#5547));
#5539 = ORIENTED_EDGE('',*,*,#2472,.F.);
#5540 = ORIENTED_EDGE('',*,*,#5541,.T.);
#5541 = EDGE_CURVE('',#2473,#3954,#5542,.T.);
#5542 = LINE('',#5543,#5544);
#5543 = CARTESIAN_POINT('',(-6.7,10.431370849899,0.));
#5544 = VECTOR('',#5545,1.);
#5545 = DIRECTION('',(-0.,-0.,-1.));
#5546 = ORIENTED_EDGE('',*,*,#3953,.T.);
#5547 = ORIENTED_EDGE('',*,*,#5508,.F.);
#5548 = CYLINDRICAL_SURFACE('',#5549,0.8);
#5549 = AXIS2_PLACEMENT_3D('',#5550,#5551,#5552);
#5550 = CARTESIAN_POINT('',(-6.134314575051,9.865685424949,0.));
#5551 = DIRECTION('',(0.,0.,1.));
#5552 = DIRECTION('',(1.,0.,0.));
#5553 = ADVANCED_FACE('',(#5554),#5565,.F.);
#5554 = FACE_BOUND('',#5555,.F.);
#5555 = EDGE_LOOP('',(#5556,#5557,#5558,#5559));
#5556 = ORIENTED_EDGE('',*,*,#2514,.F.);
#5557 = ORIENTED_EDGE('',*,*,#5526,.T.);
#5558 = ORIENTED_EDGE('',*,*,#3987,.T.);
#5559 = ORIENTED_EDGE('',*,*,#5560,.F.);
#5560 = EDGE_CURVE('',#2507,#3980,#5561,.T.);
#5561 = LINE('',#5562,#5563);
#5562 = CARTESIAN_POINT('',(0.568629150102,15.7,0.));
#5563 = VECTOR('',#5564,1.);
#5564 = DIRECTION('',(-0.,-0.,-1.));
#5565 = CYLINDRICAL_SURFACE('',#5566,0.8);
#5566 = AXIS2_PLACEMENT_3D('',#5567,#5568,#5569);
#5567 = CARTESIAN_POINT('',(1.134314575051,15.134314575051,0.));
#5568 = DIRECTION('',(0.,0.,1.));
#5569 = DIRECTION('',(1.,0.,0.));
#5570 = ADVANCED_FACE('',(#5571),#5582,.F.);
#5571 = FACE_BOUND('',#5572,.F.);
#5572 = EDGE_LOOP('',(#5573,#5574,#5580,#5581));
#5573 = ORIENTED_EDGE('',*,*,#2481,.F.);
#5574 = ORIENTED_EDGE('',*,*,#5575,.T.);
#5575 = EDGE_CURVE('',#2482,#3963,#5576,.T.);
#5576 = LINE('',#5577,#5578);
#5577 = CARTESIAN_POINT('',(-6.7,14.568629150101,0.));
#5578 = VECTOR('',#5579,1.);
#5579 = DIRECTION('',(-0.,-0.,-1.));
#5580 = ORIENTED_EDGE('',*,*,#3962,.T.);
#5581 = ORIENTED_EDGE('',*,*,#5541,.F.);
#5582 = PLANE('',#5583);
#5583 = AXIS2_PLACEMENT_3D('',#5584,#5585,#5586);
#5584 = CARTESIAN_POINT('',(-6.7,14.568629150101,0.));
#5585 = DIRECTION('',(-1.,0.,0.));
#5586 = DIRECTION('',(0.,-1.,0.));
#5587 = ADVANCED_FACE('',(#5588),#5600,.F.);
#5588 = FACE_BOUND('',#5589,.F.);
#5589 = EDGE_LOOP('',(#5590,#5591,#5592,#5593,#5599));
#5590 = ORIENTED_EDGE('',*,*,#2506,.T.);
#5591 = ORIENTED_EDGE('',*,*,#5560,.T.);
#5592 = ORIENTED_EDGE('',*,*,#3979,.T.);
#5593 = ORIENTED_EDGE('',*,*,#5594,.F.);
#5594 = EDGE_CURVE('',#2490,#3971,#5595,.T.);
#5595 = LINE('',#5596,#5597);
#5596 = CARTESIAN_POINT('',(-5.568629150101,15.699999999999,0.));
#5597 = VECTOR('',#5598,1.);
#5598 = DIRECTION('',(-0.,-0.,-1.));
#5599 = ORIENTED_EDGE('',*,*,#2498,.F.);
#5600 = PLANE('',#5601);
#5601 = AXIS2_PLACEMENT_3D('',#5602,#5603,#5604);
#5602 = CARTESIAN_POINT('',(-2.5,15.699999999999,-197.5731424055));
#5603 = DIRECTION('',(-1.5886E-13,1.,0.));
#5604 = DIRECTION('',(1.,1.5886E-13,0.));
#5605 = ADVANCED_FACE('',(#5606),#5612,.F.);
#5606 = FACE_BOUND('',#5607,.F.);
#5607 = EDGE_LOOP('',(#5608,#5609,#5610,#5611));
#5608 = ORIENTED_EDGE('',*,*,#2489,.F.);
#5609 = ORIENTED_EDGE('',*,*,#5594,.T.);
#5610 = ORIENTED_EDGE('',*,*,#3970,.T.);
#5611 = ORIENTED_EDGE('',*,*,#5575,.F.);
#5612 = CYLINDRICAL_SURFACE('',#5613,0.8);
#5613 = AXIS2_PLACEMENT_3D('',#5614,#5615,#5616);
#5614 = CARTESIAN_POINT('',(-6.134314575051,15.134314575051,0.));
#5615 = DIRECTION('',(0.,0.,1.));
#5616 = DIRECTION('',(1.,0.,0.));
#5617 = ADVANCED_FACE('',(#5618),#5634,.F.);
#5618 = FACE_BOUND('',#5619,.F.);
#5619 = EDGE_LOOP('',(#5620,#5621,#5627,#5628));
#5620 = ORIENTED_EDGE('',*,*,#2531,.F.);
#5621 = ORIENTED_EDGE('',*,*,#5622,.T.);
#5622 = EDGE_CURVE('',#2532,#4005,#5623,.T.);
#5623 = LINE('',#5624,#5625);
#5624 = CARTESIAN_POINT('',(17.568629150102,10.8,0.));
#5625 = VECTOR('',#5626,1.);
#5626 = DIRECTION('',(-0.,-0.,-1.));
#5627 = ORIENTED_EDGE('',*,*,#4004,.T.);
#5628 = ORIENTED_EDGE('',*,*,#5629,.F.);
#5629 = EDGE_CURVE('',#2534,#4007,#5630,.T.);
#5630 = LINE('',#5631,#5632);
#5631 = CARTESIAN_POINT('',(18.7,11.931370849898,0.));
#5632 = VECTOR('',#5633,1.);
#5633 = DIRECTION('',(-0.,-0.,-1.));
#5634 = CYLINDRICAL_SURFACE('',#5635,0.8);
#5635 = AXIS2_PLACEMENT_3D('',#5636,#5637,#5638);
#5636 = CARTESIAN_POINT('',(18.134314575051,11.365685424949,0.));
#5637 = DIRECTION('',(0.,0.,1.));
#5638 = DIRECTION('',(1.,0.,0.));
#5639 = ADVANCED_FACE('',(#5640),#5651,.T.);
#5640 = FACE_BOUND('',#5641,.T.);
#5641 = EDGE_LOOP('',(#5642,#5643,#5649,#5650));
#5642 = ORIENTED_EDGE('',*,*,#2593,.F.);
#5643 = ORIENTED_EDGE('',*,*,#5644,.T.);
#5644 = EDGE_CURVE('',#2585,#4058,#5645,.T.);
#5645 = LINE('',#5646,#5647);
#5646 = CARTESIAN_POINT('',(18.7,13.068629150102,0.));
#5647 = VECTOR('',#5648,1.);
#5648 = DIRECTION('',(-0.,-0.,-1.));
#5649 = ORIENTED_EDGE('',*,*,#4066,.T.);
#5650 = ORIENTED_EDGE('',*,*,#5629,.F.);
#5651 = PLANE('',#5652);
#5652 = AXIS2_PLACEMENT_3D('',#5653,#5654,#5655);
#5653 = CARTESIAN_POINT('',(18.7,13.068629150102,0.));
#5654 = DIRECTION('',(-1.,-3.12E-15,0.));
#5655 = DIRECTION('',(3.12E-15,-1.,0.));
#5656 = ADVANCED_FACE('',(#5657),#5668,.F.);
#5657 = FACE_BOUND('',#5658,.F.);
#5658 = EDGE_LOOP('',(#5659,#5660,#5661,#5662));
#5659 = ORIENTED_EDGE('',*,*,#2584,.F.);
#5660 = ORIENTED_EDGE('',*,*,#5644,.T.);
#5661 = ORIENTED_EDGE('',*,*,#4057,.T.);
#5662 = ORIENTED_EDGE('',*,*,#5663,.F.);
#5663 = EDGE_CURVE('',#2577,#4050,#5664,.T.);
#5664 = LINE('',#5665,#5666);
#5665 = CARTESIAN_POINT('',(17.568629150102,14.2,0.));
#5666 = VECTOR('',#5667,1.);
#5667 = DIRECTION('',(-0.,-0.,-1.));
#5668 = CYLINDRICAL_SURFACE('',#5669,0.8);
#5669 = AXIS2_PLACEMENT_3D('',#5670,#5671,#5672);
#5670 = CARTESIAN_POINT('',(18.134314575051,13.634314575051,0.));
#5671 = DIRECTION('',(0.,0.,1.));
#5672 = DIRECTION('',(1.,0.,0.));
#5673 = ADVANCED_FACE('',(#5674),#5685,.F.);
#5674 = FACE_BOUND('',#5675,.F.);
#5675 = EDGE_LOOP('',(#5676,#5677,#5678,#5679));
#5676 = ORIENTED_EDGE('',*,*,#2576,.T.);
#5677 = ORIENTED_EDGE('',*,*,#5663,.T.);
#5678 = ORIENTED_EDGE('',*,*,#4049,.T.);
#5679 = ORIENTED_EDGE('',*,*,#5680,.F.);
#5680 = EDGE_CURVE('',#2568,#4041,#5681,.T.);
#5681 = LINE('',#5682,#5683);
#5682 = CARTESIAN_POINT('',(8.431370849899,14.2,0.));
#5683 = VECTOR('',#5684,1.);
#5684 = DIRECTION('',(-0.,-0.,-1.));
#5685 = PLANE('',#5686);
#5686 = AXIS2_PLACEMENT_3D('',#5687,#5688,#5689);
#5687 = CARTESIAN_POINT('',(13.,14.2,-197.5731424055));
#5688 = DIRECTION('',(-7.7E-16,1.,0.));
#5689 = DIRECTION('',(1.,7.7E-16,0.));
#5690 = ADVANCED_FACE('',(#5691),#5702,.F.);
#5691 = FACE_BOUND('',#5692,.F.);
#5692 = EDGE_LOOP('',(#5693,#5694,#5695,#5696));
#5693 = ORIENTED_EDGE('',*,*,#2567,.F.);
#5694 = ORIENTED_EDGE('',*,*,#5680,.T.);
#5695 = ORIENTED_EDGE('',*,*,#4040,.T.);
#5696 = ORIENTED_EDGE('',*,*,#5697,.F.);
#5697 = EDGE_CURVE('',#2560,#4033,#5698,.T.);
#5698 = LINE('',#5699,#5700);
#5699 = CARTESIAN_POINT('',(7.3,13.068629150101,0.));
#5700 = VECTOR('',#5701,1.);
#5701 = DIRECTION('',(-0.,-0.,-1.));
#5702 = CYLINDRICAL_SURFACE('',#5703,0.8);
#5703 = AXIS2_PLACEMENT_3D('',#5704,#5705,#5706);
#5704 = CARTESIAN_POINT('',(7.865685424949,13.634314575051,0.));
#5705 = DIRECTION('',(0.,0.,1.));
#5706 = DIRECTION('',(1.,0.,0.));
#5707 = ADVANCED_FACE('',(#5708),#5719,.F.);
#5708 = FACE_BOUND('',#5709,.F.);
#5709 = EDGE_LOOP('',(#5710,#5711,#5712,#5713));
#5710 = ORIENTED_EDGE('',*,*,#2559,.F.);
#5711 = ORIENTED_EDGE('',*,*,#5697,.T.);
#5712 = ORIENTED_EDGE('',*,*,#4032,.T.);
#5713 = ORIENTED_EDGE('',*,*,#5714,.F.);
#5714 = EDGE_CURVE('',#2551,#4024,#5715,.T.);
#5715 = LINE('',#5716,#5717);
#5716 = CARTESIAN_POINT('',(7.3,11.931370849899,0.));
#5717 = VECTOR('',#5718,1.);
#5718 = DIRECTION('',(-0.,-0.,-1.));
#5719 = PLANE('',#5720);
#5720 = AXIS2_PLACEMENT_3D('',#5721,#5722,#5723);
#5721 = CARTESIAN_POINT('',(7.3,13.068629150101,0.));
#5722 = DIRECTION('',(-1.,0.,0.));
#5723 = DIRECTION('',(0.,-1.,0.));
#5724 = ADVANCED_FACE('',(#5725),#5736,.F.);
#5725 = FACE_BOUND('',#5726,.F.);
#5726 = EDGE_LOOP('',(#5727,#5728,#5729,#5730));
#5727 = ORIENTED_EDGE('',*,*,#2550,.F.);
#5728 = ORIENTED_EDGE('',*,*,#5714,.T.);
#5729 = ORIENTED_EDGE('',*,*,#4023,.T.);
#5730 = ORIENTED_EDGE('',*,*,#5731,.F.);
#5731 = EDGE_CURVE('',#2543,#4016,#5732,.T.);
#5732 = LINE('',#5733,#5734);
#5733 = CARTESIAN_POINT('',(8.431370849899,10.8,0.));
#5734 = VECTOR('',#5735,1.);
#5735 = DIRECTION('',(-0.,-0.,-1.));
#5736 = CYLINDRICAL_SURFACE('',#5737,0.8);
#5737 = AXIS2_PLACEMENT_3D('',#5738,#5739,#5740);
#5738 = CARTESIAN_POINT('',(7.865685424949,11.365685424949,0.));
#5739 = DIRECTION('',(0.,0.,1.));
#5740 = DIRECTION('',(1.,0.,0.));
#5741 = ADVANCED_FACE('',(#5742),#5748,.F.);
#5742 = FACE_BOUND('',#5743,.F.);
#5743 = EDGE_LOOP('',(#5744,#5745,#5746,#5747));
#5744 = ORIENTED_EDGE('',*,*,#5622,.F.);
#5745 = ORIENTED_EDGE('',*,*,#2542,.T.);
#5746 = ORIENTED_EDGE('',*,*,#5731,.T.);
#5747 = ORIENTED_EDGE('',*,*,#4015,.T.);
#5748 = PLANE('',#5749);
#5749 = AXIS2_PLACEMENT_3D('',#5750,#5751,#5752);
#5750 = CARTESIAN_POINT('',(13.,10.8,-197.5731424055));
#5751 = DIRECTION('',(-2.447E-14,-1.,-0.));
#5752 = DIRECTION('',(-1.,2.447E-14,0.));
#5753 = ADVANCED_FACE('',(#5754),#5770,.F.);
#5754 = FACE_BOUND('',#5755,.F.);
#5755 = EDGE_LOOP('',(#5756,#5757,#5763,#5764));
#5756 = ORIENTED_EDGE('',*,*,#2601,.F.);
#5757 = ORIENTED_EDGE('',*,*,#5758,.T.);
#5758 = EDGE_CURVE('',#2602,#4075,#5759,.T.);
#5759 = LINE('',#5760,#5761);
#5760 = CARTESIAN_POINT('',(31.568629150102,9.3,0.));
#5761 = VECTOR('',#5762,1.);
#5762 = DIRECTION('',(-0.,-0.,-1.));
#5763 = ORIENTED_EDGE('',*,*,#4074,.T.);
#5764 = ORIENTED_EDGE('',*,*,#5765,.F.);
#5765 = EDGE_CURVE('',#2604,#4077,#5766,.T.);
#5766 = LINE('',#5767,#5768);
#5767 = CARTESIAN_POINT('',(32.7,10.431370849899,0.));
#5768 = VECTOR('',#5769,1.);
#5769 = DIRECTION('',(-0.,-0.,-1.));
#5770 = CYLINDRICAL_SURFACE('',#5771,0.8);
#5771 = AXIS2_PLACEMENT_3D('',#5772,#5773,#5774);
#5772 = CARTESIAN_POINT('',(32.134314575051,9.865685424949,0.));
#5773 = DIRECTION('',(0.,0.,1.));
#5774 = DIRECTION('',(1.,0.,0.));
#5775 = ADVANCED_FACE('',(#5776),#5787,.F.);
#5776 = FACE_BOUND('',#5777,.F.);
#5777 = EDGE_LOOP('',(#5778,#5779,#5780,#5786));
#5778 = ORIENTED_EDGE('',*,*,#5758,.F.);
#5779 = ORIENTED_EDGE('',*,*,#2612,.T.);
#5780 = ORIENTED_EDGE('',*,*,#5781,.T.);
#5781 = EDGE_CURVE('',#2613,#4086,#5782,.T.);
#5782 = LINE('',#5783,#5784);
#5783 = CARTESIAN_POINT('',(25.431370849899,9.300000000001,0.));
#5784 = VECTOR('',#5785,1.);
#5785 = DIRECTION('',(-0.,-0.,-1.));
#5786 = ORIENTED_EDGE('',*,*,#4085,.T.);
#5787 = PLANE('',#5788);
#5788 = AXIS2_PLACEMENT_3D('',#5789,#5790,#5791);
#5789 = CARTESIAN_POINT('',(28.5,9.3,-197.5731424055));
#5790 = DIRECTION('',(-1.0067E-13,-1.,-0.));
#5791 = DIRECTION('',(-1.,1.0067E-13,0.));
#5792 = ADVANCED_FACE('',(#5793),#5804,.F.);
#5793 = FACE_BOUND('',#5794,.F.);
#5794 = EDGE_LOOP('',(#5795,#5796,#5797,#5798));
#5795 = ORIENTED_EDGE('',*,*,#2671,.F.);
#5796 = ORIENTED_EDGE('',*,*,#5765,.T.);
#5797 = ORIENTED_EDGE('',*,*,#4136,.T.);
#5798 = ORIENTED_EDGE('',*,*,#5799,.F.);
#5799 = EDGE_CURVE('',#2663,#4128,#5800,.T.);
#5800 = LINE('',#5801,#5802);
#5801 = CARTESIAN_POINT('',(32.7,14.568629150101,0.));
#5802 = VECTOR('',#5803,1.);
#5803 = DIRECTION('',(-0.,-0.,-1.));
#5804 = PLANE('',#5805);
#5805 = AXIS2_PLACEMENT_3D('',#5806,#5807,#5808);
#5806 = CARTESIAN_POINT('',(32.7,10.431370849899,0.));
#5807 = DIRECTION('',(1.,0.,0.));
#5808 = DIRECTION('',(0.,1.,0.));
#5809 = ADVANCED_FACE('',(#5810),#5821,.F.);
#5810 = FACE_BOUND('',#5811,.F.);
#5811 = EDGE_LOOP('',(#5812,#5813,#5819,#5820));
#5812 = ORIENTED_EDGE('',*,*,#2620,.F.);
#5813 = ORIENTED_EDGE('',*,*,#5814,.T.);
#5814 = EDGE_CURVE('',#2621,#4094,#5815,.T.);
#5815 = LINE('',#5816,#5817);
#5816 = CARTESIAN_POINT('',(24.3,10.431370849899,0.));
#5817 = VECTOR('',#5818,1.);
#5818 = DIRECTION('',(-0.,-0.,-1.));
#5819 = ORIENTED_EDGE('',*,*,#4093,.T.);
#5820 = ORIENTED_EDGE('',*,*,#5781,.F.);
#5821 = CYLINDRICAL_SURFACE('',#5822,0.8);
#5822 = AXIS2_PLACEMENT_3D('',#5823,#5824,#5825);
#5823 = CARTESIAN_POINT('',(24.865685424949,9.865685424949,0.));
#5824 = DIRECTION('',(0.,0.,1.));
#5825 = DIRECTION('',(1.,0.,0.));
#5826 = ADVANCED_FACE('',(#5827),#5838,.F.);
#5827 = FACE_BOUND('',#5828,.F.);
#5828 = EDGE_LOOP('',(#5829,#5830,#5831,#5832));
#5829 = ORIENTED_EDGE('',*,*,#2662,.F.);
#5830 = ORIENTED_EDGE('',*,*,#5799,.T.);
#5831 = ORIENTED_EDGE('',*,*,#4127,.T.);
#5832 = ORIENTED_EDGE('',*,*,#5833,.F.);
#5833 = EDGE_CURVE('',#2655,#4120,#5834,.T.);
#5834 = LINE('',#5835,#5836);
#5835 = CARTESIAN_POINT('',(31.568629150102,15.7,0.));
#5836 = VECTOR('',#5837,1.);
#5837 = DIRECTION('',(-0.,-0.,-1.));
#5838 = CYLINDRICAL_SURFACE('',#5839,0.8);
#5839 = AXIS2_PLACEMENT_3D('',#5840,#5841,#5842);
#5840 = CARTESIAN_POINT('',(32.134314575051,15.134314575051,0.));
#5841 = DIRECTION('',(0.,0.,1.));
#5842 = DIRECTION('',(1.,0.,0.));
#5843 = ADVANCED_FACE('',(#5844),#5855,.F.);
#5844 = FACE_BOUND('',#5845,.F.);
#5845 = EDGE_LOOP('',(#5846,#5847,#5853,#5854));
#5846 = ORIENTED_EDGE('',*,*,#2629,.F.);
#5847 = ORIENTED_EDGE('',*,*,#5848,.T.);
#5848 = EDGE_CURVE('',#2630,#4103,#5849,.T.);
#5849 = LINE('',#5850,#5851);
#5850 = CARTESIAN_POINT('',(24.3,14.568629150101,0.));
#5851 = VECTOR('',#5852,1.);
#5852 = DIRECTION('',(-0.,-0.,-1.));
#5853 = ORIENTED_EDGE('',*,*,#4102,.T.);
#5854 = ORIENTED_EDGE('',*,*,#5814,.F.);
#5855 = PLANE('',#5856);
#5856 = AXIS2_PLACEMENT_3D('',#5857,#5858,#5859);
#5857 = CARTESIAN_POINT('',(24.3,14.568629150101,0.));
#5858 = DIRECTION('',(-1.,0.,0.));
#5859 = DIRECTION('',(0.,-1.,0.));
#5860 = ADVANCED_FACE('',(#5861),#5873,.F.);
#5861 = FACE_BOUND('',#5862,.F.);
#5862 = EDGE_LOOP('',(#5863,#5864,#5865,#5866,#5872));
#5863 = ORIENTED_EDGE('',*,*,#2654,.T.);
#5864 = ORIENTED_EDGE('',*,*,#5833,.T.);
#5865 = ORIENTED_EDGE('',*,*,#4119,.T.);
#5866 = ORIENTED_EDGE('',*,*,#5867,.F.);
#5867 = EDGE_CURVE('',#2638,#4111,#5868,.T.);
#5868 = LINE('',#5869,#5870);
#5869 = CARTESIAN_POINT('',(25.431370849899,15.699999999999,0.));
#5870 = VECTOR('',#5871,1.);
#5871 = DIRECTION('',(-0.,-0.,-1.));
#5872 = ORIENTED_EDGE('',*,*,#2646,.F.);
#5873 = PLANE('',#5874);
#5874 = AXIS2_PLACEMENT_3D('',#5875,#5876,#5877);
#5875 = CARTESIAN_POINT('',(28.5,15.699999999999,-197.5731424055));
#5876 = DIRECTION('',(-1.5886E-13,1.,0.));
#5877 = DIRECTION('',(1.,1.5886E-13,0.));
#5878 = ADVANCED_FACE('',(#5879),#5885,.F.);
#5879 = FACE_BOUND('',#5880,.F.);
#5880 = EDGE_LOOP('',(#5881,#5882,#5883,#5884));
#5881 = ORIENTED_EDGE('',*,*,#2637,.F.);
#5882 = ORIENTED_EDGE('',*,*,#5867,.T.);
#5883 = ORIENTED_EDGE('',*,*,#4110,.T.);
#5884 = ORIENTED_EDGE('',*,*,#5848,.F.);
#5885 = CYLINDRICAL_SURFACE('',#5886,0.8);
#5886 = AXIS2_PLACEMENT_3D('',#5887,#5888,#5889);
#5887 = CARTESIAN_POINT('',(24.865685424949,15.134314575051,0.));
#5888 = DIRECTION('',(0.,0.,1.));
#5889 = DIRECTION('',(1.,0.,0.));
#5890 = ADVANCED_FACE('',(#5891),#5907,.F.);
#5891 = FACE_BOUND('',#5892,.F.);
#5892 = EDGE_LOOP('',(#5893,#5894,#5900,#5901));
#5893 = ORIENTED_EDGE('',*,*,#2679,.F.);
#5894 = ORIENTED_EDGE('',*,*,#5895,.T.);
#5895 = EDGE_CURVE('',#2680,#4145,#5896,.T.);
#5896 = LINE('',#5897,#5898);
#5897 = CARTESIAN_POINT('',(48.568629150102,10.8,0.));
#5898 = VECTOR('',#5899,1.);
#5899 = DIRECTION('',(-0.,-0.,-1.));
#5900 = ORIENTED_EDGE('',*,*,#4144,.T.);
#5901 = ORIENTED_EDGE('',*,*,#5902,.F.);
#5902 = EDGE_CURVE('',#2682,#4147,#5903,.T.);
#5903 = LINE('',#5904,#5905);
#5904 = CARTESIAN_POINT('',(49.7,11.931370849898,0.));
#5905 = VECTOR('',#5906,1.);
#5906 = DIRECTION('',(-0.,-0.,-1.));
#5907 = CYLINDRICAL_SURFACE('',#5908,0.8);
#5908 = AXIS2_PLACEMENT_3D('',#5909,#5910,#5911);
#5909 = CARTESIAN_POINT('',(49.134314575051,11.365685424949,0.));
#5910 = DIRECTION('',(0.,0.,1.));
#5911 = DIRECTION('',(1.,0.,0.));
#5912 = ADVANCED_FACE('',(#5913),#5924,.T.);
#5913 = FACE_BOUND('',#5914,.T.);
#5914 = EDGE_LOOP('',(#5915,#5916,#5922,#5923));
#5915 = ORIENTED_EDGE('',*,*,#2741,.F.);
#5916 = ORIENTED_EDGE('',*,*,#5917,.T.);
#5917 = EDGE_CURVE('',#2733,#4198,#5918,.T.);
#5918 = LINE('',#5919,#5920);
#5919 = CARTESIAN_POINT('',(49.7,13.068629150102,0.));
#5920 = VECTOR('',#5921,1.);
#5921 = DIRECTION('',(-0.,-0.,-1.));
#5922 = ORIENTED_EDGE('',*,*,#4206,.T.);
#5923 = ORIENTED_EDGE('',*,*,#5902,.F.);
#5924 = PLANE('',#5925);
#5925 = AXIS2_PLACEMENT_3D('',#5926,#5927,#5928);
#5926 = CARTESIAN_POINT('',(49.7,13.068629150102,0.));
#5927 = DIRECTION('',(-1.,-3.12E-15,0.));
#5928 = DIRECTION('',(3.12E-15,-1.,0.));
#5929 = ADVANCED_FACE('',(#5930),#5941,.F.);
#5930 = FACE_BOUND('',#5931,.F.);
#5931 = EDGE_LOOP('',(#5932,#5933,#5934,#5935));
#5932 = ORIENTED_EDGE('',*,*,#2732,.F.);
#5933 = ORIENTED_EDGE('',*,*,#5917,.T.);
#5934 = ORIENTED_EDGE('',*,*,#4197,.T.);
#5935 = ORIENTED_EDGE('',*,*,#5936,.F.);
#5936 = EDGE_CURVE('',#2725,#4190,#5937,.T.);
#5937 = LINE('',#5938,#5939);
#5938 = CARTESIAN_POINT('',(48.568629150102,14.2,0.));
#5939 = VECTOR('',#5940,1.);
#5940 = DIRECTION('',(-0.,-0.,-1.));
#5941 = CYLINDRICAL_SURFACE('',#5942,0.8);
#5942 = AXIS2_PLACEMENT_3D('',#5943,#5944,#5945);
#5943 = CARTESIAN_POINT('',(49.134314575051,13.634314575051,0.));
#5944 = DIRECTION('',(0.,0.,1.));
#5945 = DIRECTION('',(1.,0.,0.));
#5946 = ADVANCED_FACE('',(#5947),#5958,.F.);
#5947 = FACE_BOUND('',#5948,.F.);
#5948 = EDGE_LOOP('',(#5949,#5950,#5951,#5952));
#5949 = ORIENTED_EDGE('',*,*,#2724,.T.);
#5950 = ORIENTED_EDGE('',*,*,#5936,.T.);
#5951 = ORIENTED_EDGE('',*,*,#4189,.T.);
#5952 = ORIENTED_EDGE('',*,*,#5953,.F.);
#5953 = EDGE_CURVE('',#2716,#4181,#5954,.T.);
#5954 = LINE('',#5955,#5956);
#5955 = CARTESIAN_POINT('',(39.431370849899,14.2,0.));
#5956 = VECTOR('',#5957,1.);
#5957 = DIRECTION('',(-0.,-0.,-1.));
#5958 = PLANE('',#5959);
#5959 = AXIS2_PLACEMENT_3D('',#5960,#5961,#5962);
#5960 = CARTESIAN_POINT('',(44.,14.2,-197.5731424055));
#5961 = DIRECTION('',(-7.7E-16,1.,0.));
#5962 = DIRECTION('',(1.,7.7E-16,0.));
#5963 = ADVANCED_FACE('',(#5964),#5975,.F.);
#5964 = FACE_BOUND('',#5965,.F.);
#5965 = EDGE_LOOP('',(#5966,#5967,#5968,#5969));
#5966 = ORIENTED_EDGE('',*,*,#2715,.F.);
#5967 = ORIENTED_EDGE('',*,*,#5953,.T.);
#5968 = ORIENTED_EDGE('',*,*,#4180,.T.);
#5969 = ORIENTED_EDGE('',*,*,#5970,.F.);
#5970 = EDGE_CURVE('',#2708,#4173,#5971,.T.);
#5971 = LINE('',#5972,#5973);
#5972 = CARTESIAN_POINT('',(38.3,13.068629150101,0.));
#5973 = VECTOR('',#5974,1.);
#5974 = DIRECTION('',(-0.,-0.,-1.));
#5975 = CYLINDRICAL_SURFACE('',#5976,0.8);
#5976 = AXIS2_PLACEMENT_3D('',#5977,#5978,#5979);
#5977 = CARTESIAN_POINT('',(38.865685424949,13.634314575051,0.));
#5978 = DIRECTION('',(0.,0.,1.));
#5979 = DIRECTION('',(1.,0.,0.));
#5980 = ADVANCED_FACE('',(#5981),#5992,.F.);
#5981 = FACE_BOUND('',#5982,.F.);
#5982 = EDGE_LOOP('',(#5983,#5984,#5985,#5986));
#5983 = ORIENTED_EDGE('',*,*,#2707,.F.);
#5984 = ORIENTED_EDGE('',*,*,#5970,.T.);
#5985 = ORIENTED_EDGE('',*,*,#4172,.T.);
#5986 = ORIENTED_EDGE('',*,*,#5987,.F.);
#5987 = EDGE_CURVE('',#2699,#4164,#5988,.T.);
#5988 = LINE('',#5989,#5990);
#5989 = CARTESIAN_POINT('',(38.3,11.931370849899,0.));
#5990 = VECTOR('',#5991,1.);
#5991 = DIRECTION('',(-0.,-0.,-1.));
#5992 = PLANE('',#5993);
#5993 = AXIS2_PLACEMENT_3D('',#5994,#5995,#5996);
#5994 = CARTESIAN_POINT('',(38.3,13.068629150101,0.));
#5995 = DIRECTION('',(-1.,0.,0.));
#5996 = DIRECTION('',(0.,-1.,0.));
#5997 = ADVANCED_FACE('',(#5998),#6009,.F.);
#5998 = FACE_BOUND('',#5999,.F.);
#5999 = EDGE_LOOP('',(#6000,#6001,#6002,#6003));
#6000 = ORIENTED_EDGE('',*,*,#2698,.F.);
#6001 = ORIENTED_EDGE('',*,*,#5987,.T.);
#6002 = ORIENTED_EDGE('',*,*,#4163,.T.);
#6003 = ORIENTED_EDGE('',*,*,#6004,.F.);
#6004 = EDGE_CURVE('',#2691,#4156,#6005,.T.);
#6005 = LINE('',#6006,#6007);
#6006 = CARTESIAN_POINT('',(39.431370849899,10.8,0.));
#6007 = VECTOR('',#6008,1.);
#6008 = DIRECTION('',(-0.,-0.,-1.));
#6009 = CYLINDRICAL_SURFACE('',#6010,0.8);
#6010 = AXIS2_PLACEMENT_3D('',#6011,#6012,#6013);
#6011 = CARTESIAN_POINT('',(38.865685424949,11.365685424949,0.));
#6012 = DIRECTION('',(0.,0.,1.));
#6013 = DIRECTION('',(1.,0.,0.));
#6014 = ADVANCED_FACE('',(#6015),#6021,.F.);
#6015 = FACE_BOUND('',#6016,.F.);
#6016 = EDGE_LOOP('',(#6017,#6018,#6019,#6020));
#6017 = ORIENTED_EDGE('',*,*,#5895,.F.);
#6018 = ORIENTED_EDGE('',*,*,#2690,.T.);
#6019 = ORIENTED_EDGE('',*,*,#6004,.T.);
#6020 = ORIENTED_EDGE('',*,*,#4155,.T.);
#6021 = PLANE('',#6022);
#6022 = AXIS2_PLACEMENT_3D('',#6023,#6024,#6025);
#6023 = CARTESIAN_POINT('',(44.,10.8,-197.5731424055));
#6024 = DIRECTION('',(-2.447E-14,-1.,-0.));
#6025 = DIRECTION('',(-1.,2.447E-14,0.));
#6026 = ADVANCED_FACE('',(#6027),#6043,.F.);
#6027 = FACE_BOUND('',#6028,.F.);
#6028 = EDGE_LOOP('',(#6029,#6030,#6036,#6037));
#6029 = ORIENTED_EDGE('',*,*,#2749,.F.);
#6030 = ORIENTED_EDGE('',*,*,#6031,.T.);
#6031 = EDGE_CURVE('',#2750,#4215,#6032,.T.);
#6032 = LINE('',#6033,#6034);
#6033 = CARTESIAN_POINT('',(79.568629150102,-14.2,0.));
#6034 = VECTOR('',#6035,1.);
#6035 = DIRECTION('',(-0.,-0.,-1.));
#6036 = ORIENTED_EDGE('',*,*,#4214,.T.);
#6037 = ORIENTED_EDGE('',*,*,#6038,.F.);
#6038 = EDGE_CURVE('',#2752,#4217,#6039,.T.);
#6039 = LINE('',#6040,#6041);
#6040 = CARTESIAN_POINT('',(80.7,-13.0686291501,0.));
#6041 = VECTOR('',#6042,1.);
#6042 = DIRECTION('',(-0.,-0.,-1.));
#6043 = CYLINDRICAL_SURFACE('',#6044,0.8);
#6044 = AXIS2_PLACEMENT_3D('',#6045,#6046,#6047);
#6045 = CARTESIAN_POINT('',(80.134314575051,-13.63431457505,0.));
#6046 = DIRECTION('',(0.,0.,1.));
#6047 = DIRECTION('',(1.,0.,0.));
#6048 = ADVANCED_FACE('',(#6049),#6060,.T.);
#6049 = FACE_BOUND('',#6050,.T.);
#6050 = EDGE_LOOP('',(#6051,#6052,#6058,#6059));
#6051 = ORIENTED_EDGE('',*,*,#2811,.F.);
#6052 = ORIENTED_EDGE('',*,*,#6053,.T.);
#6053 = EDGE_CURVE('',#2803,#4268,#6054,.T.);
#6054 = LINE('',#6055,#6056);
#6055 = CARTESIAN_POINT('',(80.7,-11.93137084989,0.));
#6056 = VECTOR('',#6057,1.);
#6057 = DIRECTION('',(-0.,-0.,-1.));
#6058 = ORIENTED_EDGE('',*,*,#4276,.T.);
#6059 = ORIENTED_EDGE('',*,*,#6038,.F.);
#6060 = PLANE('',#6061);
#6061 = AXIS2_PLACEMENT_3D('',#6062,#6063,#6064);
#6062 = CARTESIAN_POINT('',(80.7,-11.93137084989,0.));
#6063 = DIRECTION('',(-1.,-3.12E-15,0.));
#6064 = DIRECTION('',(3.12E-15,-1.,0.));
#6065 = ADVANCED_FACE('',(#6066),#6077,.F.);
#6066 = FACE_BOUND('',#6067,.F.);
#6067 = EDGE_LOOP('',(#6068,#6069,#6070,#6071));
#6068 = ORIENTED_EDGE('',*,*,#2802,.F.);
#6069 = ORIENTED_EDGE('',*,*,#6053,.T.);
#6070 = ORIENTED_EDGE('',*,*,#4267,.T.);
#6071 = ORIENTED_EDGE('',*,*,#6072,.F.);
#6072 = EDGE_CURVE('',#2795,#4260,#6073,.T.);
#6073 = LINE('',#6074,#6075);
#6074 = CARTESIAN_POINT('',(79.568629150102,-10.8,0.));
#6075 = VECTOR('',#6076,1.);
#6076 = DIRECTION('',(-0.,-0.,-1.));
#6077 = CYLINDRICAL_SURFACE('',#6078,0.8);
#6078 = AXIS2_PLACEMENT_3D('',#6079,#6080,#6081);
#6079 = CARTESIAN_POINT('',(80.134314575051,-11.36568542494,0.));
#6080 = DIRECTION('',(0.,0.,1.));
#6081 = DIRECTION('',(1.,0.,0.));
#6082 = ADVANCED_FACE('',(#6083),#6094,.F.);
#6083 = FACE_BOUND('',#6084,.F.);
#6084 = EDGE_LOOP('',(#6085,#6086,#6087,#6088));
#6085 = ORIENTED_EDGE('',*,*,#2794,.T.);
#6086 = ORIENTED_EDGE('',*,*,#6072,.T.);
#6087 = ORIENTED_EDGE('',*,*,#4259,.T.);
#6088 = ORIENTED_EDGE('',*,*,#6089,.F.);
#6089 = EDGE_CURVE('',#2786,#4251,#6090,.T.);
#6090 = LINE('',#6091,#6092);
#6091 = CARTESIAN_POINT('',(70.431370849898,-10.8,0.));
#6092 = VECTOR('',#6093,1.);
#6093 = DIRECTION('',(-0.,-0.,-1.));
#6094 = PLANE('',#6095);
#6095 = AXIS2_PLACEMENT_3D('',#6096,#6097,#6098);
#6096 = CARTESIAN_POINT('',(75.,-10.8,-197.5731424055));
#6097 = DIRECTION('',(-7.7E-16,1.,0.));
#6098 = DIRECTION('',(1.,7.7E-16,0.));
#6099 = ADVANCED_FACE('',(#6100),#6111,.F.);
#6100 = FACE_BOUND('',#6101,.F.);
#6101 = EDGE_LOOP('',(#6102,#6103,#6104,#6105));
#6102 = ORIENTED_EDGE('',*,*,#2785,.F.);
#6103 = ORIENTED_EDGE('',*,*,#6089,.T.);
#6104 = ORIENTED_EDGE('',*,*,#4250,.T.);
#6105 = ORIENTED_EDGE('',*,*,#6106,.F.);
#6106 = EDGE_CURVE('',#2778,#4243,#6107,.T.);
#6107 = LINE('',#6108,#6109);
#6108 = CARTESIAN_POINT('',(69.3,-11.93137084989,0.));
#6109 = VECTOR('',#6110,1.);
#6110 = DIRECTION('',(-0.,-0.,-1.));
#6111 = CYLINDRICAL_SURFACE('',#6112,0.8);
#6112 = AXIS2_PLACEMENT_3D('',#6113,#6114,#6115);
#6113 = CARTESIAN_POINT('',(69.865685424949,-11.36568542494,0.));
#6114 = DIRECTION('',(0.,0.,1.));
#6115 = DIRECTION('',(1.,0.,0.));
#6116 = ADVANCED_FACE('',(#6117),#6128,.F.);
#6117 = FACE_BOUND('',#6118,.F.);
#6118 = EDGE_LOOP('',(#6119,#6120,#6121,#6122));
#6119 = ORIENTED_EDGE('',*,*,#2777,.F.);
#6120 = ORIENTED_EDGE('',*,*,#6106,.T.);
#6121 = ORIENTED_EDGE('',*,*,#4242,.T.);
#6122 = ORIENTED_EDGE('',*,*,#6123,.F.);
#6123 = EDGE_CURVE('',#2769,#4234,#6124,.T.);
#6124 = LINE('',#6125,#6126);
#6125 = CARTESIAN_POINT('',(69.3,-13.0686291501,0.));
#6126 = VECTOR('',#6127,1.);
#6127 = DIRECTION('',(-0.,-0.,-1.));
#6128 = PLANE('',#6129);
#6129 = AXIS2_PLACEMENT_3D('',#6130,#6131,#6132);
#6130 = CARTESIAN_POINT('',(69.3,-11.93137084989,0.));
#6131 = DIRECTION('',(-1.,0.,0.));
#6132 = DIRECTION('',(0.,-1.,0.));
#6133 = ADVANCED_FACE('',(#6134),#6145,.F.);
#6134 = FACE_BOUND('',#6135,.F.);
#6135 = EDGE_LOOP('',(#6136,#6137,#6138,#6139));
#6136 = ORIENTED_EDGE('',*,*,#2768,.F.);
#6137 = ORIENTED_EDGE('',*,*,#6123,.T.);
#6138 = ORIENTED_EDGE('',*,*,#4233,.T.);
#6139 = ORIENTED_EDGE('',*,*,#6140,.F.);
#6140 = EDGE_CURVE('',#2761,#4226,#6141,.T.);
#6141 = LINE('',#6142,#6143);
#6142 = CARTESIAN_POINT('',(70.431370849899,-14.2,0.));
#6143 = VECTOR('',#6144,1.);
#6144 = DIRECTION('',(-0.,-0.,-1.));
#6145 = CYLINDRICAL_SURFACE('',#6146,0.8);
#6146 = AXIS2_PLACEMENT_3D('',#6147,#6148,#6149);
#6147 = CARTESIAN_POINT('',(69.865685424949,-13.63431457505,0.));
#6148 = DIRECTION('',(0.,0.,1.));
#6149 = DIRECTION('',(1.,0.,0.));
#6150 = ADVANCED_FACE('',(#6151),#6157,.F.);
#6151 = FACE_BOUND('',#6152,.F.);
#6152 = EDGE_LOOP('',(#6153,#6154,#6155,#6156));
#6153 = ORIENTED_EDGE('',*,*,#6031,.F.);
#6154 = ORIENTED_EDGE('',*,*,#2760,.T.);
#6155 = ORIENTED_EDGE('',*,*,#6140,.T.);
#6156 = ORIENTED_EDGE('',*,*,#4225,.T.);
#6157 = PLANE('',#6158);
#6158 = AXIS2_PLACEMENT_3D('',#6159,#6160,#6161);
#6159 = CARTESIAN_POINT('',(75.,-14.2,-197.5731424055));
#6160 = DIRECTION('',(-2.447E-14,-1.,-0.));
#6161 = DIRECTION('',(-1.,2.447E-14,0.));
#6162 = ADVANCED_FACE('',(#6163),#6179,.F.);
#6163 = FACE_BOUND('',#6164,.F.);
#6164 = EDGE_LOOP('',(#6165,#6166,#6172,#6173));
#6165 = ORIENTED_EDGE('',*,*,#2819,.F.);
#6166 = ORIENTED_EDGE('',*,*,#6167,.T.);
#6167 = EDGE_CURVE('',#2820,#4285,#6168,.T.);
#6168 = LINE('',#6169,#6170);
#6169 = CARTESIAN_POINT('',(62.568629150102,9.3,0.));
#6170 = VECTOR('',#6171,1.);
#6171 = DIRECTION('',(-0.,-0.,-1.));
#6172 = ORIENTED_EDGE('',*,*,#4284,.T.);
#6173 = ORIENTED_EDGE('',*,*,#6174,.F.);
#6174 = EDGE_CURVE('',#2822,#4287,#6175,.T.);
#6175 = LINE('',#6176,#6177);
#6176 = CARTESIAN_POINT('',(63.7,10.431370849899,0.));
#6177 = VECTOR('',#6178,1.);
#6178 = DIRECTION('',(-0.,-0.,-1.));
#6179 = CYLINDRICAL_SURFACE('',#6180,0.8);
#6180 = AXIS2_PLACEMENT_3D('',#6181,#6182,#6183);
#6181 = CARTESIAN_POINT('',(63.134314575051,9.865685424949,0.));
#6182 = DIRECTION('',(0.,0.,1.));
#6183 = DIRECTION('',(1.,0.,0.));
#6184 = ADVANCED_FACE('',(#6185),#6196,.F.);
#6185 = FACE_BOUND('',#6186,.F.);
#6186 = EDGE_LOOP('',(#6187,#6188,#6189,#6195));
#6187 = ORIENTED_EDGE('',*,*,#6167,.F.);
#6188 = ORIENTED_EDGE('',*,*,#2830,.T.);
#6189 = ORIENTED_EDGE('',*,*,#6190,.T.);
#6190 = EDGE_CURVE('',#2831,#4296,#6191,.T.);
#6191 = LINE('',#6192,#6193);
#6192 = CARTESIAN_POINT('',(56.431370849899,9.300000000001,0.));
#6193 = VECTOR('',#6194,1.);
#6194 = DIRECTION('',(-0.,-0.,-1.));
#6195 = ORIENTED_EDGE('',*,*,#4295,.T.);
#6196 = PLANE('',#6197);
#6197 = AXIS2_PLACEMENT_3D('',#6198,#6199,#6200);
#6198 = CARTESIAN_POINT('',(59.5,9.3,-197.5731424055));
#6199 = DIRECTION('',(-1.0067E-13,-1.,-0.));
#6200 = DIRECTION('',(-1.,1.0067E-13,0.));
#6201 = ADVANCED_FACE('',(#6202),#6213,.F.);
#6202 = FACE_BOUND('',#6203,.F.);
#6203 = EDGE_LOOP('',(#6204,#6205,#6206,#6207));
#6204 = ORIENTED_EDGE('',*,*,#2889,.F.);
#6205 = ORIENTED_EDGE('',*,*,#6174,.T.);
#6206 = ORIENTED_EDGE('',*,*,#4346,.T.);
#6207 = ORIENTED_EDGE('',*,*,#6208,.F.);
#6208 = EDGE_CURVE('',#2881,#4338,#6209,.T.);
#6209 = LINE('',#6210,#6211);
#6210 = CARTESIAN_POINT('',(63.7,14.568629150101,0.));
#6211 = VECTOR('',#6212,1.);
#6212 = DIRECTION('',(-0.,-0.,-1.));
#6213 = PLANE('',#6214);
#6214 = AXIS2_PLACEMENT_3D('',#6215,#6216,#6217);
#6215 = CARTESIAN_POINT('',(63.7,10.431370849899,0.));
#6216 = DIRECTION('',(1.,0.,0.));
#6217 = DIRECTION('',(0.,1.,0.));
#6218 = ADVANCED_FACE('',(#6219),#6230,.F.);
#6219 = FACE_BOUND('',#6220,.F.);
#6220 = EDGE_LOOP('',(#6221,#6222,#6228,#6229));
#6221 = ORIENTED_EDGE('',*,*,#2838,.F.);
#6222 = ORIENTED_EDGE('',*,*,#6223,.T.);
#6223 = EDGE_CURVE('',#2839,#4304,#6224,.T.);
#6224 = LINE('',#6225,#6226);
#6225 = CARTESIAN_POINT('',(55.3,10.431370849899,0.));
#6226 = VECTOR('',#6227,1.);
#6227 = DIRECTION('',(-0.,-0.,-1.));
#6228 = ORIENTED_EDGE('',*,*,#4303,.T.);
#6229 = ORIENTED_EDGE('',*,*,#6190,.F.);
#6230 = CYLINDRICAL_SURFACE('',#6231,0.8);
#6231 = AXIS2_PLACEMENT_3D('',#6232,#6233,#6234);
#6232 = CARTESIAN_POINT('',(55.865685424949,9.865685424949,0.));
#6233 = DIRECTION('',(0.,0.,1.));
#6234 = DIRECTION('',(1.,0.,0.));
#6235 = ADVANCED_FACE('',(#6236),#6247,.F.);
#6236 = FACE_BOUND('',#6237,.F.);
#6237 = EDGE_LOOP('',(#6238,#6239,#6240,#6241));
#6238 = ORIENTED_EDGE('',*,*,#2880,.F.);
#6239 = ORIENTED_EDGE('',*,*,#6208,.T.);
#6240 = ORIENTED_EDGE('',*,*,#4337,.T.);
#6241 = ORIENTED_EDGE('',*,*,#6242,.F.);
#6242 = EDGE_CURVE('',#2873,#4330,#6243,.T.);
#6243 = LINE('',#6244,#6245);
#6244 = CARTESIAN_POINT('',(62.568629150102,15.7,0.));
#6245 = VECTOR('',#6246,1.);
#6246 = DIRECTION('',(-0.,-0.,-1.));
#6247 = CYLINDRICAL_SURFACE('',#6248,0.8);
#6248 = AXIS2_PLACEMENT_3D('',#6249,#6250,#6251);
#6249 = CARTESIAN_POINT('',(63.134314575051,15.134314575051,0.));
#6250 = DIRECTION('',(0.,0.,1.));
#6251 = DIRECTION('',(1.,0.,0.));
#6252 = ADVANCED_FACE('',(#6253),#6264,.F.);
#6253 = FACE_BOUND('',#6254,.F.);
#6254 = EDGE_LOOP('',(#6255,#6256,#6262,#6263));
#6255 = ORIENTED_EDGE('',*,*,#2847,.F.);
#6256 = ORIENTED_EDGE('',*,*,#6257,.T.);
#6257 = EDGE_CURVE('',#2848,#4313,#6258,.T.);
#6258 = LINE('',#6259,#6260);
#6259 = CARTESIAN_POINT('',(55.3,14.568629150101,0.));
#6260 = VECTOR('',#6261,1.);
#6261 = DIRECTION('',(-0.,-0.,-1.));
#6262 = ORIENTED_EDGE('',*,*,#4312,.T.);
#6263 = ORIENTED_EDGE('',*,*,#6223,.F.);
#6264 = PLANE('',#6265);
#6265 = AXIS2_PLACEMENT_3D('',#6266,#6267,#6268);
#6266 = CARTESIAN_POINT('',(55.3,14.568629150101,0.));
#6267 = DIRECTION('',(-1.,0.,0.));
#6268 = DIRECTION('',(0.,-1.,0.));
#6269 = ADVANCED_FACE('',(#6270),#6282,.F.);
#6270 = FACE_BOUND('',#6271,.F.);
#6271 = EDGE_LOOP('',(#6272,#6273,#6274,#6275,#6281));
#6272 = ORIENTED_EDGE('',*,*,#2872,.T.);
#6273 = ORIENTED_EDGE('',*,*,#6242,.T.);
#6274 = ORIENTED_EDGE('',*,*,#4329,.T.);
#6275 = ORIENTED_EDGE('',*,*,#6276,.F.);
#6276 = EDGE_CURVE('',#2856,#4321,#6277,.T.);
#6277 = LINE('',#6278,#6279);
#6278 = CARTESIAN_POINT('',(56.431370849899,15.699999999999,0.));
#6279 = VECTOR('',#6280,1.);
#6280 = DIRECTION('',(-0.,-0.,-1.));
#6281 = ORIENTED_EDGE('',*,*,#2864,.F.);
#6282 = PLANE('',#6283);
#6283 = AXIS2_PLACEMENT_3D('',#6284,#6285,#6286);
#6284 = CARTESIAN_POINT('',(59.5,15.699999999999,-197.5731424055));
#6285 = DIRECTION('',(-1.5886E-13,1.,0.));
#6286 = DIRECTION('',(1.,1.5886E-13,0.));
#6287 = ADVANCED_FACE('',(#6288),#6294,.F.);
#6288 = FACE_BOUND('',#6289,.F.);
#6289 = EDGE_LOOP('',(#6290,#6291,#6292,#6293));
#6290 = ORIENTED_EDGE('',*,*,#2855,.F.);
#6291 = ORIENTED_EDGE('',*,*,#6276,.T.);
#6292 = ORIENTED_EDGE('',*,*,#4320,.T.);
#6293 = ORIENTED_EDGE('',*,*,#6257,.F.);
#6294 = CYLINDRICAL_SURFACE('',#6295,0.8);
#6295 = AXIS2_PLACEMENT_3D('',#6296,#6297,#6298);
#6296 = CARTESIAN_POINT('',(55.865685424949,15.134314575051,0.));
#6297 = DIRECTION('',(0.,0.,1.));
#6298 = DIRECTION('',(1.,0.,0.));
#6299 = ADVANCED_FACE('',(#6300),#6316,.F.);
#6300 = FACE_BOUND('',#6301,.F.);
#6301 = EDGE_LOOP('',(#6302,#6303,#6309,#6310));
#6302 = ORIENTED_EDGE('',*,*,#2897,.F.);
#6303 = ORIENTED_EDGE('',*,*,#6304,.T.);
#6304 = EDGE_CURVE('',#2898,#4355,#6305,.T.);
#6305 = LINE('',#6306,#6307);
#6306 = CARTESIAN_POINT('',(79.568629150102,10.8,0.));
#6307 = VECTOR('',#6308,1.);
#6308 = DIRECTION('',(-0.,-0.,-1.));
#6309 = ORIENTED_EDGE('',*,*,#4354,.T.);
#6310 = ORIENTED_EDGE('',*,*,#6311,.F.);
#6311 = EDGE_CURVE('',#2900,#4357,#6312,.T.);
#6312 = LINE('',#6313,#6314);
#6313 = CARTESIAN_POINT('',(80.7,11.931370849898,0.));
#6314 = VECTOR('',#6315,1.);
#6315 = DIRECTION('',(-0.,-0.,-1.));
#6316 = CYLINDRICAL_SURFACE('',#6317,0.8);
#6317 = AXIS2_PLACEMENT_3D('',#6318,#6319,#6320);
#6318 = CARTESIAN_POINT('',(80.134314575051,11.365685424949,0.));
#6319 = DIRECTION('',(0.,0.,1.));
#6320 = DIRECTION('',(1.,0.,0.));
#6321 = ADVANCED_FACE('',(#6322),#6333,.T.);
#6322 = FACE_BOUND('',#6323,.T.);
#6323 = EDGE_LOOP('',(#6324,#6325,#6331,#6332));
#6324 = ORIENTED_EDGE('',*,*,#2959,.F.);
#6325 = ORIENTED_EDGE('',*,*,#6326,.T.);
#6326 = EDGE_CURVE('',#2951,#4408,#6327,.T.);
#6327 = LINE('',#6328,#6329);
#6328 = CARTESIAN_POINT('',(80.7,13.068629150102,0.));
#6329 = VECTOR('',#6330,1.);
#6330 = DIRECTION('',(-0.,-0.,-1.));
#6331 = ORIENTED_EDGE('',*,*,#4416,.T.);
#6332 = ORIENTED_EDGE('',*,*,#6311,.F.);
#6333 = PLANE('',#6334);
#6334 = AXIS2_PLACEMENT_3D('',#6335,#6336,#6337);
#6335 = CARTESIAN_POINT('',(80.7,13.068629150102,0.));
#6336 = DIRECTION('',(-1.,-3.12E-15,0.));
#6337 = DIRECTION('',(3.12E-15,-1.,0.));
#6338 = ADVANCED_FACE('',(#6339),#6350,.F.);
#6339 = FACE_BOUND('',#6340,.F.);
#6340 = EDGE_LOOP('',(#6341,#6342,#6343,#6344));
#6341 = ORIENTED_EDGE('',*,*,#2950,.F.);
#6342 = ORIENTED_EDGE('',*,*,#6326,.T.);
#6343 = ORIENTED_EDGE('',*,*,#4407,.T.);
#6344 = ORIENTED_EDGE('',*,*,#6345,.F.);
#6345 = EDGE_CURVE('',#2943,#4400,#6346,.T.);
#6346 = LINE('',#6347,#6348);
#6347 = CARTESIAN_POINT('',(79.568629150102,14.2,0.));
#6348 = VECTOR('',#6349,1.);
#6349 = DIRECTION('',(-0.,-0.,-1.));
#6350 = CYLINDRICAL_SURFACE('',#6351,0.8);
#6351 = AXIS2_PLACEMENT_3D('',#6352,#6353,#6354);
#6352 = CARTESIAN_POINT('',(80.134314575051,13.634314575051,0.));
#6353 = DIRECTION('',(0.,0.,1.));
#6354 = DIRECTION('',(1.,0.,0.));
#6355 = ADVANCED_FACE('',(#6356),#6367,.F.);
#6356 = FACE_BOUND('',#6357,.F.);
#6357 = EDGE_LOOP('',(#6358,#6359,#6360,#6361));
#6358 = ORIENTED_EDGE('',*,*,#2942,.T.);
#6359 = ORIENTED_EDGE('',*,*,#6345,.T.);
#6360 = ORIENTED_EDGE('',*,*,#4399,.T.);
#6361 = ORIENTED_EDGE('',*,*,#6362,.F.);
#6362 = EDGE_CURVE('',#2934,#4391,#6363,.T.);
#6363 = LINE('',#6364,#6365);
#6364 = CARTESIAN_POINT('',(70.431370849898,14.2,0.));
#6365 = VECTOR('',#6366,1.);
#6366 = DIRECTION('',(-0.,-0.,-1.));
#6367 = PLANE('',#6368);
#6368 = AXIS2_PLACEMENT_3D('',#6369,#6370,#6371);
#6369 = CARTESIAN_POINT('',(75.,14.2,-197.5731424055));
#6370 = DIRECTION('',(-7.7E-16,1.,0.));
#6371 = DIRECTION('',(1.,7.7E-16,0.));
#6372 = ADVANCED_FACE('',(#6373),#6384,.F.);
#6373 = FACE_BOUND('',#6374,.F.);
#6374 = EDGE_LOOP('',(#6375,#6376,#6377,#6378));
#6375 = ORIENTED_EDGE('',*,*,#2933,.F.);
#6376 = ORIENTED_EDGE('',*,*,#6362,.T.);
#6377 = ORIENTED_EDGE('',*,*,#4390,.T.);
#6378 = ORIENTED_EDGE('',*,*,#6379,.F.);
#6379 = EDGE_CURVE('',#2926,#4383,#6380,.T.);
#6380 = LINE('',#6381,#6382);
#6381 = CARTESIAN_POINT('',(69.3,13.068629150101,0.));
#6382 = VECTOR('',#6383,1.);
#6383 = DIRECTION('',(-0.,-0.,-1.));
#6384 = CYLINDRICAL_SURFACE('',#6385,0.8);
#6385 = AXIS2_PLACEMENT_3D('',#6386,#6387,#6388);
#6386 = CARTESIAN_POINT('',(69.865685424949,13.634314575051,0.));
#6387 = DIRECTION('',(0.,0.,1.));
#6388 = DIRECTION('',(1.,0.,0.));
#6389 = ADVANCED_FACE('',(#6390),#6401,.F.);
#6390 = FACE_BOUND('',#6391,.F.);
#6391 = EDGE_LOOP('',(#6392,#6393,#6394,#6395));
#6392 = ORIENTED_EDGE('',*,*,#2925,.F.);
#6393 = ORIENTED_EDGE('',*,*,#6379,.T.);
#6394 = ORIENTED_EDGE('',*,*,#4382,.T.);
#6395 = ORIENTED_EDGE('',*,*,#6396,.F.);
#6396 = EDGE_CURVE('',#2917,#4374,#6397,.T.);
#6397 = LINE('',#6398,#6399);
#6398 = CARTESIAN_POINT('',(69.3,11.931370849899,0.));
#6399 = VECTOR('',#6400,1.);
#6400 = DIRECTION('',(-0.,-0.,-1.));
#6401 = PLANE('',#6402);
#6402 = AXIS2_PLACEMENT_3D('',#6403,#6404,#6405);
#6403 = CARTESIAN_POINT('',(69.3,13.068629150101,0.));
#6404 = DIRECTION('',(-1.,0.,0.));
#6405 = DIRECTION('',(0.,-1.,0.));
#6406 = ADVANCED_FACE('',(#6407),#6418,.F.);
#6407 = FACE_BOUND('',#6408,.F.);
#6408 = EDGE_LOOP('',(#6409,#6410,#6411,#6412));
#6409 = ORIENTED_EDGE('',*,*,#2916,.F.);
#6410 = ORIENTED_EDGE('',*,*,#6396,.T.);
#6411 = ORIENTED_EDGE('',*,*,#4373,.T.);
#6412 = ORIENTED_EDGE('',*,*,#6413,.F.);
#6413 = EDGE_CURVE('',#2909,#4366,#6414,.T.);
#6414 = LINE('',#6415,#6416);
#6415 = CARTESIAN_POINT('',(70.431370849899,10.8,0.));
#6416 = VECTOR('',#6417,1.);
#6417 = DIRECTION('',(-0.,-0.,-1.));
#6418 = CYLINDRICAL_SURFACE('',#6419,0.8);
#6419 = AXIS2_PLACEMENT_3D('',#6420,#6421,#6422);
#6420 = CARTESIAN_POINT('',(69.865685424949,11.365685424949,0.));
#6421 = DIRECTION('',(0.,0.,1.));
#6422 = DIRECTION('',(1.,0.,0.));
#6423 = ADVANCED_FACE('',(#6424),#6430,.F.);
#6424 = FACE_BOUND('',#6425,.F.);
#6425 = EDGE_LOOP('',(#6426,#6427,#6428,#6429));
#6426 = ORIENTED_EDGE('',*,*,#6304,.F.);
#6427 = ORIENTED_EDGE('',*,*,#2908,.T.);
#6428 = ORIENTED_EDGE('',*,*,#6413,.T.);
#6429 = ORIENTED_EDGE('',*,*,#4365,.T.);
#6430 = PLANE('',#6431);
#6431 = AXIS2_PLACEMENT_3D('',#6432,#6433,#6434);
#6432 = CARTESIAN_POINT('',(75.,10.8,-197.5731424055));
#6433 = DIRECTION('',(-2.447E-14,-1.,-0.));
#6434 = DIRECTION('',(-1.,2.447E-14,0.));
#6435 = ADVANCED_FACE('',(#6436),#6452,.F.);
#6436 = FACE_BOUND('',#6437,.F.);
#6437 = EDGE_LOOP('',(#6438,#6439,#6445,#6446));
#6438 = ORIENTED_EDGE('',*,*,#2967,.F.);
#6439 = ORIENTED_EDGE('',*,*,#6440,.T.);
#6440 = EDGE_CURVE('',#2968,#4425,#6441,.T.);
#6441 = LINE('',#6442,#6443);
#6442 = CARTESIAN_POINT('',(93.568629150102,9.3,0.));
#6443 = VECTOR('',#6444,1.);
#6444 = DIRECTION('',(-0.,-0.,-1.));
#6445 = ORIENTED_EDGE('',*,*,#4424,.T.);
#6446 = ORIENTED_EDGE('',*,*,#6447,.F.);
#6447 = EDGE_CURVE('',#2970,#4427,#6448,.T.);
#6448 = LINE('',#6449,#6450);
#6449 = CARTESIAN_POINT('',(94.7,10.431370849899,0.));
#6450 = VECTOR('',#6451,1.);
#6451 = DIRECTION('',(-0.,-0.,-1.));
#6452 = CYLINDRICAL_SURFACE('',#6453,0.8);
#6453 = AXIS2_PLACEMENT_3D('',#6454,#6455,#6456);
#6454 = CARTESIAN_POINT('',(94.134314575051,9.865685424949,0.));
#6455 = DIRECTION('',(0.,0.,1.));
#6456 = DIRECTION('',(1.,0.,0.));
#6457 = ADVANCED_FACE('',(#6458),#6469,.F.);
#6458 = FACE_BOUND('',#6459,.F.);
#6459 = EDGE_LOOP('',(#6460,#6461,#6462,#6468));
#6460 = ORIENTED_EDGE('',*,*,#6440,.F.);
#6461 = ORIENTED_EDGE('',*,*,#2978,.T.);
#6462 = ORIENTED_EDGE('',*,*,#6463,.T.);
#6463 = EDGE_CURVE('',#2979,#4436,#6464,.T.);
#6464 = LINE('',#6465,#6466);
#6465 = CARTESIAN_POINT('',(87.431370849899,9.300000000001,0.));
#6466 = VECTOR('',#6467,1.);
#6467 = DIRECTION('',(-0.,-0.,-1.));
#6468 = ORIENTED_EDGE('',*,*,#4435,.T.);
#6469 = PLANE('',#6470);
#6470 = AXIS2_PLACEMENT_3D('',#6471,#6472,#6473);
#6471 = CARTESIAN_POINT('',(90.5,9.3,-197.5731424055));
#6472 = DIRECTION('',(-1.0067E-13,-1.,-0.));
#6473 = DIRECTION('',(-1.,1.0067E-13,0.));
#6474 = ADVANCED_FACE('',(#6475),#6486,.F.);
#6475 = FACE_BOUND('',#6476,.F.);
#6476 = EDGE_LOOP('',(#6477,#6478,#6479,#6480));
#6477 = ORIENTED_EDGE('',*,*,#3037,.F.);
#6478 = ORIENTED_EDGE('',*,*,#6447,.T.);
#6479 = ORIENTED_EDGE('',*,*,#4486,.T.);
#6480 = ORIENTED_EDGE('',*,*,#6481,.F.);
#6481 = EDGE_CURVE('',#3029,#4478,#6482,.T.);
#6482 = LINE('',#6483,#6484);
#6483 = CARTESIAN_POINT('',(94.7,14.568629150101,0.));
#6484 = VECTOR('',#6485,1.);
#6485 = DIRECTION('',(-0.,-0.,-1.));
#6486 = PLANE('',#6487);
#6487 = AXIS2_PLACEMENT_3D('',#6488,#6489,#6490);
#6488 = CARTESIAN_POINT('',(94.7,10.431370849899,0.));
#6489 = DIRECTION('',(1.,0.,0.));
#6490 = DIRECTION('',(0.,1.,0.));
#6491 = ADVANCED_FACE('',(#6492),#6503,.F.);
#6492 = FACE_BOUND('',#6493,.F.);
#6493 = EDGE_LOOP('',(#6494,#6495,#6501,#6502));
#6494 = ORIENTED_EDGE('',*,*,#2986,.F.);
#6495 = ORIENTED_EDGE('',*,*,#6496,.T.);
#6496 = EDGE_CURVE('',#2987,#4444,#6497,.T.);
#6497 = LINE('',#6498,#6499);
#6498 = CARTESIAN_POINT('',(86.3,10.431370849899,0.));
#6499 = VECTOR('',#6500,1.);
#6500 = DIRECTION('',(-0.,-0.,-1.));
#6501 = ORIENTED_EDGE('',*,*,#4443,.T.);
#6502 = ORIENTED_EDGE('',*,*,#6463,.F.);
#6503 = CYLINDRICAL_SURFACE('',#6504,0.8);
#6504 = AXIS2_PLACEMENT_3D('',#6505,#6506,#6507);
#6505 = CARTESIAN_POINT('',(86.865685424949,9.865685424949,0.));
#6506 = DIRECTION('',(0.,0.,1.));
#6507 = DIRECTION('',(1.,0.,0.));
#6508 = ADVANCED_FACE('',(#6509),#6520,.F.);
#6509 = FACE_BOUND('',#6510,.F.);
#6510 = EDGE_LOOP('',(#6511,#6512,#6513,#6514));
#6511 = ORIENTED_EDGE('',*,*,#3028,.F.);
#6512 = ORIENTED_EDGE('',*,*,#6481,.T.);
#6513 = ORIENTED_EDGE('',*,*,#4477,.T.);
#6514 = ORIENTED_EDGE('',*,*,#6515,.F.);
#6515 = EDGE_CURVE('',#3021,#4470,#6516,.T.);
#6516 = LINE('',#6517,#6518);
#6517 = CARTESIAN_POINT('',(93.568629150102,15.7,0.));
#6518 = VECTOR('',#6519,1.);
#6519 = DIRECTION('',(-0.,-0.,-1.));
#6520 = CYLINDRICAL_SURFACE('',#6521,0.8);
#6521 = AXIS2_PLACEMENT_3D('',#6522,#6523,#6524);
#6522 = CARTESIAN_POINT('',(94.134314575051,15.134314575051,0.));
#6523 = DIRECTION('',(0.,0.,1.));
#6524 = DIRECTION('',(1.,0.,0.));
#6525 = ADVANCED_FACE('',(#6526),#6537,.F.);
#6526 = FACE_BOUND('',#6527,.F.);
#6527 = EDGE_LOOP('',(#6528,#6529,#6535,#6536));
#6528 = ORIENTED_EDGE('',*,*,#2995,.F.);
#6529 = ORIENTED_EDGE('',*,*,#6530,.T.);
#6530 = EDGE_CURVE('',#2996,#4453,#6531,.T.);
#6531 = LINE('',#6532,#6533);
#6532 = CARTESIAN_POINT('',(86.3,14.568629150101,0.));
#6533 = VECTOR('',#6534,1.);
#6534 = DIRECTION('',(-0.,-0.,-1.));
#6535 = ORIENTED_EDGE('',*,*,#4452,.T.);
#6536 = ORIENTED_EDGE('',*,*,#6496,.F.);
#6537 = PLANE('',#6538);
#6538 = AXIS2_PLACEMENT_3D('',#6539,#6540,#6541);
#6539 = CARTESIAN_POINT('',(86.3,14.568629150101,0.));
#6540 = DIRECTION('',(-1.,0.,0.));
#6541 = DIRECTION('',(0.,-1.,0.));
#6542 = ADVANCED_FACE('',(#6543),#6555,.F.);
#6543 = FACE_BOUND('',#6544,.F.);
#6544 = EDGE_LOOP('',(#6545,#6546,#6547,#6548,#6554));
#6545 = ORIENTED_EDGE('',*,*,#3020,.T.);
#6546 = ORIENTED_EDGE('',*,*,#6515,.T.);
#6547 = ORIENTED_EDGE('',*,*,#4469,.T.);
#6548 = ORIENTED_EDGE('',*,*,#6549,.F.);
#6549 = EDGE_CURVE('',#3004,#4461,#6550,.T.);
#6550 = LINE('',#6551,#6552);
#6551 = CARTESIAN_POINT('',(87.431370849899,15.699999999999,0.));
#6552 = VECTOR('',#6553,1.);
#6553 = DIRECTION('',(-0.,-0.,-1.));
#6554 = ORIENTED_EDGE('',*,*,#3012,.F.);
#6555 = PLANE('',#6556);
#6556 = AXIS2_PLACEMENT_3D('',#6557,#6558,#6559);
#6557 = CARTESIAN_POINT('',(90.5,15.699999999999,-197.5731424055));
#6558 = DIRECTION('',(-1.5886E-13,1.,0.));
#6559 = DIRECTION('',(1.,1.5886E-13,0.));
#6560 = ADVANCED_FACE('',(#6561),#6567,.F.);
#6561 = FACE_BOUND('',#6562,.F.);
#6562 = EDGE_LOOP('',(#6563,#6564,#6565,#6566));
#6563 = ORIENTED_EDGE('',*,*,#3003,.F.);
#6564 = ORIENTED_EDGE('',*,*,#6549,.T.);
#6565 = ORIENTED_EDGE('',*,*,#4460,.T.);
#6566 = ORIENTED_EDGE('',*,*,#6530,.F.);
#6567 = CYLINDRICAL_SURFACE('',#6568,0.8);
#6568 = AXIS2_PLACEMENT_3D('',#6569,#6570,#6571);
#6569 = CARTESIAN_POINT('',(86.865685424949,15.134314575051,0.));
#6570 = DIRECTION('',(0.,0.,1.));
#6571 = DIRECTION('',(1.,0.,0.));
#6572 = ADVANCED_FACE('',(#6573),#6589,.F.);
#6573 = FACE_BOUND('',#6574,.F.);
#6574 = EDGE_LOOP('',(#6575,#6576,#6582,#6583));
#6575 = ORIENTED_EDGE('',*,*,#3045,.F.);
#6576 = ORIENTED_EDGE('',*,*,#6577,.T.);
#6577 = EDGE_CURVE('',#3046,#4495,#6578,.T.);
#6578 = LINE('',#6579,#6580);
#6579 = CARTESIAN_POINT('',(0.568629150102,34.3,0.));
#6580 = VECTOR('',#6581,1.);
#6581 = DIRECTION('',(-0.,-0.,-1.));
#6582 = ORIENTED_EDGE('',*,*,#4494,.T.);
#6583 = ORIENTED_EDGE('',*,*,#6584,.F.);
#6584 = EDGE_CURVE('',#3048,#4497,#6585,.T.);
#6585 = LINE('',#6586,#6587);
#6586 = CARTESIAN_POINT('',(1.7,35.431370849899,0.));
#6587 = VECTOR('',#6588,1.);
#6588 = DIRECTION('',(-0.,-0.,-1.));
#6589 = CYLINDRICAL_SURFACE('',#6590,0.8);
#6590 = AXIS2_PLACEMENT_3D('',#6591,#6592,#6593);
#6591 = CARTESIAN_POINT('',(1.134314575051,34.865685424949,0.));
#6592 = DIRECTION('',(0.,0.,1.));
#6593 = DIRECTION('',(1.,0.,0.));
#6594 = ADVANCED_FACE('',(#6595),#6606,.F.);
#6595 = FACE_BOUND('',#6596,.F.);
#6596 = EDGE_LOOP('',(#6597,#6598,#6599,#6605));
#6597 = ORIENTED_EDGE('',*,*,#6577,.F.);
#6598 = ORIENTED_EDGE('',*,*,#3056,.T.);
#6599 = ORIENTED_EDGE('',*,*,#6600,.T.);
#6600 = EDGE_CURVE('',#3057,#4506,#6601,.T.);
#6601 = LINE('',#6602,#6603);
#6602 = CARTESIAN_POINT('',(-5.568629150101,34.300000000001,0.));
#6603 = VECTOR('',#6604,1.);
#6604 = DIRECTION('',(-0.,-0.,-1.));
#6605 = ORIENTED_EDGE('',*,*,#4505,.T.);
#6606 = PLANE('',#6607);
#6607 = AXIS2_PLACEMENT_3D('',#6608,#6609,#6610);
#6608 = CARTESIAN_POINT('',(-2.5,34.3,-197.5731424055));
#6609 = DIRECTION('',(-1.0067E-13,-1.,-0.));
#6610 = DIRECTION('',(-1.,1.0067E-13,0.));
#6611 = ADVANCED_FACE('',(#6612),#6623,.F.);
#6612 = FACE_BOUND('',#6613,.F.);
#6613 = EDGE_LOOP('',(#6614,#6615,#6616,#6617));
#6614 = ORIENTED_EDGE('',*,*,#3115,.F.);
#6615 = ORIENTED_EDGE('',*,*,#6584,.T.);
#6616 = ORIENTED_EDGE('',*,*,#4556,.T.);
#6617 = ORIENTED_EDGE('',*,*,#6618,.F.);
#6618 = EDGE_CURVE('',#3107,#4548,#6619,.T.);
#6619 = LINE('',#6620,#6621);
#6620 = CARTESIAN_POINT('',(1.7,39.568629150102,0.));
#6621 = VECTOR('',#6622,1.);
#6622 = DIRECTION('',(-0.,-0.,-1.));
#6623 = PLANE('',#6624);
#6624 = AXIS2_PLACEMENT_3D('',#6625,#6626,#6627);
#6625 = CARTESIAN_POINT('',(1.7,35.431370849899,0.));
#6626 = DIRECTION('',(1.,0.,0.));
#6627 = DIRECTION('',(0.,1.,0.));
#6628 = ADVANCED_FACE('',(#6629),#6640,.F.);
#6629 = FACE_BOUND('',#6630,.F.);
#6630 = EDGE_LOOP('',(#6631,#6632,#6638,#6639));
#6631 = ORIENTED_EDGE('',*,*,#3064,.F.);
#6632 = ORIENTED_EDGE('',*,*,#6633,.T.);
#6633 = EDGE_CURVE('',#3065,#4514,#6634,.T.);
#6634 = LINE('',#6635,#6636);
#6635 = CARTESIAN_POINT('',(-6.7,35.431370849899,0.));
#6636 = VECTOR('',#6637,1.);
#6637 = DIRECTION('',(-0.,-0.,-1.));
#6638 = ORIENTED_EDGE('',*,*,#4513,.T.);
#6639 = ORIENTED_EDGE('',*,*,#6600,.F.);
#6640 = CYLINDRICAL_SURFACE('',#6641,0.8);
#6641 = AXIS2_PLACEMENT_3D('',#6642,#6643,#6644);
#6642 = CARTESIAN_POINT('',(-6.134314575051,34.865685424949,0.));
#6643 = DIRECTION('',(0.,0.,1.));
#6644 = DIRECTION('',(1.,0.,0.));
#6645 = ADVANCED_FACE('',(#6646),#6657,.F.);
#6646 = FACE_BOUND('',#6647,.F.);
#6647 = EDGE_LOOP('',(#6648,#6649,#6650,#6651));
#6648 = ORIENTED_EDGE('',*,*,#3106,.F.);
#6649 = ORIENTED_EDGE('',*,*,#6618,.T.);
#6650 = ORIENTED_EDGE('',*,*,#4547,.T.);
#6651 = ORIENTED_EDGE('',*,*,#6652,.F.);
#6652 = EDGE_CURVE('',#3099,#4540,#6653,.T.);
#6653 = LINE('',#6654,#6655);
#6654 = CARTESIAN_POINT('',(0.568629150102,40.7,0.));
#6655 = VECTOR('',#6656,1.);
#6656 = DIRECTION('',(-0.,-0.,-1.));
#6657 = CYLINDRICAL_SURFACE('',#6658,0.8);
#6658 = AXIS2_PLACEMENT_3D('',#6659,#6660,#6661);
#6659 = CARTESIAN_POINT('',(1.134314575051,40.134314575051,0.));
#6660 = DIRECTION('',(0.,0.,1.));
#6661 = DIRECTION('',(1.,0.,0.));
#6662 = ADVANCED_FACE('',(#6663),#6674,.F.);
#6663 = FACE_BOUND('',#6664,.F.);
#6664 = EDGE_LOOP('',(#6665,#6666,#6672,#6673));
#6665 = ORIENTED_EDGE('',*,*,#3073,.F.);
#6666 = ORIENTED_EDGE('',*,*,#6667,.T.);
#6667 = EDGE_CURVE('',#3074,#4523,#6668,.T.);
#6668 = LINE('',#6669,#6670);
#6669 = CARTESIAN_POINT('',(-6.7,39.568629150101,0.));
#6670 = VECTOR('',#6671,1.);
#6671 = DIRECTION('',(-0.,-0.,-1.));
#6672 = ORIENTED_EDGE('',*,*,#4522,.T.);
#6673 = ORIENTED_EDGE('',*,*,#6633,.F.);
#6674 = PLANE('',#6675);
#6675 = AXIS2_PLACEMENT_3D('',#6676,#6677,#6678);
#6676 = CARTESIAN_POINT('',(-6.7,39.568629150101,0.));
#6677 = DIRECTION('',(-1.,0.,0.));
#6678 = DIRECTION('',(0.,-1.,0.));
#6679 = ADVANCED_FACE('',(#6680),#6692,.F.);
#6680 = FACE_BOUND('',#6681,.F.);
#6681 = EDGE_LOOP('',(#6682,#6683,#6684,#6685,#6691));
#6682 = ORIENTED_EDGE('',*,*,#3098,.T.);
#6683 = ORIENTED_EDGE('',*,*,#6652,.T.);
#6684 = ORIENTED_EDGE('',*,*,#4539,.T.);
#6685 = ORIENTED_EDGE('',*,*,#6686,.F.);
#6686 = EDGE_CURVE('',#3082,#4531,#6687,.T.);
#6687 = LINE('',#6688,#6689);
#6688 = CARTESIAN_POINT('',(-5.568629150101,40.699999999999,0.));
#6689 = VECTOR('',#6690,1.);
#6690 = DIRECTION('',(-0.,-0.,-1.));
#6691 = ORIENTED_EDGE('',*,*,#3090,.F.);
#6692 = PLANE('',#6693);
#6693 = AXIS2_PLACEMENT_3D('',#6694,#6695,#6696);
#6694 = CARTESIAN_POINT('',(-2.5,40.699999999999,-197.5731424055));
#6695 = DIRECTION('',(-1.5886E-13,1.,0.));
#6696 = DIRECTION('',(1.,1.5886E-13,0.));
#6697 = ADVANCED_FACE('',(#6698),#6704,.F.);
#6698 = FACE_BOUND('',#6699,.F.);
#6699 = EDGE_LOOP('',(#6700,#6701,#6702,#6703));
#6700 = ORIENTED_EDGE('',*,*,#3081,.F.);
#6701 = ORIENTED_EDGE('',*,*,#6686,.T.);
#6702 = ORIENTED_EDGE('',*,*,#4530,.T.);
#6703 = ORIENTED_EDGE('',*,*,#6667,.F.);
#6704 = CYLINDRICAL_SURFACE('',#6705,0.8);
#6705 = AXIS2_PLACEMENT_3D('',#6706,#6707,#6708);
#6706 = CARTESIAN_POINT('',(-6.134314575051,40.134314575051,0.));
#6707 = DIRECTION('',(0.,0.,1.));
#6708 = DIRECTION('',(1.,0.,0.));
#6709 = ADVANCED_FACE('',(#6710),#6726,.F.);
#6710 = FACE_BOUND('',#6711,.F.);
#6711 = EDGE_LOOP('',(#6712,#6713,#6719,#6720));
#6712 = ORIENTED_EDGE('',*,*,#3123,.F.);
#6713 = ORIENTED_EDGE('',*,*,#6714,.T.);
#6714 = EDGE_CURVE('',#3124,#4565,#6715,.T.);
#6715 = LINE('',#6716,#6717);
#6716 = CARTESIAN_POINT('',(17.568629150102,35.8,0.));
#6717 = VECTOR('',#6718,1.);
#6718 = DIRECTION('',(-0.,-0.,-1.));
#6719 = ORIENTED_EDGE('',*,*,#4564,.T.);
#6720 = ORIENTED_EDGE('',*,*,#6721,.F.);
#6721 = EDGE_CURVE('',#3126,#4567,#6722,.T.);
#6722 = LINE('',#6723,#6724);
#6723 = CARTESIAN_POINT('',(18.7,36.931370849898,0.));
#6724 = VECTOR('',#6725,1.);
#6725 = DIRECTION('',(-0.,-0.,-1.));
#6726 = CYLINDRICAL_SURFACE('',#6727,0.8);
#6727 = AXIS2_PLACEMENT_3D('',#6728,#6729,#6730);
#6728 = CARTESIAN_POINT('',(18.134314575051,36.365685424949,0.));
#6729 = DIRECTION('',(0.,0.,1.));
#6730 = DIRECTION('',(1.,0.,0.));
#6731 = ADVANCED_FACE('',(#6732),#6743,.T.);
#6732 = FACE_BOUND('',#6733,.T.);
#6733 = EDGE_LOOP('',(#6734,#6735,#6741,#6742));
#6734 = ORIENTED_EDGE('',*,*,#3185,.F.);
#6735 = ORIENTED_EDGE('',*,*,#6736,.T.);
#6736 = EDGE_CURVE('',#3177,#4618,#6737,.T.);
#6737 = LINE('',#6738,#6739);
#6738 = CARTESIAN_POINT('',(18.7,38.068629150102,0.));
#6739 = VECTOR('',#6740,1.);
#6740 = DIRECTION('',(-0.,-0.,-1.));
#6741 = ORIENTED_EDGE('',*,*,#4626,.T.);
#6742 = ORIENTED_EDGE('',*,*,#6721,.F.);
#6743 = PLANE('',#6744);
#6744 = AXIS2_PLACEMENT_3D('',#6745,#6746,#6747);
#6745 = CARTESIAN_POINT('',(18.7,38.068629150102,0.));
#6746 = DIRECTION('',(-1.,-3.12E-15,0.));
#6747 = DIRECTION('',(3.12E-15,-1.,0.));
#6748 = ADVANCED_FACE('',(#6749),#6760,.F.);
#6749 = FACE_BOUND('',#6750,.F.);
#6750 = EDGE_LOOP('',(#6751,#6752,#6753,#6754));
#6751 = ORIENTED_EDGE('',*,*,#3176,.F.);
#6752 = ORIENTED_EDGE('',*,*,#6736,.T.);
#6753 = ORIENTED_EDGE('',*,*,#4617,.T.);
#6754 = ORIENTED_EDGE('',*,*,#6755,.F.);
#6755 = EDGE_CURVE('',#3169,#4610,#6756,.T.);
#6756 = LINE('',#6757,#6758);
#6757 = CARTESIAN_POINT('',(17.568629150102,39.2,0.));
#6758 = VECTOR('',#6759,1.);
#6759 = DIRECTION('',(-0.,-0.,-1.));
#6760 = CYLINDRICAL_SURFACE('',#6761,0.8);
#6761 = AXIS2_PLACEMENT_3D('',#6762,#6763,#6764);
#6762 = CARTESIAN_POINT('',(18.134314575051,38.634314575051,0.));
#6763 = DIRECTION('',(0.,0.,1.));
#6764 = DIRECTION('',(1.,0.,0.));
#6765 = ADVANCED_FACE('',(#6766),#6777,.F.);
#6766 = FACE_BOUND('',#6767,.F.);
#6767 = EDGE_LOOP('',(#6768,#6769,#6770,#6771));
#6768 = ORIENTED_EDGE('',*,*,#3168,.T.);
#6769 = ORIENTED_EDGE('',*,*,#6755,.T.);
#6770 = ORIENTED_EDGE('',*,*,#4609,.T.);
#6771 = ORIENTED_EDGE('',*,*,#6772,.F.);
#6772 = EDGE_CURVE('',#3160,#4601,#6773,.T.);
#6773 = LINE('',#6774,#6775);
#6774 = CARTESIAN_POINT('',(8.431370849899,39.2,0.));
#6775 = VECTOR('',#6776,1.);
#6776 = DIRECTION('',(-0.,-0.,-1.));
#6777 = PLANE('',#6778);
#6778 = AXIS2_PLACEMENT_3D('',#6779,#6780,#6781);
#6779 = CARTESIAN_POINT('',(13.,39.2,-197.5731424055));
#6780 = DIRECTION('',(-7.7E-16,1.,0.));
#6781 = DIRECTION('',(1.,7.7E-16,0.));
#6782 = ADVANCED_FACE('',(#6783),#6794,.F.);
#6783 = FACE_BOUND('',#6784,.F.);
#6784 = EDGE_LOOP('',(#6785,#6786,#6787,#6788));
#6785 = ORIENTED_EDGE('',*,*,#3159,.F.);
#6786 = ORIENTED_EDGE('',*,*,#6772,.T.);
#6787 = ORIENTED_EDGE('',*,*,#4600,.T.);
#6788 = ORIENTED_EDGE('',*,*,#6789,.F.);
#6789 = EDGE_CURVE('',#3152,#4593,#6790,.T.);
#6790 = LINE('',#6791,#6792);
#6791 = CARTESIAN_POINT('',(7.3,38.068629150101,0.));
#6792 = VECTOR('',#6793,1.);
#6793 = DIRECTION('',(-0.,-0.,-1.));
#6794 = CYLINDRICAL_SURFACE('',#6795,0.8);
#6795 = AXIS2_PLACEMENT_3D('',#6796,#6797,#6798);
#6796 = CARTESIAN_POINT('',(7.865685424949,38.634314575051,0.));
#6797 = DIRECTION('',(0.,0.,1.));
#6798 = DIRECTION('',(1.,0.,0.));
#6799 = ADVANCED_FACE('',(#6800),#6811,.F.);
#6800 = FACE_BOUND('',#6801,.F.);
#6801 = EDGE_LOOP('',(#6802,#6803,#6804,#6805));
#6802 = ORIENTED_EDGE('',*,*,#3151,.F.);
#6803 = ORIENTED_EDGE('',*,*,#6789,.T.);
#6804 = ORIENTED_EDGE('',*,*,#4592,.T.);
#6805 = ORIENTED_EDGE('',*,*,#6806,.F.);
#6806 = EDGE_CURVE('',#3143,#4584,#6807,.T.);
#6807 = LINE('',#6808,#6809);
#6808 = CARTESIAN_POINT('',(7.3,36.931370849899,0.));
#6809 = VECTOR('',#6810,1.);
#6810 = DIRECTION('',(-0.,-0.,-1.));
#6811 = PLANE('',#6812);
#6812 = AXIS2_PLACEMENT_3D('',#6813,#6814,#6815);
#6813 = CARTESIAN_POINT('',(7.3,38.068629150101,0.));
#6814 = DIRECTION('',(-1.,0.,0.));
#6815 = DIRECTION('',(0.,-1.,0.));
#6816 = ADVANCED_FACE('',(#6817),#6828,.F.);
#6817 = FACE_BOUND('',#6818,.F.);
#6818 = EDGE_LOOP('',(#6819,#6820,#6821,#6822));
#6819 = ORIENTED_EDGE('',*,*,#3142,.F.);
#6820 = ORIENTED_EDGE('',*,*,#6806,.T.);
#6821 = ORIENTED_EDGE('',*,*,#4583,.T.);
#6822 = ORIENTED_EDGE('',*,*,#6823,.F.);
#6823 = EDGE_CURVE('',#3135,#4576,#6824,.T.);
#6824 = LINE('',#6825,#6826);
#6825 = CARTESIAN_POINT('',(8.431370849899,35.8,0.));
#6826 = VECTOR('',#6827,1.);
#6827 = DIRECTION('',(-0.,-0.,-1.));
#6828 = CYLINDRICAL_SURFACE('',#6829,0.8);
#6829 = AXIS2_PLACEMENT_3D('',#6830,#6831,#6832);
#6830 = CARTESIAN_POINT('',(7.865685424949,36.365685424949,0.));
#6831 = DIRECTION('',(0.,0.,1.));
#6832 = DIRECTION('',(1.,0.,0.));
#6833 = ADVANCED_FACE('',(#6834),#6840,.F.);
#6834 = FACE_BOUND('',#6835,.F.);
#6835 = EDGE_LOOP('',(#6836,#6837,#6838,#6839));
#6836 = ORIENTED_EDGE('',*,*,#6714,.F.);
#6837 = ORIENTED_EDGE('',*,*,#3134,.T.);
#6838 = ORIENTED_EDGE('',*,*,#6823,.T.);
#6839 = ORIENTED_EDGE('',*,*,#4575,.T.);
#6840 = PLANE('',#6841);
#6841 = AXIS2_PLACEMENT_3D('',#6842,#6843,#6844);
#6842 = CARTESIAN_POINT('',(13.,35.8,-197.5731424055));
#6843 = DIRECTION('',(-2.447E-14,-1.,-0.));
#6844 = DIRECTION('',(-1.,2.447E-14,0.));
#6845 = ADVANCED_FACE('',(#6846),#6862,.F.);
#6846 = FACE_BOUND('',#6847,.F.);
#6847 = EDGE_LOOP('',(#6848,#6849,#6855,#6856));
#6848 = ORIENTED_EDGE('',*,*,#3193,.F.);
#6849 = ORIENTED_EDGE('',*,*,#6850,.T.);
#6850 = EDGE_CURVE('',#3194,#4635,#6851,.T.);
#6851 = LINE('',#6852,#6853);
#6852 = CARTESIAN_POINT('',(31.568629150102,34.3,0.));
#6853 = VECTOR('',#6854,1.);
#6854 = DIRECTION('',(-0.,-0.,-1.));
#6855 = ORIENTED_EDGE('',*,*,#4634,.T.);
#6856 = ORIENTED_EDGE('',*,*,#6857,.F.);
#6857 = EDGE_CURVE('',#3196,#4637,#6858,.T.);
#6858 = LINE('',#6859,#6860);
#6859 = CARTESIAN_POINT('',(32.7,35.431370849899,0.));
#6860 = VECTOR('',#6861,1.);
#6861 = DIRECTION('',(-0.,-0.,-1.));
#6862 = CYLINDRICAL_SURFACE('',#6863,0.8);
#6863 = AXIS2_PLACEMENT_3D('',#6864,#6865,#6866);
#6864 = CARTESIAN_POINT('',(32.134314575051,34.865685424949,0.));
#6865 = DIRECTION('',(0.,0.,1.));
#6866 = DIRECTION('',(1.,0.,0.));
#6867 = ADVANCED_FACE('',(#6868),#6879,.F.);
#6868 = FACE_BOUND('',#6869,.F.);
#6869 = EDGE_LOOP('',(#6870,#6871,#6872,#6878));
#6870 = ORIENTED_EDGE('',*,*,#6850,.F.);
#6871 = ORIENTED_EDGE('',*,*,#3204,.T.);
#6872 = ORIENTED_EDGE('',*,*,#6873,.T.);
#6873 = EDGE_CURVE('',#3205,#4646,#6874,.T.);
#6874 = LINE('',#6875,#6876);
#6875 = CARTESIAN_POINT('',(25.431370849899,34.300000000001,0.));
#6876 = VECTOR('',#6877,1.);
#6877 = DIRECTION('',(-0.,-0.,-1.));
#6878 = ORIENTED_EDGE('',*,*,#4645,.T.);
#6879 = PLANE('',#6880);
#6880 = AXIS2_PLACEMENT_3D('',#6881,#6882,#6883);
#6881 = CARTESIAN_POINT('',(28.5,34.3,-197.5731424055));
#6882 = DIRECTION('',(-1.0067E-13,-1.,-0.));
#6883 = DIRECTION('',(-1.,1.0067E-13,0.));
#6884 = ADVANCED_FACE('',(#6885),#6896,.F.);
#6885 = FACE_BOUND('',#6886,.F.);
#6886 = EDGE_LOOP('',(#6887,#6888,#6889,#6890));
#6887 = ORIENTED_EDGE('',*,*,#3263,.F.);
#6888 = ORIENTED_EDGE('',*,*,#6857,.T.);
#6889 = ORIENTED_EDGE('',*,*,#4696,.T.);
#6890 = ORIENTED_EDGE('',*,*,#6891,.F.);
#6891 = EDGE_CURVE('',#3255,#4688,#6892,.T.);
#6892 = LINE('',#6893,#6894);
#6893 = CARTESIAN_POINT('',(32.7,39.568629150102,0.));
#6894 = VECTOR('',#6895,1.);
#6895 = DIRECTION('',(-0.,-0.,-1.));
#6896 = PLANE('',#6897);
#6897 = AXIS2_PLACEMENT_3D('',#6898,#6899,#6900);
#6898 = CARTESIAN_POINT('',(32.7,35.431370849899,0.));
#6899 = DIRECTION('',(1.,0.,0.));
#6900 = DIRECTION('',(0.,1.,0.));
#6901 = ADVANCED_FACE('',(#6902),#6913,.F.);
#6902 = FACE_BOUND('',#6903,.F.);
#6903 = EDGE_LOOP('',(#6904,#6905,#6911,#6912));
#6904 = ORIENTED_EDGE('',*,*,#3212,.F.);
#6905 = ORIENTED_EDGE('',*,*,#6906,.T.);
#6906 = EDGE_CURVE('',#3213,#4654,#6907,.T.);
#6907 = LINE('',#6908,#6909);
#6908 = CARTESIAN_POINT('',(24.3,35.431370849899,0.));
#6909 = VECTOR('',#6910,1.);
#6910 = DIRECTION('',(-0.,-0.,-1.));
#6911 = ORIENTED_EDGE('',*,*,#4653,.T.);
#6912 = ORIENTED_EDGE('',*,*,#6873,.F.);
#6913 = CYLINDRICAL_SURFACE('',#6914,0.8);
#6914 = AXIS2_PLACEMENT_3D('',#6915,#6916,#6917);
#6915 = CARTESIAN_POINT('',(24.865685424949,34.865685424949,0.));
#6916 = DIRECTION('',(0.,0.,1.));
#6917 = DIRECTION('',(1.,0.,0.));
#6918 = ADVANCED_FACE('',(#6919),#6930,.F.);
#6919 = FACE_BOUND('',#6920,.F.);
#6920 = EDGE_LOOP('',(#6921,#6922,#6923,#6924));
#6921 = ORIENTED_EDGE('',*,*,#3254,.F.);
#6922 = ORIENTED_EDGE('',*,*,#6891,.T.);
#6923 = ORIENTED_EDGE('',*,*,#4687,.T.);
#6924 = ORIENTED_EDGE('',*,*,#6925,.F.);
#6925 = EDGE_CURVE('',#3247,#4680,#6926,.T.);
#6926 = LINE('',#6927,#6928);
#6927 = CARTESIAN_POINT('',(31.568629150102,40.7,0.));
#6928 = VECTOR('',#6929,1.);
#6929 = DIRECTION('',(-0.,-0.,-1.));
#6930 = CYLINDRICAL_SURFACE('',#6931,0.8);
#6931 = AXIS2_PLACEMENT_3D('',#6932,#6933,#6934);
#6932 = CARTESIAN_POINT('',(32.134314575051,40.134314575051,0.));
#6933 = DIRECTION('',(0.,0.,1.));
#6934 = DIRECTION('',(1.,0.,0.));
#6935 = ADVANCED_FACE('',(#6936),#6947,.F.);
#6936 = FACE_BOUND('',#6937,.F.);
#6937 = EDGE_LOOP('',(#6938,#6939,#6945,#6946));
#6938 = ORIENTED_EDGE('',*,*,#3221,.F.);
#6939 = ORIENTED_EDGE('',*,*,#6940,.T.);
#6940 = EDGE_CURVE('',#3222,#4663,#6941,.T.);
#6941 = LINE('',#6942,#6943);
#6942 = CARTESIAN_POINT('',(24.3,39.568629150101,0.));
#6943 = VECTOR('',#6944,1.);
#6944 = DIRECTION('',(-0.,-0.,-1.));
#6945 = ORIENTED_EDGE('',*,*,#4662,.T.);
#6946 = ORIENTED_EDGE('',*,*,#6906,.F.);
#6947 = PLANE('',#6948);
#6948 = AXIS2_PLACEMENT_3D('',#6949,#6950,#6951);
#6949 = CARTESIAN_POINT('',(24.3,39.568629150101,0.));
#6950 = DIRECTION('',(-1.,0.,0.));
#6951 = DIRECTION('',(0.,-1.,0.));
#6952 = ADVANCED_FACE('',(#6953),#6965,.F.);
#6953 = FACE_BOUND('',#6954,.F.);
#6954 = EDGE_LOOP('',(#6955,#6956,#6957,#6958,#6964));
#6955 = ORIENTED_EDGE('',*,*,#3246,.T.);
#6956 = ORIENTED_EDGE('',*,*,#6925,.T.);
#6957 = ORIENTED_EDGE('',*,*,#4679,.T.);
#6958 = ORIENTED_EDGE('',*,*,#6959,.F.);
#6959 = EDGE_CURVE('',#3230,#4671,#6960,.T.);
#6960 = LINE('',#6961,#6962);
#6961 = CARTESIAN_POINT('',(25.431370849899,40.699999999999,0.));
#6962 = VECTOR('',#6963,1.);
#6963 = DIRECTION('',(-0.,-0.,-1.));
#6964 = ORIENTED_EDGE('',*,*,#3238,.F.);
#6965 = PLANE('',#6966);
#6966 = AXIS2_PLACEMENT_3D('',#6967,#6968,#6969);
#6967 = CARTESIAN_POINT('',(28.5,40.699999999999,-197.5731424055));
#6968 = DIRECTION('',(-1.5886E-13,1.,0.));
#6969 = DIRECTION('',(1.,1.5886E-13,0.));
#6970 = ADVANCED_FACE('',(#6971),#6977,.F.);
#6971 = FACE_BOUND('',#6972,.F.);
#6972 = EDGE_LOOP('',(#6973,#6974,#6975,#6976));
#6973 = ORIENTED_EDGE('',*,*,#3229,.F.);
#6974 = ORIENTED_EDGE('',*,*,#6959,.T.);
#6975 = ORIENTED_EDGE('',*,*,#4670,.T.);
#6976 = ORIENTED_EDGE('',*,*,#6940,.F.);
#6977 = CYLINDRICAL_SURFACE('',#6978,0.8);
#6978 = AXIS2_PLACEMENT_3D('',#6979,#6980,#6981);
#6979 = CARTESIAN_POINT('',(24.865685424949,40.134314575051,0.));
#6980 = DIRECTION('',(0.,0.,1.));
#6981 = DIRECTION('',(1.,0.,0.));
#6982 = ADVANCED_FACE('',(#6983),#6999,.F.);
#6983 = FACE_BOUND('',#6984,.F.);
#6984 = EDGE_LOOP('',(#6985,#6986,#6992,#6993));
#6985 = ORIENTED_EDGE('',*,*,#3271,.F.);
#6986 = ORIENTED_EDGE('',*,*,#6987,.T.);
#6987 = EDGE_CURVE('',#3272,#4705,#6988,.T.);
#6988 = LINE('',#6989,#6990);
#6989 = CARTESIAN_POINT('',(48.568629150102,35.8,0.));
#6990 = VECTOR('',#6991,1.);
#6991 = DIRECTION('',(-0.,-0.,-1.));
#6992 = ORIENTED_EDGE('',*,*,#4704,.T.);
#6993 = ORIENTED_EDGE('',*,*,#6994,.F.);
#6994 = EDGE_CURVE('',#3274,#4707,#6995,.T.);
#6995 = LINE('',#6996,#6997);
#6996 = CARTESIAN_POINT('',(49.7,36.931370849898,0.));
#6997 = VECTOR('',#6998,1.);
#6998 = DIRECTION('',(-0.,-0.,-1.));
#6999 = CYLINDRICAL_SURFACE('',#7000,0.8);
#7000 = AXIS2_PLACEMENT_3D('',#7001,#7002,#7003);
#7001 = CARTESIAN_POINT('',(49.134314575051,36.365685424949,0.));
#7002 = DIRECTION('',(0.,0.,1.));
#7003 = DIRECTION('',(1.,0.,0.));
#7004 = ADVANCED_FACE('',(#7005),#7016,.T.);
#7005 = FACE_BOUND('',#7006,.T.);
#7006 = EDGE_LOOP('',(#7007,#7008,#7014,#7015));
#7007 = ORIENTED_EDGE('',*,*,#3333,.F.);
#7008 = ORIENTED_EDGE('',*,*,#7009,.T.);
#7009 = EDGE_CURVE('',#3325,#4758,#7010,.T.);
#7010 = LINE('',#7011,#7012);
#7011 = CARTESIAN_POINT('',(49.7,38.068629150102,0.));
#7012 = VECTOR('',#7013,1.);
#7013 = DIRECTION('',(-0.,-0.,-1.));
#7014 = ORIENTED_EDGE('',*,*,#4766,.T.);
#7015 = ORIENTED_EDGE('',*,*,#6994,.F.);
#7016 = PLANE('',#7017);
#7017 = AXIS2_PLACEMENT_3D('',#7018,#7019,#7020);
#7018 = CARTESIAN_POINT('',(49.7,38.068629150102,0.));
#7019 = DIRECTION('',(-1.,-3.12E-15,0.));
#7020 = DIRECTION('',(3.12E-15,-1.,0.));
#7021 = ADVANCED_FACE('',(#7022),#7033,.F.);
#7022 = FACE_BOUND('',#7023,.F.);
#7023 = EDGE_LOOP('',(#7024,#7025,#7026,#7027));
#7024 = ORIENTED_EDGE('',*,*,#3324,.F.);
#7025 = ORIENTED_EDGE('',*,*,#7009,.T.);
#7026 = ORIENTED_EDGE('',*,*,#4757,.T.);
#7027 = ORIENTED_EDGE('',*,*,#7028,.F.);
#7028 = EDGE_CURVE('',#3317,#4750,#7029,.T.);
#7029 = LINE('',#7030,#7031);
#7030 = CARTESIAN_POINT('',(48.568629150102,39.2,0.));
#7031 = VECTOR('',#7032,1.);
#7032 = DIRECTION('',(-0.,-0.,-1.));
#7033 = CYLINDRICAL_SURFACE('',#7034,0.8);
#7034 = AXIS2_PLACEMENT_3D('',#7035,#7036,#7037);
#7035 = CARTESIAN_POINT('',(49.134314575051,38.634314575051,0.));
#7036 = DIRECTION('',(0.,0.,1.));
#7037 = DIRECTION('',(1.,0.,0.));
#7038 = ADVANCED_FACE('',(#7039),#7050,.F.);
#7039 = FACE_BOUND('',#7040,.F.);
#7040 = EDGE_LOOP('',(#7041,#7042,#7043,#7044));
#7041 = ORIENTED_EDGE('',*,*,#3316,.T.);
#7042 = ORIENTED_EDGE('',*,*,#7028,.T.);
#7043 = ORIENTED_EDGE('',*,*,#4749,.T.);
#7044 = ORIENTED_EDGE('',*,*,#7045,.F.);
#7045 = EDGE_CURVE('',#3308,#4741,#7046,.T.);
#7046 = LINE('',#7047,#7048);
#7047 = CARTESIAN_POINT('',(39.431370849899,39.2,0.));
#7048 = VECTOR('',#7049,1.);
#7049 = DIRECTION('',(-0.,-0.,-1.));
#7050 = PLANE('',#7051);
#7051 = AXIS2_PLACEMENT_3D('',#7052,#7053,#7054);
#7052 = CARTESIAN_POINT('',(44.,39.2,-197.5731424055));
#7053 = DIRECTION('',(-7.7E-16,1.,0.));
#7054 = DIRECTION('',(1.,7.7E-16,0.));
#7055 = ADVANCED_FACE('',(#7056),#7067,.F.);
#7056 = FACE_BOUND('',#7057,.F.);
#7057 = EDGE_LOOP('',(#7058,#7059,#7060,#7061));
#7058 = ORIENTED_EDGE('',*,*,#3307,.F.);
#7059 = ORIENTED_EDGE('',*,*,#7045,.T.);
#7060 = ORIENTED_EDGE('',*,*,#4740,.T.);
#7061 = ORIENTED_EDGE('',*,*,#7062,.F.);
#7062 = EDGE_CURVE('',#3300,#4733,#7063,.T.);
#7063 = LINE('',#7064,#7065);
#7064 = CARTESIAN_POINT('',(38.3,38.068629150101,0.));
#7065 = VECTOR('',#7066,1.);
#7066 = DIRECTION('',(-0.,-0.,-1.));
#7067 = CYLINDRICAL_SURFACE('',#7068,0.8);
#7068 = AXIS2_PLACEMENT_3D('',#7069,#7070,#7071);
#7069 = CARTESIAN_POINT('',(38.865685424949,38.634314575051,0.));
#7070 = DIRECTION('',(0.,0.,1.));
#7071 = DIRECTION('',(1.,0.,0.));
#7072 = ADVANCED_FACE('',(#7073),#7084,.F.);
#7073 = FACE_BOUND('',#7074,.F.);
#7074 = EDGE_LOOP('',(#7075,#7076,#7077,#7078));
#7075 = ORIENTED_EDGE('',*,*,#3299,.F.);
#7076 = ORIENTED_EDGE('',*,*,#7062,.T.);
#7077 = ORIENTED_EDGE('',*,*,#4732,.T.);
#7078 = ORIENTED_EDGE('',*,*,#7079,.F.);
#7079 = EDGE_CURVE('',#3291,#4724,#7080,.T.);
#7080 = LINE('',#7081,#7082);
#7081 = CARTESIAN_POINT('',(38.3,36.931370849899,0.));
#7082 = VECTOR('',#7083,1.);
#7083 = DIRECTION('',(-0.,-0.,-1.));
#7084 = PLANE('',#7085);
#7085 = AXIS2_PLACEMENT_3D('',#7086,#7087,#7088);
#7086 = CARTESIAN_POINT('',(38.3,38.068629150101,0.));
#7087 = DIRECTION('',(-1.,0.,0.));
#7088 = DIRECTION('',(0.,-1.,0.));
#7089 = ADVANCED_FACE('',(#7090),#7101,.F.);
#7090 = FACE_BOUND('',#7091,.F.);
#7091 = EDGE_LOOP('',(#7092,#7093,#7094,#7095));
#7092 = ORIENTED_EDGE('',*,*,#3290,.F.);
#7093 = ORIENTED_EDGE('',*,*,#7079,.T.);
#7094 = ORIENTED_EDGE('',*,*,#4723,.T.);
#7095 = ORIENTED_EDGE('',*,*,#7096,.F.);
#7096 = EDGE_CURVE('',#3283,#4716,#7097,.T.);
#7097 = LINE('',#7098,#7099);
#7098 = CARTESIAN_POINT('',(39.431370849899,35.8,0.));
#7099 = VECTOR('',#7100,1.);
#7100 = DIRECTION('',(-0.,-0.,-1.));
#7101 = CYLINDRICAL_SURFACE('',#7102,0.8);
#7102 = AXIS2_PLACEMENT_3D('',#7103,#7104,#7105);
#7103 = CARTESIAN_POINT('',(38.865685424949,36.365685424949,0.));
#7104 = DIRECTION('',(0.,0.,1.));
#7105 = DIRECTION('',(1.,0.,0.));
#7106 = ADVANCED_FACE('',(#7107),#7113,.F.);
#7107 = FACE_BOUND('',#7108,.F.);
#7108 = EDGE_LOOP('',(#7109,#7110,#7111,#7112));
#7109 = ORIENTED_EDGE('',*,*,#6987,.F.);
#7110 = ORIENTED_EDGE('',*,*,#3282,.T.);
#7111 = ORIENTED_EDGE('',*,*,#7096,.T.);
#7112 = ORIENTED_EDGE('',*,*,#4715,.T.);
#7113 = PLANE('',#7114);
#7114 = AXIS2_PLACEMENT_3D('',#7115,#7116,#7117);
#7115 = CARTESIAN_POINT('',(44.,35.8,-197.5731424055));
#7116 = DIRECTION('',(-2.447E-14,-1.,-0.));
#7117 = DIRECTION('',(-1.,2.447E-14,0.));
#7118 = ADVANCED_FACE('',(#7119),#7135,.F.);
#7119 = FACE_BOUND('',#7120,.F.);
#7120 = EDGE_LOOP('',(#7121,#7122,#7128,#7129));
#7121 = ORIENTED_EDGE('',*,*,#3341,.F.);
#7122 = ORIENTED_EDGE('',*,*,#7123,.T.);
#7123 = EDGE_CURVE('',#3342,#4775,#7124,.T.);
#7124 = LINE('',#7125,#7126);
#7125 = CARTESIAN_POINT('',(17.568629150102,60.8,0.));
#7126 = VECTOR('',#7127,1.);
#7127 = DIRECTION('',(-0.,-0.,-1.));
#7128 = ORIENTED_EDGE('',*,*,#4774,.T.);
#7129 = ORIENTED_EDGE('',*,*,#7130,.F.);
#7130 = EDGE_CURVE('',#3344,#4777,#7131,.T.);
#7131 = LINE('',#7132,#7133);
#7132 = CARTESIAN_POINT('',(18.7,61.931370849898,0.));
#7133 = VECTOR('',#7134,1.);
#7134 = DIRECTION('',(-0.,-0.,-1.));
#7135 = CYLINDRICAL_SURFACE('',#7136,0.8);
#7136 = AXIS2_PLACEMENT_3D('',#7137,#7138,#7139);
#7137 = CARTESIAN_POINT('',(18.134314575051,61.365685424949,0.));
#7138 = DIRECTION('',(0.,0.,1.));
#7139 = DIRECTION('',(1.,0.,0.));
#7140 = ADVANCED_FACE('',(#7141),#7152,.T.);
#7141 = FACE_BOUND('',#7142,.T.);
#7142 = EDGE_LOOP('',(#7143,#7144,#7150,#7151));
#7143 = ORIENTED_EDGE('',*,*,#3403,.F.);
#7144 = ORIENTED_EDGE('',*,*,#7145,.T.);
#7145 = EDGE_CURVE('',#3395,#4828,#7146,.T.);
#7146 = LINE('',#7147,#7148);
#7147 = CARTESIAN_POINT('',(18.7,63.068629150102,0.));
#7148 = VECTOR('',#7149,1.);
#7149 = DIRECTION('',(-0.,-0.,-1.));
#7150 = ORIENTED_EDGE('',*,*,#4836,.T.);
#7151 = ORIENTED_EDGE('',*,*,#7130,.F.);
#7152 = PLANE('',#7153);
#7153 = AXIS2_PLACEMENT_3D('',#7154,#7155,#7156);
#7154 = CARTESIAN_POINT('',(18.7,63.068629150102,0.));
#7155 = DIRECTION('',(-1.,-3.12E-15,0.));
#7156 = DIRECTION('',(3.12E-15,-1.,0.));
#7157 = ADVANCED_FACE('',(#7158),#7169,.F.);
#7158 = FACE_BOUND('',#7159,.F.);
#7159 = EDGE_LOOP('',(#7160,#7161,#7162,#7163));
#7160 = ORIENTED_EDGE('',*,*,#3394,.F.);
#7161 = ORIENTED_EDGE('',*,*,#7145,.T.);
#7162 = ORIENTED_EDGE('',*,*,#4827,.T.);
#7163 = ORIENTED_EDGE('',*,*,#7164,.F.);
#7164 = EDGE_CURVE('',#3387,#4820,#7165,.T.);
#7165 = LINE('',#7166,#7167);
#7166 = CARTESIAN_POINT('',(17.568629150102,64.2,0.));
#7167 = VECTOR('',#7168,1.);
#7168 = DIRECTION('',(-0.,-0.,-1.));
#7169 = CYLINDRICAL_SURFACE('',#7170,0.8);
#7170 = AXIS2_PLACEMENT_3D('',#7171,#7172,#7173);
#7171 = CARTESIAN_POINT('',(18.134314575051,63.634314575051,0.));
#7172 = DIRECTION('',(0.,0.,1.));
#7173 = DIRECTION('',(1.,0.,0.));
#7174 = ADVANCED_FACE('',(#7175),#7186,.F.);
#7175 = FACE_BOUND('',#7176,.F.);
#7176 = EDGE_LOOP('',(#7177,#7178,#7179,#7180));
#7177 = ORIENTED_EDGE('',*,*,#3386,.T.);
#7178 = ORIENTED_EDGE('',*,*,#7164,.T.);
#7179 = ORIENTED_EDGE('',*,*,#4819,.T.);
#7180 = ORIENTED_EDGE('',*,*,#7181,.F.);
#7181 = EDGE_CURVE('',#3378,#4811,#7182,.T.);
#7182 = LINE('',#7183,#7184);
#7183 = CARTESIAN_POINT('',(8.431370849899,64.2,0.));
#7184 = VECTOR('',#7185,1.);
#7185 = DIRECTION('',(-0.,-0.,-1.));
#7186 = PLANE('',#7187);
#7187 = AXIS2_PLACEMENT_3D('',#7188,#7189,#7190);
#7188 = CARTESIAN_POINT('',(13.,64.2,-197.5731424055));
#7189 = DIRECTION('',(-7.7E-16,1.,0.));
#7190 = DIRECTION('',(1.,7.7E-16,0.));
#7191 = ADVANCED_FACE('',(#7192),#7203,.F.);
#7192 = FACE_BOUND('',#7193,.F.);
#7193 = EDGE_LOOP('',(#7194,#7195,#7196,#7197));
#7194 = ORIENTED_EDGE('',*,*,#3377,.F.);
#7195 = ORIENTED_EDGE('',*,*,#7181,.T.);
#7196 = ORIENTED_EDGE('',*,*,#4810,.T.);
#7197 = ORIENTED_EDGE('',*,*,#7198,.F.);
#7198 = EDGE_CURVE('',#3370,#4803,#7199,.T.);
#7199 = LINE('',#7200,#7201);
#7200 = CARTESIAN_POINT('',(7.3,63.068629150101,0.));
#7201 = VECTOR('',#7202,1.);
#7202 = DIRECTION('',(-0.,-0.,-1.));
#7203 = CYLINDRICAL_SURFACE('',#7204,0.8);
#7204 = AXIS2_PLACEMENT_3D('',#7205,#7206,#7207);
#7205 = CARTESIAN_POINT('',(7.865685424949,63.634314575051,0.));
#7206 = DIRECTION('',(0.,0.,1.));
#7207 = DIRECTION('',(1.,0.,0.));
#7208 = ADVANCED_FACE('',(#7209),#7220,.F.);
#7209 = FACE_BOUND('',#7210,.F.);
#7210 = EDGE_LOOP('',(#7211,#7212,#7213,#7214));
#7211 = ORIENTED_EDGE('',*,*,#3369,.F.);
#7212 = ORIENTED_EDGE('',*,*,#7198,.T.);
#7213 = ORIENTED_EDGE('',*,*,#4802,.T.);
#7214 = ORIENTED_EDGE('',*,*,#7215,.F.);
#7215 = EDGE_CURVE('',#3361,#4794,#7216,.T.);
#7216 = LINE('',#7217,#7218);
#7217 = CARTESIAN_POINT('',(7.3,61.931370849899,0.));
#7218 = VECTOR('',#7219,1.);
#7219 = DIRECTION('',(-0.,-0.,-1.));
#7220 = PLANE('',#7221);
#7221 = AXIS2_PLACEMENT_3D('',#7222,#7223,#7224);
#7222 = CARTESIAN_POINT('',(7.3,63.068629150101,0.));
#7223 = DIRECTION('',(-1.,0.,0.));
#7224 = DIRECTION('',(0.,-1.,0.));
#7225 = ADVANCED_FACE('',(#7226),#7237,.F.);
#7226 = FACE_BOUND('',#7227,.F.);
#7227 = EDGE_LOOP('',(#7228,#7229,#7230,#7231));
#7228 = ORIENTED_EDGE('',*,*,#3360,.F.);
#7229 = ORIENTED_EDGE('',*,*,#7215,.T.);
#7230 = ORIENTED_EDGE('',*,*,#4793,.T.);
#7231 = ORIENTED_EDGE('',*,*,#7232,.F.);
#7232 = EDGE_CURVE('',#3353,#4786,#7233,.T.);
#7233 = LINE('',#7234,#7235);
#7234 = CARTESIAN_POINT('',(8.431370849899,60.8,0.));
#7235 = VECTOR('',#7236,1.);
#7236 = DIRECTION('',(-0.,-0.,-1.));
#7237 = CYLINDRICAL_SURFACE('',#7238,0.8);
#7238 = AXIS2_PLACEMENT_3D('',#7239,#7240,#7241);
#7239 = CARTESIAN_POINT('',(7.865685424949,61.365685424949,0.));
#7240 = DIRECTION('',(0.,0.,1.));
#7241 = DIRECTION('',(1.,0.,0.));
#7242 = ADVANCED_FACE('',(#7243),#7249,.F.);
#7243 = FACE_BOUND('',#7244,.F.);
#7244 = EDGE_LOOP('',(#7245,#7246,#7247,#7248));
#7245 = ORIENTED_EDGE('',*,*,#7123,.F.);
#7246 = ORIENTED_EDGE('',*,*,#3352,.T.);
#7247 = ORIENTED_EDGE('',*,*,#7232,.T.);
#7248 = ORIENTED_EDGE('',*,*,#4785,.T.);
#7249 = PLANE('',#7250);
#7250 = AXIS2_PLACEMENT_3D('',#7251,#7252,#7253);
#7251 = CARTESIAN_POINT('',(13.,60.8,-197.5731424055));
#7252 = DIRECTION('',(-2.447E-14,-1.,-0.));
#7253 = DIRECTION('',(-1.,2.447E-14,0.));
#7254 = ADVANCED_FACE('',(#7255),#7271,.F.);
#7255 = FACE_BOUND('',#7256,.F.);
#7256 = EDGE_LOOP('',(#7257,#7258,#7264,#7265));
#7257 = ORIENTED_EDGE('',*,*,#3411,.F.);
#7258 = ORIENTED_EDGE('',*,*,#7259,.T.);
#7259 = EDGE_CURVE('',#3412,#4845,#7260,.T.);
#7260 = LINE('',#7261,#7262);
#7261 = CARTESIAN_POINT('',(48.568629150102,60.8,0.));
#7262 = VECTOR('',#7263,1.);
#7263 = DIRECTION('',(-0.,-0.,-1.));
#7264 = ORIENTED_EDGE('',*,*,#4844,.T.);
#7265 = ORIENTED_EDGE('',*,*,#7266,.F.);
#7266 = EDGE_CURVE('',#3414,#4847,#7267,.T.);
#7267 = LINE('',#7268,#7269);
#7268 = CARTESIAN_POINT('',(49.7,61.931370849898,0.));
#7269 = VECTOR('',#7270,1.);
#7270 = DIRECTION('',(-0.,-0.,-1.));
#7271 = CYLINDRICAL_SURFACE('',#7272,0.8);
#7272 = AXIS2_PLACEMENT_3D('',#7273,#7274,#7275);
#7273 = CARTESIAN_POINT('',(49.134314575051,61.365685424949,0.));
#7274 = DIRECTION('',(0.,0.,1.));
#7275 = DIRECTION('',(1.,0.,0.));
#7276 = ADVANCED_FACE('',(#7277),#7288,.T.);
#7277 = FACE_BOUND('',#7278,.T.);
#7278 = EDGE_LOOP('',(#7279,#7280,#7286,#7287));
#7279 = ORIENTED_EDGE('',*,*,#3473,.F.);
#7280 = ORIENTED_EDGE('',*,*,#7281,.T.);
#7281 = EDGE_CURVE('',#3465,#4898,#7282,.T.);
#7282 = LINE('',#7283,#7284);
#7283 = CARTESIAN_POINT('',(49.7,63.068629150102,0.));
#7284 = VECTOR('',#7285,1.);
#7285 = DIRECTION('',(-0.,-0.,-1.));
#7286 = ORIENTED_EDGE('',*,*,#4906,.T.);
#7287 = ORIENTED_EDGE('',*,*,#7266,.F.);
#7288 = PLANE('',#7289);
#7289 = AXIS2_PLACEMENT_3D('',#7290,#7291,#7292);
#7290 = CARTESIAN_POINT('',(49.7,63.068629150102,0.));
#7291 = DIRECTION('',(-1.,-3.12E-15,0.));
#7292 = DIRECTION('',(3.12E-15,-1.,0.));
#7293 = ADVANCED_FACE('',(#7294),#7305,.F.);
#7294 = FACE_BOUND('',#7295,.F.);
#7295 = EDGE_LOOP('',(#7296,#7297,#7298,#7299));
#7296 = ORIENTED_EDGE('',*,*,#3464,.F.);
#7297 = ORIENTED_EDGE('',*,*,#7281,.T.);
#7298 = ORIENTED_EDGE('',*,*,#4897,.T.);
#7299 = ORIENTED_EDGE('',*,*,#7300,.F.);
#7300 = EDGE_CURVE('',#3457,#4890,#7301,.T.);
#7301 = LINE('',#7302,#7303);
#7302 = CARTESIAN_POINT('',(48.568629150102,64.2,0.));
#7303 = VECTOR('',#7304,1.);
#7304 = DIRECTION('',(-0.,-0.,-1.));
#7305 = CYLINDRICAL_SURFACE('',#7306,0.8);
#7306 = AXIS2_PLACEMENT_3D('',#7307,#7308,#7309);
#7307 = CARTESIAN_POINT('',(49.134314575051,63.634314575051,0.));
#7308 = DIRECTION('',(0.,0.,1.));
#7309 = DIRECTION('',(1.,0.,0.));
#7310 = ADVANCED_FACE('',(#7311),#7322,.F.);
#7311 = FACE_BOUND('',#7312,.F.);
#7312 = EDGE_LOOP('',(#7313,#7314,#7315,#7316));
#7313 = ORIENTED_EDGE('',*,*,#3456,.T.);
#7314 = ORIENTED_EDGE('',*,*,#7300,.T.);
#7315 = ORIENTED_EDGE('',*,*,#4889,.T.);
#7316 = ORIENTED_EDGE('',*,*,#7317,.F.);
#7317 = EDGE_CURVE('',#3448,#4881,#7318,.T.);
#7318 = LINE('',#7319,#7320);
#7319 = CARTESIAN_POINT('',(39.431370849899,64.2,0.));
#7320 = VECTOR('',#7321,1.);
#7321 = DIRECTION('',(-0.,-0.,-1.));
#7322 = PLANE('',#7323);
#7323 = AXIS2_PLACEMENT_3D('',#7324,#7325,#7326);
#7324 = CARTESIAN_POINT('',(44.,64.2,-197.5731424055));
#7325 = DIRECTION('',(-7.7E-16,1.,0.));
#7326 = DIRECTION('',(1.,7.7E-16,0.));
#7327 = ADVANCED_FACE('',(#7328),#7339,.F.);
#7328 = FACE_BOUND('',#7329,.F.);
#7329 = EDGE_LOOP('',(#7330,#7331,#7332,#7333));
#7330 = ORIENTED_EDGE('',*,*,#3447,.F.);
#7331 = ORIENTED_EDGE('',*,*,#7317,.T.);
#7332 = ORIENTED_EDGE('',*,*,#4880,.T.);
#7333 = ORIENTED_EDGE('',*,*,#7334,.F.);
#7334 = EDGE_CURVE('',#3440,#4873,#7335,.T.);
#7335 = LINE('',#7336,#7337);
#7336 = CARTESIAN_POINT('',(38.3,63.068629150101,0.));
#7337 = VECTOR('',#7338,1.);
#7338 = DIRECTION('',(-0.,-0.,-1.));
#7339 = CYLINDRICAL_SURFACE('',#7340,0.8);
#7340 = AXIS2_PLACEMENT_3D('',#7341,#7342,#7343);
#7341 = CARTESIAN_POINT('',(38.865685424949,63.634314575051,0.));
#7342 = DIRECTION('',(0.,0.,1.));
#7343 = DIRECTION('',(1.,0.,0.));
#7344 = ADVANCED_FACE('',(#7345),#7356,.F.);
#7345 = FACE_BOUND('',#7346,.F.);
#7346 = EDGE_LOOP('',(#7347,#7348,#7349,#7350));
#7347 = ORIENTED_EDGE('',*,*,#3439,.F.);
#7348 = ORIENTED_EDGE('',*,*,#7334,.T.);
#7349 = ORIENTED_EDGE('',*,*,#4872,.T.);
#7350 = ORIENTED_EDGE('',*,*,#7351,.F.);
#7351 = EDGE_CURVE('',#3431,#4864,#7352,.T.);
#7352 = LINE('',#7353,#7354);
#7353 = CARTESIAN_POINT('',(38.3,61.931370849899,0.));
#7354 = VECTOR('',#7355,1.);
#7355 = DIRECTION('',(-0.,-0.,-1.));
#7356 = PLANE('',#7357);
#7357 = AXIS2_PLACEMENT_3D('',#7358,#7359,#7360);
#7358 = CARTESIAN_POINT('',(38.3,63.068629150101,0.));
#7359 = DIRECTION('',(-1.,0.,0.));
#7360 = DIRECTION('',(0.,-1.,0.));
#7361 = ADVANCED_FACE('',(#7362),#7373,.F.);
#7362 = FACE_BOUND('',#7363,.F.);
#7363 = EDGE_LOOP('',(#7364,#7365,#7366,#7367));
#7364 = ORIENTED_EDGE('',*,*,#3430,.F.);
#7365 = ORIENTED_EDGE('',*,*,#7351,.T.);
#7366 = ORIENTED_EDGE('',*,*,#4863,.T.);
#7367 = ORIENTED_EDGE('',*,*,#7368,.F.);
#7368 = EDGE_CURVE('',#3423,#4856,#7369,.T.);
#7369 = LINE('',#7370,#7371);
#7370 = CARTESIAN_POINT('',(39.431370849899,60.8,0.));
#7371 = VECTOR('',#7372,1.);
#7372 = DIRECTION('',(-0.,-0.,-1.));
#7373 = CYLINDRICAL_SURFACE('',#7374,0.8);
#7374 = AXIS2_PLACEMENT_3D('',#7375,#7376,#7377);
#7375 = CARTESIAN_POINT('',(38.865685424949,61.365685424949,0.));
#7376 = DIRECTION('',(0.,0.,1.));
#7377 = DIRECTION('',(1.,0.,0.));
#7378 = ADVANCED_FACE('',(#7379),#7385,.F.);
#7379 = FACE_BOUND('',#7380,.F.);
#7380 = EDGE_LOOP('',(#7381,#7382,#7383,#7384));
#7381 = ORIENTED_EDGE('',*,*,#7259,.F.);
#7382 = ORIENTED_EDGE('',*,*,#3422,.T.);
#7383 = ORIENTED_EDGE('',*,*,#7368,.T.);
#7384 = ORIENTED_EDGE('',*,*,#4855,.T.);
#7385 = PLANE('',#7386);
#7386 = AXIS2_PLACEMENT_3D('',#7387,#7388,#7389);
#7387 = CARTESIAN_POINT('',(44.,60.8,-197.5731424055));
#7388 = DIRECTION('',(-2.447E-14,-1.,-0.));
#7389 = DIRECTION('',(-1.,2.447E-14,0.));
#7390 = ADVANCED_FACE('',(#7391),#7407,.F.);
#7391 = FACE_BOUND('',#7392,.F.);
#7392 = EDGE_LOOP('',(#7393,#7394,#7400,#7401));
#7393 = ORIENTED_EDGE('',*,*,#3481,.F.);
#7394 = ORIENTED_EDGE('',*,*,#7395,.T.);
#7395 = EDGE_CURVE('',#3482,#4915,#7396,.T.);
#7396 = LINE('',#7397,#7398);
#7397 = CARTESIAN_POINT('',(62.568629150102,34.3,0.));
#7398 = VECTOR('',#7399,1.);
#7399 = DIRECTION('',(-0.,-0.,-1.));
#7400 = ORIENTED_EDGE('',*,*,#4914,.T.);
#7401 = ORIENTED_EDGE('',*,*,#7402,.F.);
#7402 = EDGE_CURVE('',#3484,#4917,#7403,.T.);
#7403 = LINE('',#7404,#7405);
#7404 = CARTESIAN_POINT('',(63.7,35.431370849899,0.));
#7405 = VECTOR('',#7406,1.);
#7406 = DIRECTION('',(-0.,-0.,-1.));
#7407 = CYLINDRICAL_SURFACE('',#7408,0.8);
#7408 = AXIS2_PLACEMENT_3D('',#7409,#7410,#7411);
#7409 = CARTESIAN_POINT('',(63.134314575051,34.865685424949,0.));
#7410 = DIRECTION('',(0.,0.,1.));
#7411 = DIRECTION('',(1.,0.,0.));
#7412 = ADVANCED_FACE('',(#7413),#7424,.F.);
#7413 = FACE_BOUND('',#7414,.F.);
#7414 = EDGE_LOOP('',(#7415,#7416,#7417,#7423));
#7415 = ORIENTED_EDGE('',*,*,#7395,.F.);
#7416 = ORIENTED_EDGE('',*,*,#3492,.T.);
#7417 = ORIENTED_EDGE('',*,*,#7418,.T.);
#7418 = EDGE_CURVE('',#3493,#4926,#7419,.T.);
#7419 = LINE('',#7420,#7421);
#7420 = CARTESIAN_POINT('',(56.431370849899,34.300000000001,0.));
#7421 = VECTOR('',#7422,1.);
#7422 = DIRECTION('',(-0.,-0.,-1.));
#7423 = ORIENTED_EDGE('',*,*,#4925,.T.);
#7424 = PLANE('',#7425);
#7425 = AXIS2_PLACEMENT_3D('',#7426,#7427,#7428);
#7426 = CARTESIAN_POINT('',(59.5,34.3,-197.5731424055));
#7427 = DIRECTION('',(-1.0067E-13,-1.,-0.));
#7428 = DIRECTION('',(-1.,1.0067E-13,0.));
#7429 = ADVANCED_FACE('',(#7430),#7441,.F.);
#7430 = FACE_BOUND('',#7431,.F.);
#7431 = EDGE_LOOP('',(#7432,#7433,#7434,#7435));
#7432 = ORIENTED_EDGE('',*,*,#3551,.F.);
#7433 = ORIENTED_EDGE('',*,*,#7402,.T.);
#7434 = ORIENTED_EDGE('',*,*,#4976,.T.);
#7435 = ORIENTED_EDGE('',*,*,#7436,.F.);
#7436 = EDGE_CURVE('',#3543,#4968,#7437,.T.);
#7437 = LINE('',#7438,#7439);
#7438 = CARTESIAN_POINT('',(63.7,39.568629150102,0.));
#7439 = VECTOR('',#7440,1.);
#7440 = DIRECTION('',(-0.,-0.,-1.));
#7441 = PLANE('',#7442);
#7442 = AXIS2_PLACEMENT_3D('',#7443,#7444,#7445);
#7443 = CARTESIAN_POINT('',(63.7,35.431370849899,0.));
#7444 = DIRECTION('',(1.,0.,0.));
#7445 = DIRECTION('',(0.,1.,0.));
#7446 = ADVANCED_FACE('',(#7447),#7458,.F.);
#7447 = FACE_BOUND('',#7448,.F.);
#7448 = EDGE_LOOP('',(#7449,#7450,#7456,#7457));
#7449 = ORIENTED_EDGE('',*,*,#3500,.F.);
#7450 = ORIENTED_EDGE('',*,*,#7451,.T.);
#7451 = EDGE_CURVE('',#3501,#4934,#7452,.T.);
#7452 = LINE('',#7453,#7454);
#7453 = CARTESIAN_POINT('',(55.3,35.431370849899,0.));
#7454 = VECTOR('',#7455,1.);
#7455 = DIRECTION('',(-0.,-0.,-1.));
#7456 = ORIENTED_EDGE('',*,*,#4933,.T.);
#7457 = ORIENTED_EDGE('',*,*,#7418,.F.);
#7458 = CYLINDRICAL_SURFACE('',#7459,0.8);
#7459 = AXIS2_PLACEMENT_3D('',#7460,#7461,#7462);
#7460 = CARTESIAN_POINT('',(55.865685424949,34.865685424949,0.));
#7461 = DIRECTION('',(0.,0.,1.));
#7462 = DIRECTION('',(1.,0.,0.));
#7463 = ADVANCED_FACE('',(#7464),#7475,.F.);
#7464 = FACE_BOUND('',#7465,.F.);
#7465 = EDGE_LOOP('',(#7466,#7467,#7468,#7469));
#7466 = ORIENTED_EDGE('',*,*,#3542,.F.);
#7467 = ORIENTED_EDGE('',*,*,#7436,.T.);
#7468 = ORIENTED_EDGE('',*,*,#4967,.T.);
#7469 = ORIENTED_EDGE('',*,*,#7470,.F.);
#7470 = EDGE_CURVE('',#3535,#4960,#7471,.T.);
#7471 = LINE('',#7472,#7473);
#7472 = CARTESIAN_POINT('',(62.568629150102,40.7,0.));
#7473 = VECTOR('',#7474,1.);
#7474 = DIRECTION('',(-0.,-0.,-1.));
#7475 = CYLINDRICAL_SURFACE('',#7476,0.8);
#7476 = AXIS2_PLACEMENT_3D('',#7477,#7478,#7479);
#7477 = CARTESIAN_POINT('',(63.134314575051,40.134314575051,0.));
#7478 = DIRECTION('',(0.,0.,1.));
#7479 = DIRECTION('',(1.,0.,0.));
#7480 = ADVANCED_FACE('',(#7481),#7492,.F.);
#7481 = FACE_BOUND('',#7482,.F.);
#7482 = EDGE_LOOP('',(#7483,#7484,#7490,#7491));
#7483 = ORIENTED_EDGE('',*,*,#3509,.F.);
#7484 = ORIENTED_EDGE('',*,*,#7485,.T.);
#7485 = EDGE_CURVE('',#3510,#4943,#7486,.T.);
#7486 = LINE('',#7487,#7488);
#7487 = CARTESIAN_POINT('',(55.3,39.568629150101,0.));
#7488 = VECTOR('',#7489,1.);
#7489 = DIRECTION('',(-0.,-0.,-1.));
#7490 = ORIENTED_EDGE('',*,*,#4942,.T.);
#7491 = ORIENTED_EDGE('',*,*,#7451,.F.);
#7492 = PLANE('',#7493);
#7493 = AXIS2_PLACEMENT_3D('',#7494,#7495,#7496);
#7494 = CARTESIAN_POINT('',(55.3,39.568629150101,0.));
#7495 = DIRECTION('',(-1.,0.,0.));
#7496 = DIRECTION('',(0.,-1.,0.));
#7497 = ADVANCED_FACE('',(#7498),#7510,.F.);
#7498 = FACE_BOUND('',#7499,.F.);
#7499 = EDGE_LOOP('',(#7500,#7501,#7502,#7503,#7509));
#7500 = ORIENTED_EDGE('',*,*,#3534,.T.);
#7501 = ORIENTED_EDGE('',*,*,#7470,.T.);
#7502 = ORIENTED_EDGE('',*,*,#4959,.T.);
#7503 = ORIENTED_EDGE('',*,*,#7504,.F.);
#7504 = EDGE_CURVE('',#3518,#4951,#7505,.T.);
#7505 = LINE('',#7506,#7507);
#7506 = CARTESIAN_POINT('',(56.431370849899,40.699999999999,0.));
#7507 = VECTOR('',#7508,1.);
#7508 = DIRECTION('',(-0.,-0.,-1.));
#7509 = ORIENTED_EDGE('',*,*,#3526,.F.);
#7510 = PLANE('',#7511);
#7511 = AXIS2_PLACEMENT_3D('',#7512,#7513,#7514);
#7512 = CARTESIAN_POINT('',(59.5,40.699999999999,-197.5731424055));
#7513 = DIRECTION('',(-1.5886E-13,1.,0.));
#7514 = DIRECTION('',(1.,1.5886E-13,0.));
#7515 = ADVANCED_FACE('',(#7516),#7522,.F.);
#7516 = FACE_BOUND('',#7517,.F.);
#7517 = EDGE_LOOP('',(#7518,#7519,#7520,#7521));
#7518 = ORIENTED_EDGE('',*,*,#3517,.F.);
#7519 = ORIENTED_EDGE('',*,*,#7504,.T.);
#7520 = ORIENTED_EDGE('',*,*,#4950,.T.);
#7521 = ORIENTED_EDGE('',*,*,#7485,.F.);
#7522 = CYLINDRICAL_SURFACE('',#7523,0.8);
#7523 = AXIS2_PLACEMENT_3D('',#7524,#7525,#7526);
#7524 = CARTESIAN_POINT('',(55.865685424949,40.134314575051,0.));
#7525 = DIRECTION('',(0.,0.,1.));
#7526 = DIRECTION('',(1.,0.,0.));
#7527 = ADVANCED_FACE('',(#7528),#7544,.F.);
#7528 = FACE_BOUND('',#7529,.F.);
#7529 = EDGE_LOOP('',(#7530,#7531,#7537,#7538));
#7530 = ORIENTED_EDGE('',*,*,#3559,.F.);
#7531 = ORIENTED_EDGE('',*,*,#7532,.T.);
#7532 = EDGE_CURVE('',#3560,#4985,#7533,.T.);
#7533 = LINE('',#7534,#7535);
#7534 = CARTESIAN_POINT('',(79.568629150102,35.8,0.));
#7535 = VECTOR('',#7536,1.);
#7536 = DIRECTION('',(-0.,-0.,-1.));
#7537 = ORIENTED_EDGE('',*,*,#4984,.T.);
#7538 = ORIENTED_EDGE('',*,*,#7539,.F.);
#7539 = EDGE_CURVE('',#3562,#4987,#7540,.T.);
#7540 = LINE('',#7541,#7542);
#7541 = CARTESIAN_POINT('',(80.7,36.931370849898,0.));
#7542 = VECTOR('',#7543,1.);
#7543 = DIRECTION('',(-0.,-0.,-1.));
#7544 = CYLINDRICAL_SURFACE('',#7545,0.8);
#7545 = AXIS2_PLACEMENT_3D('',#7546,#7547,#7548);
#7546 = CARTESIAN_POINT('',(80.134314575051,36.365685424949,0.));
#7547 = DIRECTION('',(0.,0.,1.));
#7548 = DIRECTION('',(1.,0.,0.));
#7549 = ADVANCED_FACE('',(#7550),#7561,.T.);
#7550 = FACE_BOUND('',#7551,.T.);
#7551 = EDGE_LOOP('',(#7552,#7553,#7559,#7560));
#7552 = ORIENTED_EDGE('',*,*,#3621,.F.);
#7553 = ORIENTED_EDGE('',*,*,#7554,.T.);
#7554 = EDGE_CURVE('',#3613,#5038,#7555,.T.);
#7555 = LINE('',#7556,#7557);
#7556 = CARTESIAN_POINT('',(80.7,38.068629150102,0.));
#7557 = VECTOR('',#7558,1.);
#7558 = DIRECTION('',(-0.,-0.,-1.));
#7559 = ORIENTED_EDGE('',*,*,#5046,.T.);
#7560 = ORIENTED_EDGE('',*,*,#7539,.F.);
#7561 = PLANE('',#7562);
#7562 = AXIS2_PLACEMENT_3D('',#7563,#7564,#7565);
#7563 = CARTESIAN_POINT('',(80.7,38.068629150102,0.));
#7564 = DIRECTION('',(-1.,-3.12E-15,0.));
#7565 = DIRECTION('',(3.12E-15,-1.,0.));
#7566 = ADVANCED_FACE('',(#7567),#7578,.F.);
#7567 = FACE_BOUND('',#7568,.F.);
#7568 = EDGE_LOOP('',(#7569,#7570,#7571,#7572));
#7569 = ORIENTED_EDGE('',*,*,#3612,.F.);
#7570 = ORIENTED_EDGE('',*,*,#7554,.T.);
#7571 = ORIENTED_EDGE('',*,*,#5037,.T.);
#7572 = ORIENTED_EDGE('',*,*,#7573,.F.);
#7573 = EDGE_CURVE('',#3605,#5030,#7574,.T.);
#7574 = LINE('',#7575,#7576);
#7575 = CARTESIAN_POINT('',(79.568629150102,39.2,0.));
#7576 = VECTOR('',#7577,1.);
#7577 = DIRECTION('',(-0.,-0.,-1.));
#7578 = CYLINDRICAL_SURFACE('',#7579,0.8);
#7579 = AXIS2_PLACEMENT_3D('',#7580,#7581,#7582);
#7580 = CARTESIAN_POINT('',(80.134314575051,38.634314575051,0.));
#7581 = DIRECTION('',(0.,0.,1.));
#7582 = DIRECTION('',(1.,0.,0.));
#7583 = ADVANCED_FACE('',(#7584),#7595,.F.);
#7584 = FACE_BOUND('',#7585,.F.);
#7585 = EDGE_LOOP('',(#7586,#7587,#7588,#7589));
#7586 = ORIENTED_EDGE('',*,*,#3604,.T.);
#7587 = ORIENTED_EDGE('',*,*,#7573,.T.);
#7588 = ORIENTED_EDGE('',*,*,#5029,.T.);
#7589 = ORIENTED_EDGE('',*,*,#7590,.F.);
#7590 = EDGE_CURVE('',#3596,#5021,#7591,.T.);
#7591 = LINE('',#7592,#7593);
#7592 = CARTESIAN_POINT('',(70.431370849898,39.2,0.));
#7593 = VECTOR('',#7594,1.);
#7594 = DIRECTION('',(-0.,-0.,-1.));
#7595 = PLANE('',#7596);
#7596 = AXIS2_PLACEMENT_3D('',#7597,#7598,#7599);
#7597 = CARTESIAN_POINT('',(75.,39.2,-197.5731424055));
#7598 = DIRECTION('',(-7.7E-16,1.,0.));
#7599 = DIRECTION('',(1.,7.7E-16,0.));
#7600 = ADVANCED_FACE('',(#7601),#7612,.F.);
#7601 = FACE_BOUND('',#7602,.F.);
#7602 = EDGE_LOOP('',(#7603,#7604,#7605,#7606));
#7603 = ORIENTED_EDGE('',*,*,#3595,.F.);
#7604 = ORIENTED_EDGE('',*,*,#7590,.T.);
#7605 = ORIENTED_EDGE('',*,*,#5020,.T.);
#7606 = ORIENTED_EDGE('',*,*,#7607,.F.);
#7607 = EDGE_CURVE('',#3588,#5013,#7608,.T.);
#7608 = LINE('',#7609,#7610);
#7609 = CARTESIAN_POINT('',(69.3,38.068629150101,0.));
#7610 = VECTOR('',#7611,1.);
#7611 = DIRECTION('',(-0.,-0.,-1.));
#7612 = CYLINDRICAL_SURFACE('',#7613,0.8);
#7613 = AXIS2_PLACEMENT_3D('',#7614,#7615,#7616);
#7614 = CARTESIAN_POINT('',(69.865685424949,38.634314575051,0.));
#7615 = DIRECTION('',(0.,0.,1.));
#7616 = DIRECTION('',(1.,0.,0.));
#7617 = ADVANCED_FACE('',(#7618),#7629,.F.);
#7618 = FACE_BOUND('',#7619,.F.);
#7619 = EDGE_LOOP('',(#7620,#7621,#7622,#7623));
#7620 = ORIENTED_EDGE('',*,*,#3587,.F.);
#7621 = ORIENTED_EDGE('',*,*,#7607,.T.);
#7622 = ORIENTED_EDGE('',*,*,#5012,.T.);
#7623 = ORIENTED_EDGE('',*,*,#7624,.F.);
#7624 = EDGE_CURVE('',#3579,#5004,#7625,.T.);
#7625 = LINE('',#7626,#7627);
#7626 = CARTESIAN_POINT('',(69.3,36.931370849899,0.));
#7627 = VECTOR('',#7628,1.);
#7628 = DIRECTION('',(-0.,-0.,-1.));
#7629 = PLANE('',#7630);
#7630 = AXIS2_PLACEMENT_3D('',#7631,#7632,#7633);
#7631 = CARTESIAN_POINT('',(69.3,38.068629150101,0.));
#7632 = DIRECTION('',(-1.,0.,0.));
#7633 = DIRECTION('',(0.,-1.,0.));
#7634 = ADVANCED_FACE('',(#7635),#7646,.F.);
#7635 = FACE_BOUND('',#7636,.F.);
#7636 = EDGE_LOOP('',(#7637,#7638,#7639,#7640));
#7637 = ORIENTED_EDGE('',*,*,#3578,.F.);
#7638 = ORIENTED_EDGE('',*,*,#7624,.T.);
#7639 = ORIENTED_EDGE('',*,*,#5003,.T.);
#7640 = ORIENTED_EDGE('',*,*,#7641,.F.);
#7641 = EDGE_CURVE('',#3571,#4996,#7642,.T.);
#7642 = LINE('',#7643,#7644);
#7643 = CARTESIAN_POINT('',(70.431370849899,35.8,0.));
#7644 = VECTOR('',#7645,1.);
#7645 = DIRECTION('',(-0.,-0.,-1.));
#7646 = CYLINDRICAL_SURFACE('',#7647,0.8);
#7647 = AXIS2_PLACEMENT_3D('',#7648,#7649,#7650);
#7648 = CARTESIAN_POINT('',(69.865685424949,36.365685424949,0.));
#7649 = DIRECTION('',(0.,0.,1.));
#7650 = DIRECTION('',(1.,0.,0.));
#7651 = ADVANCED_FACE('',(#7652),#7658,.F.);
#7652 = FACE_BOUND('',#7653,.F.);
#7653 = EDGE_LOOP('',(#7654,#7655,#7656,#7657));
#7654 = ORIENTED_EDGE('',*,*,#7532,.F.);
#7655 = ORIENTED_EDGE('',*,*,#3570,.T.);
#7656 = ORIENTED_EDGE('',*,*,#7641,.T.);
#7657 = ORIENTED_EDGE('',*,*,#4995,.T.);
#7658 = PLANE('',#7659);
#7659 = AXIS2_PLACEMENT_3D('',#7660,#7661,#7662);
#7660 = CARTESIAN_POINT('',(75.,35.8,-197.5731424055));
#7661 = DIRECTION('',(-2.447E-14,-1.,-0.));
#7662 = DIRECTION('',(-1.,2.447E-14,0.));
#7663 = ADVANCED_FACE('',(#7664),#7680,.F.);
#7664 = FACE_BOUND('',#7665,.F.);
#7665 = EDGE_LOOP('',(#7666,#7667,#7673,#7674));
#7666 = ORIENTED_EDGE('',*,*,#3629,.F.);
#7667 = ORIENTED_EDGE('',*,*,#7668,.T.);
#7668 = EDGE_CURVE('',#3630,#5055,#7669,.T.);
#7669 = LINE('',#7670,#7671);
#7670 = CARTESIAN_POINT('',(93.568629150102,34.3,0.));
#7671 = VECTOR('',#7672,1.);
#7672 = DIRECTION('',(-0.,-0.,-1.));
#7673 = ORIENTED_EDGE('',*,*,#5054,.T.);
#7674 = ORIENTED_EDGE('',*,*,#7675,.F.);
#7675 = EDGE_CURVE('',#3632,#5057,#7676,.T.);
#7676 = LINE('',#7677,#7678);
#7677 = CARTESIAN_POINT('',(94.7,35.431370849899,0.));
#7678 = VECTOR('',#7679,1.);
#7679 = DIRECTION('',(-0.,-0.,-1.));
#7680 = CYLINDRICAL_SURFACE('',#7681,0.8);
#7681 = AXIS2_PLACEMENT_3D('',#7682,#7683,#7684);
#7682 = CARTESIAN_POINT('',(94.134314575051,34.865685424949,0.));
#7683 = DIRECTION('',(0.,0.,1.));
#7684 = DIRECTION('',(1.,0.,0.));
#7685 = ADVANCED_FACE('',(#7686),#7697,.F.);
#7686 = FACE_BOUND('',#7687,.F.);
#7687 = EDGE_LOOP('',(#7688,#7689,#7690,#7696));
#7688 = ORIENTED_EDGE('',*,*,#7668,.F.);
#7689 = ORIENTED_EDGE('',*,*,#3640,.T.);
#7690 = ORIENTED_EDGE('',*,*,#7691,.T.);
#7691 = EDGE_CURVE('',#3641,#5066,#7692,.T.);
#7692 = LINE('',#7693,#7694);
#7693 = CARTESIAN_POINT('',(87.431370849899,34.300000000001,0.));
#7694 = VECTOR('',#7695,1.);
#7695 = DIRECTION('',(-0.,-0.,-1.));
#7696 = ORIENTED_EDGE('',*,*,#5065,.T.);
#7697 = PLANE('',#7698);
#7698 = AXIS2_PLACEMENT_3D('',#7699,#7700,#7701);
#7699 = CARTESIAN_POINT('',(90.5,34.3,-197.5731424055));
#7700 = DIRECTION('',(-1.0067E-13,-1.,-0.));
#7701 = DIRECTION('',(-1.,1.0067E-13,0.));
#7702 = ADVANCED_FACE('',(#7703),#7714,.F.);
#7703 = FACE_BOUND('',#7704,.F.);
#7704 = EDGE_LOOP('',(#7705,#7706,#7707,#7708));
#7705 = ORIENTED_EDGE('',*,*,#3699,.F.);
#7706 = ORIENTED_EDGE('',*,*,#7675,.T.);
#7707 = ORIENTED_EDGE('',*,*,#5116,.T.);
#7708 = ORIENTED_EDGE('',*,*,#7709,.F.);
#7709 = EDGE_CURVE('',#3691,#5108,#7710,.T.);
#7710 = LINE('',#7711,#7712);
#7711 = CARTESIAN_POINT('',(94.7,39.568629150102,0.));
#7712 = VECTOR('',#7713,1.);
#7713 = DIRECTION('',(-0.,-0.,-1.));
#7714 = PLANE('',#7715);
#7715 = AXIS2_PLACEMENT_3D('',#7716,#7717,#7718);
#7716 = CARTESIAN_POINT('',(94.7,35.431370849899,0.));
#7717 = DIRECTION('',(1.,0.,0.));
#7718 = DIRECTION('',(0.,1.,0.));
#7719 = ADVANCED_FACE('',(#7720),#7731,.F.);
#7720 = FACE_BOUND('',#7721,.F.);
#7721 = EDGE_LOOP('',(#7722,#7723,#7729,#7730));
#7722 = ORIENTED_EDGE('',*,*,#3648,.F.);
#7723 = ORIENTED_EDGE('',*,*,#7724,.T.);
#7724 = EDGE_CURVE('',#3649,#5074,#7725,.T.);
#7725 = LINE('',#7726,#7727);
#7726 = CARTESIAN_POINT('',(86.3,35.431370849899,0.));
#7727 = VECTOR('',#7728,1.);
#7728 = DIRECTION('',(-0.,-0.,-1.));
#7729 = ORIENTED_EDGE('',*,*,#5073,.T.);
#7730 = ORIENTED_EDGE('',*,*,#7691,.F.);
#7731 = CYLINDRICAL_SURFACE('',#7732,0.8);
#7732 = AXIS2_PLACEMENT_3D('',#7733,#7734,#7735);
#7733 = CARTESIAN_POINT('',(86.865685424949,34.865685424949,0.));
#7734 = DIRECTION('',(0.,0.,1.));
#7735 = DIRECTION('',(1.,0.,0.));
#7736 = ADVANCED_FACE('',(#7737),#7748,.F.);
#7737 = FACE_BOUND('',#7738,.F.);
#7738 = EDGE_LOOP('',(#7739,#7740,#7741,#7742));
#7739 = ORIENTED_EDGE('',*,*,#3690,.F.);
#7740 = ORIENTED_EDGE('',*,*,#7709,.T.);
#7741 = ORIENTED_EDGE('',*,*,#5107,.T.);
#7742 = ORIENTED_EDGE('',*,*,#7743,.F.);
#7743 = EDGE_CURVE('',#3683,#5100,#7744,.T.);
#7744 = LINE('',#7745,#7746);
#7745 = CARTESIAN_POINT('',(93.568629150102,40.7,0.));
#7746 = VECTOR('',#7747,1.);
#7747 = DIRECTION('',(-0.,-0.,-1.));
#7748 = CYLINDRICAL_SURFACE('',#7749,0.8);
#7749 = AXIS2_PLACEMENT_3D('',#7750,#7751,#7752);
#7750 = CARTESIAN_POINT('',(94.134314575051,40.134314575051,0.));
#7751 = DIRECTION('',(0.,0.,1.));
#7752 = DIRECTION('',(1.,0.,0.));
#7753 = ADVANCED_FACE('',(#7754),#7765,.F.);
#7754 = FACE_BOUND('',#7755,.F.);
#7755 = EDGE_LOOP('',(#7756,#7757,#7763,#7764));
#7756 = ORIENTED_EDGE('',*,*,#3657,.F.);
#7757 = ORIENTED_EDGE('',*,*,#7758,.T.);
#7758 = EDGE_CURVE('',#3658,#5083,#7759,.T.);
#7759 = LINE('',#7760,#7761);
#7760 = CARTESIAN_POINT('',(86.3,39.568629150101,0.));
#7761 = VECTOR('',#7762,1.);
#7762 = DIRECTION('',(-0.,-0.,-1.));
#7763 = ORIENTED_EDGE('',*,*,#5082,.T.);
#7764 = ORIENTED_EDGE('',*,*,#7724,.F.);
#7765 = PLANE('',#7766);
#7766 = AXIS2_PLACEMENT_3D('',#7767,#7768,#7769);
#7767 = CARTESIAN_POINT('',(86.3,39.568629150101,0.));
#7768 = DIRECTION('',(-1.,0.,0.));
#7769 = DIRECTION('',(0.,-1.,0.));
#7770 = ADVANCED_FACE('',(#7771),#7783,.F.);
#7771 = FACE_BOUND('',#7772,.F.);
#7772 = EDGE_LOOP('',(#7773,#7774,#7775,#7776,#7782));
#7773 = ORIENTED_EDGE('',*,*,#3682,.T.);
#7774 = ORIENTED_EDGE('',*,*,#7743,.T.);
#7775 = ORIENTED_EDGE('',*,*,#5099,.T.);
#7776 = ORIENTED_EDGE('',*,*,#7777,.F.);
#7777 = EDGE_CURVE('',#3666,#5091,#7778,.T.);
#7778 = LINE('',#7779,#7780);
#7779 = CARTESIAN_POINT('',(87.431370849899,40.699999999999,0.));
#7780 = VECTOR('',#7781,1.);
#7781 = DIRECTION('',(-0.,-0.,-1.));
#7782 = ORIENTED_EDGE('',*,*,#3674,.F.);
#7783 = PLANE('',#7784);
#7784 = AXIS2_PLACEMENT_3D('',#7785,#7786,#7787);
#7785 = CARTESIAN_POINT('',(90.5,40.699999999999,-197.5731424055));
#7786 = DIRECTION('',(-1.5886E-13,1.,0.));
#7787 = DIRECTION('',(1.,1.5886E-13,0.));
#7788 = ADVANCED_FACE('',(#7789),#7795,.F.);
#7789 = FACE_BOUND('',#7790,.F.);
#7790 = EDGE_LOOP('',(#7791,#7792,#7793,#7794));
#7791 = ORIENTED_EDGE('',*,*,#3665,.F.);
#7792 = ORIENTED_EDGE('',*,*,#7777,.T.);
#7793 = ORIENTED_EDGE('',*,*,#5090,.T.);
#7794 = ORIENTED_EDGE('',*,*,#7758,.F.);
#7795 = CYLINDRICAL_SURFACE('',#7796,0.8);
#7796 = AXIS2_PLACEMENT_3D('',#7797,#7798,#7799);
#7797 = CARTESIAN_POINT('',(86.865685424949,40.134314575051,0.));
#7798 = DIRECTION('',(0.,0.,1.));
#7799 = DIRECTION('',(1.,0.,0.));
#7800 = ADVANCED_FACE('',(#7801),#7817,.F.);
#7801 = FACE_BOUND('',#7802,.F.);
#7802 = EDGE_LOOP('',(#7803,#7804,#7810,#7811));
#7803 = ORIENTED_EDGE('',*,*,#3707,.F.);
#7804 = ORIENTED_EDGE('',*,*,#7805,.T.);
#7805 = EDGE_CURVE('',#3708,#5125,#7806,.T.);
#7806 = LINE('',#7807,#7808);
#7807 = CARTESIAN_POINT('',(79.568629150102,60.8,0.));
#7808 = VECTOR('',#7809,1.);
#7809 = DIRECTION('',(-0.,-0.,-1.));
#7810 = ORIENTED_EDGE('',*,*,#5124,.T.);
#7811 = ORIENTED_EDGE('',*,*,#7812,.F.);
#7812 = EDGE_CURVE('',#3710,#5127,#7813,.T.);
#7813 = LINE('',#7814,#7815);
#7814 = CARTESIAN_POINT('',(80.7,61.931370849898,0.));
#7815 = VECTOR('',#7816,1.);
#7816 = DIRECTION('',(-0.,-0.,-1.));
#7817 = CYLINDRICAL_SURFACE('',#7818,0.8);
#7818 = AXIS2_PLACEMENT_3D('',#7819,#7820,#7821);
#7819 = CARTESIAN_POINT('',(80.134314575051,61.365685424949,0.));
#7820 = DIRECTION('',(0.,0.,1.));
#7821 = DIRECTION('',(1.,0.,0.));
#7822 = ADVANCED_FACE('',(#7823),#7834,.T.);
#7823 = FACE_BOUND('',#7824,.T.);
#7824 = EDGE_LOOP('',(#7825,#7826,#7832,#7833));
#7825 = ORIENTED_EDGE('',*,*,#3769,.F.);
#7826 = ORIENTED_EDGE('',*,*,#7827,.T.);
#7827 = EDGE_CURVE('',#3761,#5178,#7828,.T.);
#7828 = LINE('',#7829,#7830);
#7829 = CARTESIAN_POINT('',(80.7,63.068629150102,0.));
#7830 = VECTOR('',#7831,1.);
#7831 = DIRECTION('',(-0.,-0.,-1.));
#7832 = ORIENTED_EDGE('',*,*,#5186,.T.);
#7833 = ORIENTED_EDGE('',*,*,#7812,.F.);
#7834 = PLANE('',#7835);
#7835 = AXIS2_PLACEMENT_3D('',#7836,#7837,#7838);
#7836 = CARTESIAN_POINT('',(80.7,63.068629150102,0.));
#7837 = DIRECTION('',(-1.,-3.12E-15,0.));
#7838 = DIRECTION('',(3.12E-15,-1.,0.));
#7839 = ADVANCED_FACE('',(#7840),#7851,.F.);
#7840 = FACE_BOUND('',#7841,.F.);
#7841 = EDGE_LOOP('',(#7842,#7843,#7844,#7845));
#7842 = ORIENTED_EDGE('',*,*,#3760,.F.);
#7843 = ORIENTED_EDGE('',*,*,#7827,.T.);
#7844 = ORIENTED_EDGE('',*,*,#5177,.T.);
#7845 = ORIENTED_EDGE('',*,*,#7846,.F.);
#7846 = EDGE_CURVE('',#3753,#5170,#7847,.T.);
#7847 = LINE('',#7848,#7849);
#7848 = CARTESIAN_POINT('',(79.568629150102,64.2,0.));
#7849 = VECTOR('',#7850,1.);
#7850 = DIRECTION('',(-0.,-0.,-1.));
#7851 = CYLINDRICAL_SURFACE('',#7852,0.8);
#7852 = AXIS2_PLACEMENT_3D('',#7853,#7854,#7855);
#7853 = CARTESIAN_POINT('',(80.134314575051,63.634314575051,0.));
#7854 = DIRECTION('',(0.,0.,1.));
#7855 = DIRECTION('',(1.,0.,0.));
#7856 = ADVANCED_FACE('',(#7857),#7868,.F.);
#7857 = FACE_BOUND('',#7858,.F.);
#7858 = EDGE_LOOP('',(#7859,#7860,#7861,#7862));
#7859 = ORIENTED_EDGE('',*,*,#3752,.T.);
#7860 = ORIENTED_EDGE('',*,*,#7846,.T.);
#7861 = ORIENTED_EDGE('',*,*,#5169,.T.);
#7862 = ORIENTED_EDGE('',*,*,#7863,.F.);
#7863 = EDGE_CURVE('',#3744,#5161,#7864,.T.);
#7864 = LINE('',#7865,#7866);
#7865 = CARTESIAN_POINT('',(70.431370849898,64.2,0.));
#7866 = VECTOR('',#7867,1.);
#7867 = DIRECTION('',(-0.,-0.,-1.));
#7868 = PLANE('',#7869);
#7869 = AXIS2_PLACEMENT_3D('',#7870,#7871,#7872);
#7870 = CARTESIAN_POINT('',(75.,64.2,-197.5731424055));
#7871 = DIRECTION('',(-7.7E-16,1.,0.));
#7872 = DIRECTION('',(1.,7.7E-16,0.));
#7873 = ADVANCED_FACE('',(#7874),#7885,.F.);
#7874 = FACE_BOUND('',#7875,.F.);
#7875 = EDGE_LOOP('',(#7876,#7877,#7878,#7879));
#7876 = ORIENTED_EDGE('',*,*,#3743,.F.);
#7877 = ORIENTED_EDGE('',*,*,#7863,.T.);
#7878 = ORIENTED_EDGE('',*,*,#5160,.T.);
#7879 = ORIENTED_EDGE('',*,*,#7880,.F.);
#7880 = EDGE_CURVE('',#3736,#5153,#7881,.T.);
#7881 = LINE('',#7882,#7883);
#7882 = CARTESIAN_POINT('',(69.3,63.068629150101,0.));
#7883 = VECTOR('',#7884,1.);
#7884 = DIRECTION('',(-0.,-0.,-1.));
#7885 = CYLINDRICAL_SURFACE('',#7886,0.8);
#7886 = AXIS2_PLACEMENT_3D('',#7887,#7888,#7889);
#7887 = CARTESIAN_POINT('',(69.865685424949,63.634314575051,0.));
#7888 = DIRECTION('',(0.,0.,1.));
#7889 = DIRECTION('',(1.,0.,0.));
#7890 = ADVANCED_FACE('',(#7891),#7902,.F.);
#7891 = FACE_BOUND('',#7892,.F.);
#7892 = EDGE_LOOP('',(#7893,#7894,#7895,#7896));
#7893 = ORIENTED_EDGE('',*,*,#3735,.F.);
#7894 = ORIENTED_EDGE('',*,*,#7880,.T.);
#7895 = ORIENTED_EDGE('',*,*,#5152,.T.);
#7896 = ORIENTED_EDGE('',*,*,#7897,.F.);
#7897 = EDGE_CURVE('',#3727,#5144,#7898,.T.);
#7898 = LINE('',#7899,#7900);
#7899 = CARTESIAN_POINT('',(69.3,61.931370849899,0.));
#7900 = VECTOR('',#7901,1.);
#7901 = DIRECTION('',(-0.,-0.,-1.));
#7902 = PLANE('',#7903);
#7903 = AXIS2_PLACEMENT_3D('',#7904,#7905,#7906);
#7904 = CARTESIAN_POINT('',(69.3,63.068629150101,0.));
#7905 = DIRECTION('',(-1.,0.,0.));
#7906 = DIRECTION('',(0.,-1.,0.));
#7907 = ADVANCED_FACE('',(#7908),#7919,.F.);
#7908 = FACE_BOUND('',#7909,.F.);
#7909 = EDGE_LOOP('',(#7910,#7911,#7912,#7913));
#7910 = ORIENTED_EDGE('',*,*,#3726,.F.);
#7911 = ORIENTED_EDGE('',*,*,#7897,.T.);
#7912 = ORIENTED_EDGE('',*,*,#5143,.T.);
#7913 = ORIENTED_EDGE('',*,*,#7914,.F.);
#7914 = EDGE_CURVE('',#3719,#5136,#7915,.T.);
#7915 = LINE('',#7916,#7917);
#7916 = CARTESIAN_POINT('',(70.431370849899,60.8,0.));
#7917 = VECTOR('',#7918,1.);
#7918 = DIRECTION('',(-0.,-0.,-1.));
#7919 = CYLINDRICAL_SURFACE('',#7920,0.8);
#7920 = AXIS2_PLACEMENT_3D('',#7921,#7922,#7923);
#7921 = CARTESIAN_POINT('',(69.865685424949,61.365685424949,0.));
#7922 = DIRECTION('',(0.,0.,1.));
#7923 = DIRECTION('',(1.,0.,0.));
#7924 = ADVANCED_FACE('',(#7925),#7931,.F.);
#7925 = FACE_BOUND('',#7926,.F.);
#7926 = EDGE_LOOP('',(#7927,#7928,#7929,#7930));
#7927 = ORIENTED_EDGE('',*,*,#7805,.F.);
#7928 = ORIENTED_EDGE('',*,*,#3718,.T.);
#7929 = ORIENTED_EDGE('',*,*,#7914,.T.);
#7930 = ORIENTED_EDGE('',*,*,#5135,.T.);
#7931 = PLANE('',#7932);
#7932 = AXIS2_PLACEMENT_3D('',#7933,#7934,#7935);
#7933 = CARTESIAN_POINT('',(75.,60.8,-197.5731424055));
#7934 = DIRECTION('',(-2.447E-14,-1.,-0.));
#7935 = DIRECTION('',(-1.,2.447E-14,0.));
#7936 = ( GEOMETRIC_REPRESENTATION_CONTEXT(3) 
GLOBAL_UNCERTAINTY_ASSIGNED_CONTEXT((#7940)) 
GLOBAL_UNIT_ASSIGNED_CONTEXT((#7937,#7938,#7939)) REPRESENTATION_CONTEXT
('Context #1','3D Context with UNIT and UNCERTAINTY') );
#7937 = ( LENGTH_UNIT() NAMED_UNIT(*) SI_UNIT(.MILLI.,.METRE.) );
#7938 = ( NAMED_UNIT(*) PLANE_ANGLE_UNIT() SI_UNIT($,.RADIAN.) );
#7939 = ( NAMED_UNIT(*) SI_UNIT($,.STERADIAN.) SOLID_ANGLE_UNIT() );
#7940 = UNCERTAINTY_MEASURE_WITH_UNIT(LENGTH_MEASURE(1.E-04),#7937,
  'distance_accuracy_value','confusion accuracy');
#7941 = CONTEXT_DEPENDENT_SHAPE_REPRESENTATION(#7942,#7944);
#7942 = ( REPRESENTATION_RELATIONSHIP('','',#2193,#2170) 
REPRESENTATION_RELATIONSHIP_WITH_TRANSFORMATION(#7943) 
SHAPE_REPRESENTATION_RELATIONSHIP() );
#7943 = ITEM_DEFINED_TRANSFORMATION('','',#11,#2171);
#7944 = PRODUCT_DEFINITION_SHAPE('Placement','Placement of an item',
  #7945);
#7945 = NEXT_ASSEMBLY_USAGE_OCCURRENCE('3','Body005','',#2165,#2188,$);
#7946 = PRODUCT_RELATED_PRODUCT_CATEGORY('part',$,(#2190));
#7947 = SHAPE_DEFINITION_REPRESENTATION(#7948,#7954);
#7948 = PRODUCT_DEFINITION_SHAPE('','',#7949);
#7949 = PRODUCT_DEFINITION('design','',#7950,#7953);
#7950 = PRODUCT_DEFINITION_FORMATION('','',#7951);
#7951 = PRODUCT('Laengswand','Laengswand','',(#7952));
#7952 = PRODUCT_CONTEXT('',#2,'mechanical');
#7953 = PRODUCT_DEFINITION_CONTEXT('part definition',#2,'design');
#7954 = SHAPE_REPRESENTATION('',(#11,#7955),#7959);
#7955 = AXIS2_PLACEMENT_3D('',#7956,#7957,#7958);
#7956 = CARTESIAN_POINT('',(0.,-12.5,0.));
#7957 = DIRECTION('',(0.,0.,1.));
#7958 = DIRECTION('',(1.,0.,0.));
#7959 = ( GEOMETRIC_REPRESENTATION_CONTEXT(3) 
GLOBAL_UNCERTAINTY_ASSIGNED_CONTEXT((#7963)) 
GLOBAL_UNIT_ASSIGNED_CONTEXT((#7960,#7961,#7962)) REPRESENTATION_CONTEXT
('Context #1','3D Context with UNIT and UNCERTAINTY') );
#7960 = ( LENGTH_UNIT() NAMED_UNIT(*) SI_UNIT(.MILLI.,.METRE.) );
#7961 = ( NAMED_UNIT(*) PLANE_ANGLE_UNIT() SI_UNIT($,.RADIAN.) );
#7962 = ( NAMED_UNIT(*) SI_UNIT($,.STERADIAN.) SOLID_ANGLE_UNIT() );
#7963 = UNCERTAINTY_MEASURE_WITH_UNIT(LENGTH_MEASURE(1.E-04),#7960,
  'distance_accuracy_value','confusion accuracy');
#7964 = CONTEXT_DEPENDENT_SHAPE_REPRESENTATION(#7965,#7967);
#7965 = ( REPRESENTATION_RELATIONSHIP('','',#7954,#10) 
REPRESENTATION_RELATIONSHIP_WITH_TRANSFORMATION(#7966) 
SHAPE_REPRESENTATION_RELATIONSHIP() );
#7966 = ITEM_DEFINED_TRANSFORMATION('','',#11,#23);
#7967 = PRODUCT_DEFINITION_SHAPE('Placement','Placement of an item',
  #7968);
#7968 = NEXT_ASSEMBLY_USAGE_OCCURRENCE('6','Laengswand002','',#5,#7949,$
  );
#7969 = PRODUCT_RELATED_PRODUCT_CATEGORY('part',$,(#7951));
#7970 = SHAPE_DEFINITION_REPRESENTATION(#7971,#7977);
#7971 = PRODUCT_DEFINITION_SHAPE('','',#7972);
#7972 = PRODUCT_DEFINITION('design','',#7973,#7976);
#7973 = PRODUCT_DEFINITION_FORMATION('','',#7974);
#7974 = PRODUCT('Body004','Body004','',(#7975));
#7975 = PRODUCT_CONTEXT('',#2,'mechanical');
#7976 = PRODUCT_DEFINITION_CONTEXT('part definition',#2,'design');
#7977 = ADVANCED_BREP_SHAPE_REPRESENTATION('',(#11,#7978),#10085);
#7978 = MANIFOLD_SOLID_BREP('',#7979);
#7979 = CLOSED_SHELL('',(#7980,#8020,#8584,#9148,#9165,#9187,#9204,#9221
    ,#9238,#9255,#9272,#9289,#9310,#9327,#9344,#9361,#9378,#9397,#9414,
    #9433,#9450,#9467,#9484,#9501,#9518,#9535,#9552,#9574,#9591,#9608,
    #9625,#9647,#9669,#9686,#9703,#9720,#9732,#9754,#9771,#9788,#9805,
    #9827,#9849,#9866,#9883,#9900,#9917,#9934,#9951,#9968,#9985,#9997,
    #10013,#10029,#10043,#10057,#10071));
#7980 = ADVANCED_FACE('',(#7981),#8015,.F.);
#7981 = FACE_BOUND('',#7982,.F.);
#7982 = EDGE_LOOP('',(#7983,#7993,#8001,#8009));
#7983 = ORIENTED_EDGE('',*,*,#7984,.F.);
#7984 = EDGE_CURVE('',#7985,#7987,#7989,.T.);
#7985 = VERTEX_POINT('',#7986);
#7986 = CARTESIAN_POINT('',(63.7,1.5,-1.E-15));
#7987 = VERTEX_POINT('',#7988);
#7988 = CARTESIAN_POINT('',(73.368629150102,1.5,-1.E-15));
#7989 = LINE('',#7990,#7991);
#7990 = CARTESIAN_POINT('',(-6.5,1.5,-6.661338147751E-16));
#7991 = VECTOR('',#7992,1.);
#7992 = DIRECTION('',(1.,0.,0.));
#7993 = ORIENTED_EDGE('',*,*,#7994,.F.);
#7994 = EDGE_CURVE('',#7995,#7985,#7997,.T.);
#7995 = VERTEX_POINT('',#7996);
#7996 = CARTESIAN_POINT('',(63.7,-1.5,1.E-15));
#7997 = LINE('',#7998,#7999);
#7998 = CARTESIAN_POINT('',(63.7,-111.3063991871,2.472E-14));
#7999 = VECTOR('',#8000,1.);
#8000 = DIRECTION('',(0.,1.,-2.2E-16));
#8001 = ORIENTED_EDGE('',*,*,#8002,.T.);
#8002 = EDGE_CURVE('',#7995,#8003,#8005,.T.);
#8003 = VERTEX_POINT('',#8004);
#8004 = CARTESIAN_POINT('',(73.368629150102,-1.5,0.));
#8005 = LINE('',#8006,#8007);
#8006 = CARTESIAN_POINT('',(-6.5,-1.5,-4.440892098501E-16));
#8007 = VECTOR('',#8008,1.);
#8008 = DIRECTION('',(1.,0.,0.));
#8009 = ORIENTED_EDGE('',*,*,#8010,.F.);
#8010 = EDGE_CURVE('',#7987,#8003,#8011,.T.);
#8011 = LINE('',#8012,#8013);
#8012 = CARTESIAN_POINT('',(73.368629150102,-114.186474523,5.025E-14));
#8013 = VECTOR('',#8014,1.);
#8014 = DIRECTION('',(0.,-1.,2.2E-16));
#8015 = PLANE('',#8016);
#8016 = AXIS2_PLACEMENT_3D('',#8017,#8018,#8019);
#8017 = CARTESIAN_POINT('',(-6.5,1.5,-3.4E-16));
#8018 = DIRECTION('',(0.,2.2E-16,1.));
#8019 = DIRECTION('',(1.,0.,0.));
#8020 = ADVANCED_FACE('',(#8021),#8579,.T.);
#8021 = FACE_BOUND('',#8022,.T.);
#8022 = EDGE_LOOP('',(#8023,#8033,#8041,#8049,#8057,#8065,#8073,#8082,
    #8090,#8099,#8107,#8115,#8124,#8133,#8141,#8150,#8159,#8167,#8175,
    #8183,#8191,#8200,#8209,#8216,#8217,#8225,#8234,#8242,#8251,#8259,
    #8267,#8276,#8285,#8293,#8302,#8311,#8319,#8327,#8335,#8343,#8352,
    #8361,#8370,#8378,#8386,#8395,#8403,#8412,#8420,#8428,#8437,#8446,
    #8454,#8463,#8472,#8480,#8488,#8496,#8504,#8513,#8522,#8531,#8539,
    #8547,#8556,#8564,#8573));
#8023 = ORIENTED_EDGE('',*,*,#8024,.F.);
#8024 = EDGE_CURVE('',#8025,#8027,#8029,.T.);
#8025 = VERTEX_POINT('',#8026);
#8026 = CARTESIAN_POINT('',(-6.5,1.5,-1.E-15));
#8027 = VERTEX_POINT('',#8028);
#8028 = CARTESIAN_POINT('',(-1.7,1.5,-1.E-15));
#8029 = LINE('',#8030,#8031);
#8030 = CARTESIAN_POINT('',(-6.5,1.5,-6.661338147751E-16));
#8031 = VECTOR('',#8032,1.);
#8032 = DIRECTION('',(1.,0.,0.));
#8033 = ORIENTED_EDGE('',*,*,#8034,.F.);
#8034 = EDGE_CURVE('',#8035,#8025,#8037,.T.);
#8035 = VERTEX_POINT('',#8036);
#8036 = CARTESIAN_POINT('',(-6.5,1.5,30.));
#8037 = LINE('',#8038,#8039);
#8038 = CARTESIAN_POINT('',(-6.5,1.5,30.));
#8039 = VECTOR('',#8040,1.);
#8040 = DIRECTION('',(0.,2.2E-16,-1.));
#8041 = ORIENTED_EDGE('',*,*,#8042,.F.);
#8042 = EDGE_CURVE('',#8043,#8035,#8045,.T.);
#8043 = VERTEX_POINT('',#8044);
#8044 = CARTESIAN_POINT('',(99.5,1.5,30.));
#8045 = LINE('',#8046,#8047);
#8046 = CARTESIAN_POINT('',(99.5,1.5,30.));
#8047 = VECTOR('',#8048,1.);
#8048 = DIRECTION('',(-1.,0.,0.));
#8049 = ORIENTED_EDGE('',*,*,#8050,.F.);
#8050 = EDGE_CURVE('',#8051,#8043,#8053,.T.);
#8051 = VERTEX_POINT('',#8052);
#8052 = CARTESIAN_POINT('',(99.5,1.5,-1.E-15));
#8053 = LINE('',#8054,#8055);
#8054 = CARTESIAN_POINT('',(99.5,1.5,-6.661338147751E-16));
#8055 = VECTOR('',#8056,1.);
#8056 = DIRECTION('',(0.,-2.2E-16,1.));
#8057 = ORIENTED_EDGE('',*,*,#8058,.F.);
#8058 = EDGE_CURVE('',#8059,#8051,#8061,.T.);
#8059 = VERTEX_POINT('',#8060);
#8060 = CARTESIAN_POINT('',(94.7,1.5,-1.E-15));
#8061 = LINE('',#8062,#8063);
#8062 = CARTESIAN_POINT('',(-6.5,1.5,-6.661338147751E-16));
#8063 = VECTOR('',#8064,1.);
#8064 = DIRECTION('',(1.,0.,0.));
#8065 = ORIENTED_EDGE('',*,*,#8066,.T.);
#8066 = EDGE_CURVE('',#8059,#8067,#8069,.T.);
#8067 = VERTEX_POINT('',#8068);
#8068 = CARTESIAN_POINT('',(94.7,1.5,14.068629150102));
#8069 = LINE('',#8070,#8071);
#8070 = CARTESIAN_POINT('',(94.7,1.5,14.534314575051));
#8071 = VECTOR('',#8072,1.);
#8072 = DIRECTION('',(-2.E-17,0.,1.));
#8073 = ORIENTED_EDGE('',*,*,#8074,.T.);
#8074 = EDGE_CURVE('',#8067,#8075,#8077,.T.);
#8075 = VERTEX_POINT('',#8076);
#8076 = CARTESIAN_POINT('',(93.568629150102,1.5,15.2));
#8077 = CIRCLE('',#8078,0.8);
#8078 = AXIS2_PLACEMENT_3D('',#8079,#8080,#8081);
#8079 = CARTESIAN_POINT('',(94.134314575051,1.5,14.634314575051));
#8080 = DIRECTION('',(0.,-1.,2.2E-16));
#8081 = DIRECTION('',(1.,0.,0.));
#8082 = ORIENTED_EDGE('',*,*,#8083,.T.);
#8083 = EDGE_CURVE('',#8075,#8084,#8086,.T.);
#8084 = VERTEX_POINT('',#8085);
#8085 = CARTESIAN_POINT('',(92.431370849898,1.5,15.2));
#8086 = LINE('',#8087,#8088);
#8087 = CARTESIAN_POINT('',(69.465685424949,1.5,15.2));
#8088 = VECTOR('',#8089,1.);
#8089 = DIRECTION('',(-1.,0.,-1.56E-15));
#8090 = ORIENTED_EDGE('',*,*,#8091,.T.);
#8091 = EDGE_CURVE('',#8084,#8092,#8094,.T.);
#8092 = VERTEX_POINT('',#8093);
#8093 = CARTESIAN_POINT('',(91.3,1.5,14.068629150102));
#8094 = CIRCLE('',#8095,0.8);
#8095 = AXIS2_PLACEMENT_3D('',#8096,#8097,#8098);
#8096 = CARTESIAN_POINT('',(91.865685424949,1.5,14.634314575051));
#8097 = DIRECTION('',(0.,-1.,2.2E-16));
#8098 = DIRECTION('',(1.,0.,0.));
#8099 = ORIENTED_EDGE('',*,*,#8100,.F.);
#8100 = EDGE_CURVE('',#8101,#8092,#8103,.T.);
#8101 = VERTEX_POINT('',#8102);
#8102 = CARTESIAN_POINT('',(91.3,1.5,-1.E-15));
#8103 = LINE('',#8104,#8105);
#8104 = CARTESIAN_POINT('',(91.3,1.5,14.534314575051));
#8105 = VECTOR('',#8106,1.);
#8106 = DIRECTION('',(-2.E-17,0.,1.));
#8107 = ORIENTED_EDGE('',*,*,#8108,.F.);
#8108 = EDGE_CURVE('',#8109,#8101,#8111,.T.);
#8109 = VERTEX_POINT('',#8110);
#8110 = CARTESIAN_POINT('',(81.631370849899,1.5,-1.E-15));
#8111 = LINE('',#8112,#8113);
#8112 = CARTESIAN_POINT('',(-6.5,1.5,-6.661338147751E-16));
#8113 = VECTOR('',#8114,1.);
#8114 = DIRECTION('',(1.,0.,0.));
#8115 = ORIENTED_EDGE('',*,*,#8116,.T.);
#8116 = EDGE_CURVE('',#8109,#8117,#8119,.T.);
#8117 = VERTEX_POINT('',#8118);
#8118 = CARTESIAN_POINT('',(80.5,1.5,2.E-15));
#8119 = CIRCLE('',#8120,0.8);
#8120 = AXIS2_PLACEMENT_3D('',#8121,#8122,#8123);
#8121 = CARTESIAN_POINT('',(81.065685424949,1.5,-0.565685424949));
#8122 = DIRECTION('',(0.,-1.,2.2E-16));
#8123 = DIRECTION('',(1.,0.,0.));
#8124 = ORIENTED_EDGE('',*,*,#8125,.T.);
#8125 = EDGE_CURVE('',#8117,#8126,#8128,.T.);
#8126 = VERTEX_POINT('',#8127);
#8127 = CARTESIAN_POINT('',(80.5,1.5,-1.131370849898));
#8128 = CIRCLE('',#8129,0.8);
#8129 = AXIS2_PLACEMENT_3D('',#8130,#8131,#8132);
#8130 = CARTESIAN_POINT('',(81.065685424949,1.5,-0.565685424949));
#8131 = DIRECTION('',(0.,-1.,2.2E-16));
#8132 = DIRECTION('',(1.,0.,0.));
#8133 = ORIENTED_EDGE('',*,*,#8134,.F.);
#8134 = EDGE_CURVE('',#8135,#8126,#8137,.T.);
#8135 = VERTEX_POINT('',#8136);
#8136 = CARTESIAN_POINT('',(80.5,1.5,-3.068629150102));
#8137 = LINE('',#8138,#8139);
#8138 = CARTESIAN_POINT('',(80.5,1.5,-4.2));
#8139 = VECTOR('',#8140,1.);
#8140 = DIRECTION('',(0.,-2.2E-16,1.));
#8141 = ORIENTED_EDGE('',*,*,#8142,.T.);
#8142 = EDGE_CURVE('',#8135,#8143,#8145,.T.);
#8143 = VERTEX_POINT('',#8144);
#8144 = CARTESIAN_POINT('',(80.5,1.5,-4.2));
#8145 = CIRCLE('',#8146,0.8);
#8146 = AXIS2_PLACEMENT_3D('',#8147,#8148,#8149);
#8147 = CARTESIAN_POINT('',(81.065685424949,1.5,-3.634314575051));
#8148 = DIRECTION('',(0.,-1.,2.2E-16));
#8149 = DIRECTION('',(1.,0.,0.));
#8150 = ORIENTED_EDGE('',*,*,#8151,.T.);
#8151 = EDGE_CURVE('',#8143,#8152,#8154,.T.);
#8152 = VERTEX_POINT('',#8153);
#8153 = CARTESIAN_POINT('',(81.631370849899,1.5,-4.2));
#8154 = CIRCLE('',#8155,0.8);
#8155 = AXIS2_PLACEMENT_3D('',#8156,#8157,#8158);
#8156 = CARTESIAN_POINT('',(81.065685424949,1.5,-3.634314575051));
#8157 = DIRECTION('',(0.,-1.,2.2E-16));
#8158 = DIRECTION('',(1.,0.,0.));
#8159 = ORIENTED_EDGE('',*,*,#8160,.F.);
#8160 = EDGE_CURVE('',#8161,#8152,#8163,.T.);
#8161 = VERTEX_POINT('',#8162);
#8162 = CARTESIAN_POINT('',(84.5,1.5,-4.2));
#8163 = LINE('',#8164,#8165);
#8164 = CARTESIAN_POINT('',(84.5,1.5,-4.2));
#8165 = VECTOR('',#8166,1.);
#8166 = DIRECTION('',(-1.,0.,0.));
#8167 = ORIENTED_EDGE('',*,*,#8168,.F.);
#8168 = EDGE_CURVE('',#8169,#8161,#8171,.T.);
#8169 = VERTEX_POINT('',#8170);
#8170 = CARTESIAN_POINT('',(84.5,1.5,-9.2));
#8171 = LINE('',#8172,#8173);
#8172 = CARTESIAN_POINT('',(84.5,1.5,-9.2));
#8173 = VECTOR('',#8174,1.);
#8174 = DIRECTION('',(0.,-2.2E-16,1.));
#8175 = ORIENTED_EDGE('',*,*,#8176,.F.);
#8176 = EDGE_CURVE('',#8177,#8169,#8179,.T.);
#8177 = VERTEX_POINT('',#8178);
#8178 = CARTESIAN_POINT('',(74.5,1.5,-9.2));
#8179 = LINE('',#8180,#8181);
#8180 = CARTESIAN_POINT('',(74.5,1.5,-9.2));
#8181 = VECTOR('',#8182,1.);
#8182 = DIRECTION('',(1.,0.,0.));
#8183 = ORIENTED_EDGE('',*,*,#8184,.F.);
#8184 = EDGE_CURVE('',#8185,#8177,#8187,.T.);
#8185 = VERTEX_POINT('',#8186);
#8186 = CARTESIAN_POINT('',(74.5,1.5,-1.131370849898));
#8187 = LINE('',#8188,#8189);
#8188 = CARTESIAN_POINT('',(74.5,1.5,1.998401444325E-15));
#8189 = VECTOR('',#8190,1.);
#8190 = DIRECTION('',(0.,2.2E-16,-1.));
#8191 = ORIENTED_EDGE('',*,*,#8192,.T.);
#8192 = EDGE_CURVE('',#8185,#8193,#8195,.T.);
#8193 = VERTEX_POINT('',#8194);
#8194 = CARTESIAN_POINT('',(74.734314575051,1.5,-0.565685424949));
#8195 = CIRCLE('',#8196,0.8);
#8196 = AXIS2_PLACEMENT_3D('',#8197,#8198,#8199);
#8197 = CARTESIAN_POINT('',(73.934314575051,1.5,-0.565685424949));
#8198 = DIRECTION('',(0.,-1.,2.2E-16));
#8199 = DIRECTION('',(1.,0.,0.));
#8200 = ORIENTED_EDGE('',*,*,#8201,.T.);
#8201 = EDGE_CURVE('',#8193,#8202,#8204,.T.);
#8202 = VERTEX_POINT('',#8203);
#8203 = CARTESIAN_POINT('',(74.5,1.5,2.E-15));
#8204 = CIRCLE('',#8205,0.8);
#8205 = AXIS2_PLACEMENT_3D('',#8206,#8207,#8208);
#8206 = CARTESIAN_POINT('',(73.934314575051,1.5,-0.565685424949));
#8207 = DIRECTION('',(0.,-1.,2.2E-16));
#8208 = DIRECTION('',(1.,0.,0.));
#8209 = ORIENTED_EDGE('',*,*,#8210,.T.);
#8210 = EDGE_CURVE('',#8202,#7987,#8211,.T.);
#8211 = CIRCLE('',#8212,0.8);
#8212 = AXIS2_PLACEMENT_3D('',#8213,#8214,#8215);
#8213 = CARTESIAN_POINT('',(73.934314575051,1.5,-0.565685424949));
#8214 = DIRECTION('',(0.,-1.,2.2E-16));
#8215 = DIRECTION('',(1.,0.,0.));
#8216 = ORIENTED_EDGE('',*,*,#7984,.F.);
#8217 = ORIENTED_EDGE('',*,*,#8218,.T.);
#8218 = EDGE_CURVE('',#7985,#8219,#8221,.T.);
#8219 = VERTEX_POINT('',#8220);
#8220 = CARTESIAN_POINT('',(63.7,1.5,14.068629150102));
#8221 = LINE('',#8222,#8223);
#8222 = CARTESIAN_POINT('',(63.7,1.5,14.534314575051));
#8223 = VECTOR('',#8224,1.);
#8224 = DIRECTION('',(-2.E-17,0.,1.));
#8225 = ORIENTED_EDGE('',*,*,#8226,.T.);
#8226 = EDGE_CURVE('',#8219,#8227,#8229,.T.);
#8227 = VERTEX_POINT('',#8228);
#8228 = CARTESIAN_POINT('',(62.568629150102,1.5,15.2));
#8229 = CIRCLE('',#8230,0.8);
#8230 = AXIS2_PLACEMENT_3D('',#8231,#8232,#8233);
#8231 = CARTESIAN_POINT('',(63.134314575051,1.5,14.634314575051));
#8232 = DIRECTION('',(0.,-1.,2.2E-16));
#8233 = DIRECTION('',(1.,0.,0.));
#8234 = ORIENTED_EDGE('',*,*,#8235,.T.);
#8235 = EDGE_CURVE('',#8227,#8236,#8238,.T.);
#8236 = VERTEX_POINT('',#8237);
#8237 = CARTESIAN_POINT('',(61.431370849898,1.5,15.2));
#8238 = LINE('',#8239,#8240);
#8239 = CARTESIAN_POINT('',(53.965685424949,1.5,15.2));
#8240 = VECTOR('',#8241,1.);
#8241 = DIRECTION('',(-1.,0.,-1.56E-15));
#8242 = ORIENTED_EDGE('',*,*,#8243,.T.);
#8243 = EDGE_CURVE('',#8236,#8244,#8246,.T.);
#8244 = VERTEX_POINT('',#8245);
#8245 = CARTESIAN_POINT('',(60.3,1.5,14.068629150102));
#8246 = CIRCLE('',#8247,0.8);
#8247 = AXIS2_PLACEMENT_3D('',#8248,#8249,#8250);
#8248 = CARTESIAN_POINT('',(60.865685424949,1.5,14.634314575051));
#8249 = DIRECTION('',(0.,-1.,2.2E-16));
#8250 = DIRECTION('',(1.,0.,0.));
#8251 = ORIENTED_EDGE('',*,*,#8252,.F.);
#8252 = EDGE_CURVE('',#8253,#8244,#8255,.T.);
#8253 = VERTEX_POINT('',#8254);
#8254 = CARTESIAN_POINT('',(60.3,1.5,-1.E-15));
#8255 = LINE('',#8256,#8257);
#8256 = CARTESIAN_POINT('',(60.3,1.5,14.534314575051));
#8257 = VECTOR('',#8258,1.);
#8258 = DIRECTION('',(-2.E-17,0.,1.));
#8259 = ORIENTED_EDGE('',*,*,#8260,.F.);
#8260 = EDGE_CURVE('',#8261,#8253,#8263,.T.);
#8261 = VERTEX_POINT('',#8262);
#8262 = CARTESIAN_POINT('',(50.631370849898,1.5,-1.E-15));
#8263 = LINE('',#8264,#8265);
#8264 = CARTESIAN_POINT('',(-6.5,1.5,-6.661338147751E-16));
#8265 = VECTOR('',#8266,1.);
#8266 = DIRECTION('',(1.,0.,0.));
#8267 = ORIENTED_EDGE('',*,*,#8268,.T.);
#8268 = EDGE_CURVE('',#8261,#8269,#8271,.T.);
#8269 = VERTEX_POINT('',#8270);
#8270 = CARTESIAN_POINT('',(49.5,1.5,2.E-15));
#8271 = CIRCLE('',#8272,0.8);
#8272 = AXIS2_PLACEMENT_3D('',#8273,#8274,#8275);
#8273 = CARTESIAN_POINT('',(50.065685424949,1.5,-0.565685424949));
#8274 = DIRECTION('',(0.,-1.,2.2E-16));
#8275 = DIRECTION('',(1.,0.,0.));
#8276 = ORIENTED_EDGE('',*,*,#8277,.T.);
#8277 = EDGE_CURVE('',#8269,#8278,#8280,.T.);
#8278 = VERTEX_POINT('',#8279);
#8279 = CARTESIAN_POINT('',(49.5,1.5,-1.131370849898));
#8280 = CIRCLE('',#8281,0.8);
#8281 = AXIS2_PLACEMENT_3D('',#8282,#8283,#8284);
#8282 = CARTESIAN_POINT('',(50.065685424949,1.5,-0.565685424949));
#8283 = DIRECTION('',(0.,-1.,2.2E-16));
#8284 = DIRECTION('',(1.,0.,0.));
#8285 = ORIENTED_EDGE('',*,*,#8286,.F.);
#8286 = EDGE_CURVE('',#8287,#8278,#8289,.T.);
#8287 = VERTEX_POINT('',#8288);
#8288 = CARTESIAN_POINT('',(49.5,1.5,-3.068629150102));
#8289 = LINE('',#8290,#8291);
#8290 = CARTESIAN_POINT('',(49.5,1.5,-4.2));
#8291 = VECTOR('',#8292,1.);
#8292 = DIRECTION('',(0.,-2.2E-16,1.));
#8293 = ORIENTED_EDGE('',*,*,#8294,.T.);
#8294 = EDGE_CURVE('',#8287,#8295,#8297,.T.);
#8295 = VERTEX_POINT('',#8296);
#8296 = CARTESIAN_POINT('',(49.5,1.5,-4.2));
#8297 = CIRCLE('',#8298,0.8);
#8298 = AXIS2_PLACEMENT_3D('',#8299,#8300,#8301);
#8299 = CARTESIAN_POINT('',(50.065685424949,1.5,-3.634314575051));
#8300 = DIRECTION('',(0.,-1.,2.2E-16));
#8301 = DIRECTION('',(1.,0.,0.));
#8302 = ORIENTED_EDGE('',*,*,#8303,.T.);
#8303 = EDGE_CURVE('',#8295,#8304,#8306,.T.);
#8304 = VERTEX_POINT('',#8305);
#8305 = CARTESIAN_POINT('',(50.631370849898,1.5,-4.2));
#8306 = CIRCLE('',#8307,0.8);
#8307 = AXIS2_PLACEMENT_3D('',#8308,#8309,#8310);
#8308 = CARTESIAN_POINT('',(50.065685424949,1.5,-3.634314575051));
#8309 = DIRECTION('',(0.,-1.,2.2E-16));
#8310 = DIRECTION('',(1.,0.,0.));
#8311 = ORIENTED_EDGE('',*,*,#8312,.F.);
#8312 = EDGE_CURVE('',#8313,#8304,#8315,.T.);
#8313 = VERTEX_POINT('',#8314);
#8314 = CARTESIAN_POINT('',(53.5,1.5,-4.2));
#8315 = LINE('',#8316,#8317);
#8316 = CARTESIAN_POINT('',(53.5,1.5,-4.2));
#8317 = VECTOR('',#8318,1.);
#8318 = DIRECTION('',(-1.,0.,0.));
#8319 = ORIENTED_EDGE('',*,*,#8320,.F.);
#8320 = EDGE_CURVE('',#8321,#8313,#8323,.T.);
#8321 = VERTEX_POINT('',#8322);
#8322 = CARTESIAN_POINT('',(53.5,1.5,-9.2));
#8323 = LINE('',#8324,#8325);
#8324 = CARTESIAN_POINT('',(53.5,1.5,-9.2));
#8325 = VECTOR('',#8326,1.);
#8326 = DIRECTION('',(0.,-2.2E-16,1.));
#8327 = ORIENTED_EDGE('',*,*,#8328,.F.);
#8328 = EDGE_CURVE('',#8329,#8321,#8331,.T.);
#8329 = VERTEX_POINT('',#8330);
#8330 = CARTESIAN_POINT('',(43.5,1.5,-9.2));
#8331 = LINE('',#8332,#8333);
#8332 = CARTESIAN_POINT('',(43.5,1.5,-9.2));
#8333 = VECTOR('',#8334,1.);
#8334 = DIRECTION('',(1.,0.,0.));
#8335 = ORIENTED_EDGE('',*,*,#8336,.F.);
#8336 = EDGE_CURVE('',#8337,#8329,#8339,.T.);
#8337 = VERTEX_POINT('',#8338);
#8338 = CARTESIAN_POINT('',(43.5,1.5,-1.131370849898));
#8339 = LINE('',#8340,#8341);
#8340 = CARTESIAN_POINT('',(43.5,1.5,1.998401444325E-15));
#8341 = VECTOR('',#8342,1.);
#8342 = DIRECTION('',(0.,2.2E-16,-1.));
#8343 = ORIENTED_EDGE('',*,*,#8344,.T.);
#8344 = EDGE_CURVE('',#8337,#8345,#8347,.T.);
#8345 = VERTEX_POINT('',#8346);
#8346 = CARTESIAN_POINT('',(43.734314575051,1.5,-0.565685424949));
#8347 = CIRCLE('',#8348,0.8);
#8348 = AXIS2_PLACEMENT_3D('',#8349,#8350,#8351);
#8349 = CARTESIAN_POINT('',(42.934314575051,1.5,-0.565685424949));
#8350 = DIRECTION('',(0.,-1.,2.2E-16));
#8351 = DIRECTION('',(1.,0.,0.));
#8352 = ORIENTED_EDGE('',*,*,#8353,.T.);
#8353 = EDGE_CURVE('',#8345,#8354,#8356,.T.);
#8354 = VERTEX_POINT('',#8355);
#8355 = CARTESIAN_POINT('',(43.5,1.5,2.E-15));
#8356 = CIRCLE('',#8357,0.8);
#8357 = AXIS2_PLACEMENT_3D('',#8358,#8359,#8360);
#8358 = CARTESIAN_POINT('',(42.934314575051,1.5,-0.565685424949));
#8359 = DIRECTION('',(0.,-1.,2.2E-16));
#8360 = DIRECTION('',(1.,0.,0.));
#8361 = ORIENTED_EDGE('',*,*,#8362,.T.);
#8362 = EDGE_CURVE('',#8354,#8363,#8365,.T.);
#8363 = VERTEX_POINT('',#8364);
#8364 = CARTESIAN_POINT('',(42.368629150101,1.5,-1.E-15));
#8365 = CIRCLE('',#8366,0.8);
#8366 = AXIS2_PLACEMENT_3D('',#8367,#8368,#8369);
#8367 = CARTESIAN_POINT('',(42.934314575051,1.5,-0.565685424949));
#8368 = DIRECTION('',(0.,-1.,2.2E-16));
#8369 = DIRECTION('',(1.,0.,0.));
#8370 = ORIENTED_EDGE('',*,*,#8371,.F.);
#8371 = EDGE_CURVE('',#8372,#8363,#8374,.T.);
#8372 = VERTEX_POINT('',#8373);
#8373 = CARTESIAN_POINT('',(32.7,1.5,-1.E-15));
#8374 = LINE('',#8375,#8376);
#8375 = CARTESIAN_POINT('',(-6.5,1.5,-6.661338147751E-16));
#8376 = VECTOR('',#8377,1.);
#8377 = DIRECTION('',(1.,0.,0.));
#8378 = ORIENTED_EDGE('',*,*,#8379,.T.);
#8379 = EDGE_CURVE('',#8372,#8380,#8382,.T.);
#8380 = VERTEX_POINT('',#8381);
#8381 = CARTESIAN_POINT('',(32.7,1.5,14.068629150102));
#8382 = LINE('',#8383,#8384);
#8383 = CARTESIAN_POINT('',(32.7,1.5,14.534314575051));
#8384 = VECTOR('',#8385,1.);
#8385 = DIRECTION('',(-2.E-17,0.,1.));
#8386 = ORIENTED_EDGE('',*,*,#8387,.T.);
#8387 = EDGE_CURVE('',#8380,#8388,#8390,.T.);
#8388 = VERTEX_POINT('',#8389);
#8389 = CARTESIAN_POINT('',(31.568629150102,1.5,15.2));
#8390 = CIRCLE('',#8391,0.8);
#8391 = AXIS2_PLACEMENT_3D('',#8392,#8393,#8394);
#8392 = CARTESIAN_POINT('',(32.134314575051,1.5,14.634314575051));
#8393 = DIRECTION('',(0.,-1.,2.2E-16));
#8394 = DIRECTION('',(1.,0.,0.));
#8395 = ORIENTED_EDGE('',*,*,#8396,.T.);
#8396 = EDGE_CURVE('',#8388,#8397,#8399,.T.);
#8397 = VERTEX_POINT('',#8398);
#8398 = CARTESIAN_POINT('',(30.431370849898,1.5,15.2));
#8399 = LINE('',#8400,#8401);
#8400 = CARTESIAN_POINT('',(38.465685424949,1.5,15.2));
#8401 = VECTOR('',#8402,1.);
#8402 = DIRECTION('',(-1.,0.,-1.56E-15));
#8403 = ORIENTED_EDGE('',*,*,#8404,.T.);
#8404 = EDGE_CURVE('',#8397,#8405,#8407,.T.);
#8405 = VERTEX_POINT('',#8406);
#8406 = CARTESIAN_POINT('',(29.3,1.5,14.068629150102));
#8407 = CIRCLE('',#8408,0.8);
#8408 = AXIS2_PLACEMENT_3D('',#8409,#8410,#8411);
#8409 = CARTESIAN_POINT('',(29.865685424949,1.5,14.634314575051));
#8410 = DIRECTION('',(0.,-1.,2.2E-16));
#8411 = DIRECTION('',(1.,0.,0.));
#8412 = ORIENTED_EDGE('',*,*,#8413,.F.);
#8413 = EDGE_CURVE('',#8414,#8405,#8416,.T.);
#8414 = VERTEX_POINT('',#8415);
#8415 = CARTESIAN_POINT('',(29.3,1.5,-1.E-15));
#8416 = LINE('',#8417,#8418);
#8417 = CARTESIAN_POINT('',(29.3,1.5,14.534314575051));
#8418 = VECTOR('',#8419,1.);
#8419 = DIRECTION('',(-2.E-17,0.,1.));
#8420 = ORIENTED_EDGE('',*,*,#8421,.F.);
#8421 = EDGE_CURVE('',#8422,#8414,#8424,.T.);
#8422 = VERTEX_POINT('',#8423);
#8423 = CARTESIAN_POINT('',(19.631370849898,1.5,-1.E-15));
#8424 = LINE('',#8425,#8426);
#8425 = CARTESIAN_POINT('',(-6.5,1.5,-6.661338147751E-16));
#8426 = VECTOR('',#8427,1.);
#8427 = DIRECTION('',(1.,0.,0.));
#8428 = ORIENTED_EDGE('',*,*,#8429,.T.);
#8429 = EDGE_CURVE('',#8422,#8430,#8432,.T.);
#8430 = VERTEX_POINT('',#8431);
#8431 = CARTESIAN_POINT('',(18.5,1.5,2.E-15));
#8432 = CIRCLE('',#8433,0.8);
#8433 = AXIS2_PLACEMENT_3D('',#8434,#8435,#8436);
#8434 = CARTESIAN_POINT('',(19.065685424949,1.5,-0.565685424949));
#8435 = DIRECTION('',(0.,-1.,2.2E-16));
#8436 = DIRECTION('',(1.,0.,0.));
#8437 = ORIENTED_EDGE('',*,*,#8438,.T.);
#8438 = EDGE_CURVE('',#8430,#8439,#8441,.T.);
#8439 = VERTEX_POINT('',#8440);
#8440 = CARTESIAN_POINT('',(18.5,1.5,-1.131370849898));
#8441 = CIRCLE('',#8442,0.8);
#8442 = AXIS2_PLACEMENT_3D('',#8443,#8444,#8445);
#8443 = CARTESIAN_POINT('',(19.065685424949,1.5,-0.565685424949));
#8444 = DIRECTION('',(0.,-1.,2.2E-16));
#8445 = DIRECTION('',(1.,0.,0.));
#8446 = ORIENTED_EDGE('',*,*,#8447,.F.);
#8447 = EDGE_CURVE('',#8448,#8439,#8450,.T.);
#8448 = VERTEX_POINT('',#8449);
#8449 = CARTESIAN_POINT('',(18.5,1.5,-3.068629150102));
#8450 = LINE('',#8451,#8452);
#8451 = CARTESIAN_POINT('',(18.5,1.5,-4.2));
#8452 = VECTOR('',#8453,1.);
#8453 = DIRECTION('',(0.,-2.2E-16,1.));
#8454 = ORIENTED_EDGE('',*,*,#8455,.T.);
#8455 = EDGE_CURVE('',#8448,#8456,#8458,.T.);
#8456 = VERTEX_POINT('',#8457);
#8457 = CARTESIAN_POINT('',(18.5,1.5,-4.2));
#8458 = CIRCLE('',#8459,0.8);
#8459 = AXIS2_PLACEMENT_3D('',#8460,#8461,#8462);
#8460 = CARTESIAN_POINT('',(19.065685424949,1.5,-3.634314575051));
#8461 = DIRECTION('',(0.,-1.,2.2E-16));
#8462 = DIRECTION('',(1.,0.,0.));
#8463 = ORIENTED_EDGE('',*,*,#8464,.T.);
#8464 = EDGE_CURVE('',#8456,#8465,#8467,.T.);
#8465 = VERTEX_POINT('',#8466);
#8466 = CARTESIAN_POINT('',(19.631370849898,1.5,-4.2));
#8467 = CIRCLE('',#8468,0.8);
#8468 = AXIS2_PLACEMENT_3D('',#8469,#8470,#8471);
#8469 = CARTESIAN_POINT('',(19.065685424949,1.5,-3.634314575051));
#8470 = DIRECTION('',(0.,-1.,2.2E-16));
#8471 = DIRECTION('',(1.,0.,0.));
#8472 = ORIENTED_EDGE('',*,*,#8473,.F.);
#8473 = EDGE_CURVE('',#8474,#8465,#8476,.T.);
#8474 = VERTEX_POINT('',#8475);
#8475 = CARTESIAN_POINT('',(22.5,1.5,-4.2));
#8476 = LINE('',#8477,#8478);
#8477 = CARTESIAN_POINT('',(22.5,1.5,-4.2));
#8478 = VECTOR('',#8479,1.);
#8479 = DIRECTION('',(-1.,0.,0.));
#8480 = ORIENTED_EDGE('',*,*,#8481,.F.);
#8481 = EDGE_CURVE('',#8482,#8474,#8484,.T.);
#8482 = VERTEX_POINT('',#8483);
#8483 = CARTESIAN_POINT('',(22.5,1.5,-9.2));
#8484 = LINE('',#8485,#8486);
#8485 = CARTESIAN_POINT('',(22.5,1.5,-9.2));
#8486 = VECTOR('',#8487,1.);
#8487 = DIRECTION('',(0.,-2.2E-16,1.));
#8488 = ORIENTED_EDGE('',*,*,#8489,.F.);
#8489 = EDGE_CURVE('',#8490,#8482,#8492,.T.);
#8490 = VERTEX_POINT('',#8491);
#8491 = CARTESIAN_POINT('',(12.5,1.5,-9.2));
#8492 = LINE('',#8493,#8494);
#8493 = CARTESIAN_POINT('',(12.5,1.5,-9.2));
#8494 = VECTOR('',#8495,1.);
#8495 = DIRECTION('',(1.,0.,0.));
#8496 = ORIENTED_EDGE('',*,*,#8497,.F.);
#8497 = EDGE_CURVE('',#8498,#8490,#8500,.T.);
#8498 = VERTEX_POINT('',#8499);
#8499 = CARTESIAN_POINT('',(12.5,1.5,-1.131370849898));
#8500 = LINE('',#8501,#8502);
#8501 = CARTESIAN_POINT('',(12.5,1.5,1.998401444325E-15));
#8502 = VECTOR('',#8503,1.);
#8503 = DIRECTION('',(0.,2.2E-16,-1.));
#8504 = ORIENTED_EDGE('',*,*,#8505,.T.);
#8505 = EDGE_CURVE('',#8498,#8506,#8508,.T.);
#8506 = VERTEX_POINT('',#8507);
#8507 = CARTESIAN_POINT('',(12.734314575051,1.5,-0.565685424949));
#8508 = CIRCLE('',#8509,0.8);
#8509 = AXIS2_PLACEMENT_3D('',#8510,#8511,#8512);
#8510 = CARTESIAN_POINT('',(11.934314575051,1.5,-0.565685424949));
#8511 = DIRECTION('',(0.,-1.,2.2E-16));
#8512 = DIRECTION('',(1.,0.,0.));
#8513 = ORIENTED_EDGE('',*,*,#8514,.T.);
#8514 = EDGE_CURVE('',#8506,#8515,#8517,.T.);
#8515 = VERTEX_POINT('',#8516);
#8516 = CARTESIAN_POINT('',(12.5,1.5,2.E-15));
#8517 = CIRCLE('',#8518,0.8);
#8518 = AXIS2_PLACEMENT_3D('',#8519,#8520,#8521);
#8519 = CARTESIAN_POINT('',(11.934314575051,1.5,-0.565685424949));
#8520 = DIRECTION('',(0.,-1.,2.2E-16));
#8521 = DIRECTION('',(1.,0.,0.));
#8522 = ORIENTED_EDGE('',*,*,#8523,.T.);
#8523 = EDGE_CURVE('',#8515,#8524,#8526,.T.);
#8524 = VERTEX_POINT('',#8525);
#8525 = CARTESIAN_POINT('',(11.368629150102,1.5,-1.E-15));
#8526 = CIRCLE('',#8527,0.8);
#8527 = AXIS2_PLACEMENT_3D('',#8528,#8529,#8530);
#8528 = CARTESIAN_POINT('',(11.934314575051,1.5,-0.565685424949));
#8529 = DIRECTION('',(0.,-1.,2.2E-16));
#8530 = DIRECTION('',(1.,0.,0.));
#8531 = ORIENTED_EDGE('',*,*,#8532,.F.);
#8532 = EDGE_CURVE('',#8533,#8524,#8535,.T.);
#8533 = VERTEX_POINT('',#8534);
#8534 = CARTESIAN_POINT('',(1.7,1.5,-1.E-15));
#8535 = LINE('',#8536,#8537);
#8536 = CARTESIAN_POINT('',(-6.5,1.5,-6.661338147751E-16));
#8537 = VECTOR('',#8538,1.);
#8538 = DIRECTION('',(1.,0.,0.));
#8539 = ORIENTED_EDGE('',*,*,#8540,.T.);
#8540 = EDGE_CURVE('',#8533,#8541,#8543,.T.);
#8541 = VERTEX_POINT('',#8542);
#8542 = CARTESIAN_POINT('',(1.7,1.5,14.068629150102));
#8543 = LINE('',#8544,#8545);
#8544 = CARTESIAN_POINT('',(1.7,1.5,14.534314575051));
#8545 = VECTOR('',#8546,1.);
#8546 = DIRECTION('',(-2.E-17,0.,1.));
#8547 = ORIENTED_EDGE('',*,*,#8548,.T.);
#8548 = EDGE_CURVE('',#8541,#8549,#8551,.T.);
#8549 = VERTEX_POINT('',#8550);
#8550 = CARTESIAN_POINT('',(0.568629150102,1.5,15.2));
#8551 = CIRCLE('',#8552,0.8);
#8552 = AXIS2_PLACEMENT_3D('',#8553,#8554,#8555);
#8553 = CARTESIAN_POINT('',(1.134314575051,1.5,14.634314575051));
#8554 = DIRECTION('',(0.,-1.,2.2E-16));
#8555 = DIRECTION('',(1.,0.,0.));
#8556 = ORIENTED_EDGE('',*,*,#8557,.T.);
#8557 = EDGE_CURVE('',#8549,#8558,#8560,.T.);
#8558 = VERTEX_POINT('',#8559);
#8559 = CARTESIAN_POINT('',(-0.568629150102,1.5,15.2));
#8560 = LINE('',#8561,#8562);
#8561 = CARTESIAN_POINT('',(22.965685424949,1.5,15.2));
#8562 = VECTOR('',#8563,1.);
#8563 = DIRECTION('',(-1.,0.,-1.56E-15));
#8564 = ORIENTED_EDGE('',*,*,#8565,.T.);
#8565 = EDGE_CURVE('',#8558,#8566,#8568,.T.);
#8566 = VERTEX_POINT('',#8567);
#8567 = CARTESIAN_POINT('',(-1.7,1.5,14.068629150102));
#8568 = CIRCLE('',#8569,0.8);
#8569 = AXIS2_PLACEMENT_3D('',#8570,#8571,#8572);
#8570 = CARTESIAN_POINT('',(-1.134314575051,1.5,14.634314575051));
#8571 = DIRECTION('',(0.,-1.,2.2E-16));
#8572 = DIRECTION('',(1.,0.,0.));
#8573 = ORIENTED_EDGE('',*,*,#8574,.F.);
#8574 = EDGE_CURVE('',#8027,#8566,#8575,.T.);
#8575 = LINE('',#8576,#8577);
#8576 = CARTESIAN_POINT('',(-1.7,1.5,14.534314575051));
#8577 = VECTOR('',#8578,1.);
#8578 = DIRECTION('',(-2.E-17,0.,1.));
#8579 = PLANE('',#8580);
#8580 = AXIS2_PLACEMENT_3D('',#8581,#8582,#8583);
#8581 = CARTESIAN_POINT('',(46.879828517484,1.5,9.807552451476));
#8582 = DIRECTION('',(0.,1.,-2.1E-16));
#8583 = DIRECTION('',(0.,-2.1E-16,-1.));
#8584 = ADVANCED_FACE('',(#8585),#9143,.T.);
#8585 = FACE_BOUND('',#8586,.T.);
#8586 = EDGE_LOOP('',(#8587,#8597,#8605,#8613,#8621,#8630,#8638,#8647,
    #8655,#8663,#8672,#8681,#8690,#8698,#8706,#8714,#8722,#8731,#8740,
    #8748,#8757,#8766,#8774,#8782,#8791,#8799,#8808,#8816,#8824,#8833,
    #8842,#8851,#8859,#8867,#8875,#8883,#8892,#8901,#8909,#8918,#8927,
    #8935,#8943,#8952,#8960,#8969,#8975,#8976,#8985,#8994,#9003,#9011,
    #9019,#9027,#9035,#9044,#9053,#9061,#9070,#9079,#9087,#9095,#9104,
    #9112,#9121,#9129,#9137));
#8587 = ORIENTED_EDGE('',*,*,#8588,.T.);
#8588 = EDGE_CURVE('',#8589,#8591,#8593,.T.);
#8589 = VERTEX_POINT('',#8590);
#8590 = CARTESIAN_POINT('',(99.5,-1.5,30.));
#8591 = VERTEX_POINT('',#8592);
#8592 = CARTESIAN_POINT('',(-6.5,-1.5,30.));
#8593 = LINE('',#8594,#8595);
#8594 = CARTESIAN_POINT('',(99.5,-1.5,30.));
#8595 = VECTOR('',#8596,1.);
#8596 = DIRECTION('',(-1.,0.,0.));
#8597 = ORIENTED_EDGE('',*,*,#8598,.T.);
#8598 = EDGE_CURVE('',#8591,#8599,#8601,.T.);
#8599 = VERTEX_POINT('',#8600);
#8600 = CARTESIAN_POINT('',(-6.5,-1.5,0.));
#8601 = LINE('',#8602,#8603);
#8602 = CARTESIAN_POINT('',(-6.5,-1.5,30.));
#8603 = VECTOR('',#8604,1.);
#8604 = DIRECTION('',(0.,2.2E-16,-1.));
#8605 = ORIENTED_EDGE('',*,*,#8606,.T.);
#8606 = EDGE_CURVE('',#8599,#8607,#8609,.T.);
#8607 = VERTEX_POINT('',#8608);
#8608 = CARTESIAN_POINT('',(-1.7,-1.5,1.E-15));
#8609 = LINE('',#8610,#8611);
#8610 = CARTESIAN_POINT('',(-6.5,-1.5,-4.440892098501E-16));
#8611 = VECTOR('',#8612,1.);
#8612 = DIRECTION('',(1.,0.,0.));
#8613 = ORIENTED_EDGE('',*,*,#8614,.T.);
#8614 = EDGE_CURVE('',#8607,#8615,#8617,.T.);
#8615 = VERTEX_POINT('',#8616);
#8616 = CARTESIAN_POINT('',(-1.7,-1.5,14.068629150102));
#8617 = LINE('',#8618,#8619);
#8618 = CARTESIAN_POINT('',(-1.7,-1.5,14.534314575051));
#8619 = VECTOR('',#8620,1.);
#8620 = DIRECTION('',(-2.E-17,0.,1.));
#8621 = ORIENTED_EDGE('',*,*,#8622,.F.);
#8622 = EDGE_CURVE('',#8623,#8615,#8625,.T.);
#8623 = VERTEX_POINT('',#8624);
#8624 = CARTESIAN_POINT('',(-0.568629150102,-1.5,15.2));
#8625 = CIRCLE('',#8626,0.8);
#8626 = AXIS2_PLACEMENT_3D('',#8627,#8628,#8629);
#8627 = CARTESIAN_POINT('',(-1.134314575051,-1.5,14.634314575051));
#8628 = DIRECTION('',(0.,-1.,2.2E-16));
#8629 = DIRECTION('',(1.,0.,0.));
#8630 = ORIENTED_EDGE('',*,*,#8631,.F.);
#8631 = EDGE_CURVE('',#8632,#8623,#8634,.T.);
#8632 = VERTEX_POINT('',#8633);
#8633 = CARTESIAN_POINT('',(0.568629150102,-1.5,15.2));
#8634 = LINE('',#8635,#8636);
#8635 = CARTESIAN_POINT('',(22.965685424949,-1.5,15.2));
#8636 = VECTOR('',#8637,1.);
#8637 = DIRECTION('',(-1.,0.,-1.56E-15));
#8638 = ORIENTED_EDGE('',*,*,#8639,.F.);
#8639 = EDGE_CURVE('',#8640,#8632,#8642,.T.);
#8640 = VERTEX_POINT('',#8641);
#8641 = CARTESIAN_POINT('',(1.7,-1.5,14.068629150102));
#8642 = CIRCLE('',#8643,0.8);
#8643 = AXIS2_PLACEMENT_3D('',#8644,#8645,#8646);
#8644 = CARTESIAN_POINT('',(1.134314575051,-1.5,14.634314575051));
#8645 = DIRECTION('',(0.,-1.,2.2E-16));
#8646 = DIRECTION('',(1.,0.,0.));
#8647 = ORIENTED_EDGE('',*,*,#8648,.F.);
#8648 = EDGE_CURVE('',#8649,#8640,#8651,.T.);
#8649 = VERTEX_POINT('',#8650);
#8650 = CARTESIAN_POINT('',(1.7,-1.5,1.E-15));
#8651 = LINE('',#8652,#8653);
#8652 = CARTESIAN_POINT('',(1.7,-1.5,14.534314575051));
#8653 = VECTOR('',#8654,1.);
#8654 = DIRECTION('',(-2.E-17,0.,1.));
#8655 = ORIENTED_EDGE('',*,*,#8656,.T.);
#8656 = EDGE_CURVE('',#8649,#8657,#8659,.T.);
#8657 = VERTEX_POINT('',#8658);
#8658 = CARTESIAN_POINT('',(11.368629150102,-1.5,0.));
#8659 = LINE('',#8660,#8661);
#8660 = CARTESIAN_POINT('',(-6.5,-1.5,-4.440892098501E-16));
#8661 = VECTOR('',#8662,1.);
#8662 = DIRECTION('',(1.,0.,0.));
#8663 = ORIENTED_EDGE('',*,*,#8664,.F.);
#8664 = EDGE_CURVE('',#8665,#8657,#8667,.T.);
#8665 = VERTEX_POINT('',#8666);
#8666 = CARTESIAN_POINT('',(12.5,-1.5,3.E-15));
#8667 = CIRCLE('',#8668,0.8);
#8668 = AXIS2_PLACEMENT_3D('',#8669,#8670,#8671);
#8669 = CARTESIAN_POINT('',(11.934314575051,-1.5,-0.565685424949));
#8670 = DIRECTION('',(0.,-1.,2.2E-16));
#8671 = DIRECTION('',(1.,0.,0.));
#8672 = ORIENTED_EDGE('',*,*,#8673,.F.);
#8673 = EDGE_CURVE('',#8674,#8665,#8676,.T.);
#8674 = VERTEX_POINT('',#8675);
#8675 = CARTESIAN_POINT('',(12.734314575051,-1.5,-0.565685424949));
#8676 = CIRCLE('',#8677,0.8);
#8677 = AXIS2_PLACEMENT_3D('',#8678,#8679,#8680);
#8678 = CARTESIAN_POINT('',(11.934314575051,-1.5,-0.565685424949));
#8679 = DIRECTION('',(0.,-1.,2.2E-16));
#8680 = DIRECTION('',(1.,0.,0.));
#8681 = ORIENTED_EDGE('',*,*,#8682,.F.);
#8682 = EDGE_CURVE('',#8683,#8674,#8685,.T.);
#8683 = VERTEX_POINT('',#8684);
#8684 = CARTESIAN_POINT('',(12.5,-1.5,-1.131370849898));
#8685 = CIRCLE('',#8686,0.8);
#8686 = AXIS2_PLACEMENT_3D('',#8687,#8688,#8689);
#8687 = CARTESIAN_POINT('',(11.934314575051,-1.5,-0.565685424949));
#8688 = DIRECTION('',(0.,-1.,2.2E-16));
#8689 = DIRECTION('',(1.,0.,0.));
#8690 = ORIENTED_EDGE('',*,*,#8691,.T.);
#8691 = EDGE_CURVE('',#8683,#8692,#8694,.T.);
#8692 = VERTEX_POINT('',#8693);
#8693 = CARTESIAN_POINT('',(12.5,-1.5,-9.2));
#8694 = LINE('',#8695,#8696);
#8695 = CARTESIAN_POINT('',(12.5,-1.5,2.22044604925E-15));
#8696 = VECTOR('',#8697,1.);
#8697 = DIRECTION('',(0.,2.2E-16,-1.));
#8698 = ORIENTED_EDGE('',*,*,#8699,.T.);
#8699 = EDGE_CURVE('',#8692,#8700,#8702,.T.);
#8700 = VERTEX_POINT('',#8701);
#8701 = CARTESIAN_POINT('',(22.5,-1.5,-9.2));
#8702 = LINE('',#8703,#8704);
#8703 = CARTESIAN_POINT('',(12.5,-1.5,-9.2));
#8704 = VECTOR('',#8705,1.);
#8705 = DIRECTION('',(1.,0.,0.));
#8706 = ORIENTED_EDGE('',*,*,#8707,.T.);
#8707 = EDGE_CURVE('',#8700,#8708,#8710,.T.);
#8708 = VERTEX_POINT('',#8709);
#8709 = CARTESIAN_POINT('',(22.5,-1.5,-4.2));
#8710 = LINE('',#8711,#8712);
#8711 = CARTESIAN_POINT('',(22.5,-1.5,-9.2));
#8712 = VECTOR('',#8713,1.);
#8713 = DIRECTION('',(0.,-2.2E-16,1.));
#8714 = ORIENTED_EDGE('',*,*,#8715,.T.);
#8715 = EDGE_CURVE('',#8708,#8716,#8718,.T.);
#8716 = VERTEX_POINT('',#8717);
#8717 = CARTESIAN_POINT('',(19.631370849898,-1.5,-4.2));
#8718 = LINE('',#8719,#8720);
#8719 = CARTESIAN_POINT('',(22.5,-1.5,-4.2));
#8720 = VECTOR('',#8721,1.);
#8721 = DIRECTION('',(-1.,0.,0.));
#8722 = ORIENTED_EDGE('',*,*,#8723,.F.);
#8723 = EDGE_CURVE('',#8724,#8716,#8726,.T.);
#8724 = VERTEX_POINT('',#8725);
#8725 = CARTESIAN_POINT('',(18.5,-1.5,-4.2));
#8726 = CIRCLE('',#8727,0.8);
#8727 = AXIS2_PLACEMENT_3D('',#8728,#8729,#8730);
#8728 = CARTESIAN_POINT('',(19.065685424949,-1.5,-3.634314575051));
#8729 = DIRECTION('',(0.,-1.,2.2E-16));
#8730 = DIRECTION('',(1.,0.,0.));
#8731 = ORIENTED_EDGE('',*,*,#8732,.F.);
#8732 = EDGE_CURVE('',#8733,#8724,#8735,.T.);
#8733 = VERTEX_POINT('',#8734);
#8734 = CARTESIAN_POINT('',(18.5,-1.5,-3.068629150102));
#8735 = CIRCLE('',#8736,0.8);
#8736 = AXIS2_PLACEMENT_3D('',#8737,#8738,#8739);
#8737 = CARTESIAN_POINT('',(19.065685424949,-1.5,-3.634314575051));
#8738 = DIRECTION('',(0.,-1.,2.2E-16));
#8739 = DIRECTION('',(1.,0.,0.));
#8740 = ORIENTED_EDGE('',*,*,#8741,.T.);
#8741 = EDGE_CURVE('',#8733,#8742,#8744,.T.);
#8742 = VERTEX_POINT('',#8743);
#8743 = CARTESIAN_POINT('',(18.5,-1.5,-1.131370849898));
#8744 = LINE('',#8745,#8746);
#8745 = CARTESIAN_POINT('',(18.5,-1.5,-4.2));
#8746 = VECTOR('',#8747,1.);
#8747 = DIRECTION('',(0.,-2.2E-16,1.));
#8748 = ORIENTED_EDGE('',*,*,#8749,.F.);
#8749 = EDGE_CURVE('',#8750,#8742,#8752,.T.);
#8750 = VERTEX_POINT('',#8751);
#8751 = CARTESIAN_POINT('',(18.5,-1.5,3.E-15));
#8752 = CIRCLE('',#8753,0.8);
#8753 = AXIS2_PLACEMENT_3D('',#8754,#8755,#8756);
#8754 = CARTESIAN_POINT('',(19.065685424949,-1.5,-0.565685424949));
#8755 = DIRECTION('',(0.,-1.,2.2E-16));
#8756 = DIRECTION('',(1.,0.,0.));
#8757 = ORIENTED_EDGE('',*,*,#8758,.F.);
#8758 = EDGE_CURVE('',#8759,#8750,#8761,.T.);
#8759 = VERTEX_POINT('',#8760);
#8760 = CARTESIAN_POINT('',(19.631370849898,-1.5,0.));
#8761 = CIRCLE('',#8762,0.8);
#8762 = AXIS2_PLACEMENT_3D('',#8763,#8764,#8765);
#8763 = CARTESIAN_POINT('',(19.065685424949,-1.5,-0.565685424949));
#8764 = DIRECTION('',(0.,-1.,2.2E-16));
#8765 = DIRECTION('',(1.,0.,0.));
#8766 = ORIENTED_EDGE('',*,*,#8767,.T.);
#8767 = EDGE_CURVE('',#8759,#8768,#8770,.T.);
#8768 = VERTEX_POINT('',#8769);
#8769 = CARTESIAN_POINT('',(29.3,-1.5,1.E-15));
#8770 = LINE('',#8771,#8772);
#8771 = CARTESIAN_POINT('',(-6.5,-1.5,-4.440892098501E-16));
#8772 = VECTOR('',#8773,1.);
#8773 = DIRECTION('',(1.,0.,0.));
#8774 = ORIENTED_EDGE('',*,*,#8775,.T.);
#8775 = EDGE_CURVE('',#8768,#8776,#8778,.T.);
#8776 = VERTEX_POINT('',#8777);
#8777 = CARTESIAN_POINT('',(29.3,-1.5,14.068629150102));
#8778 = LINE('',#8779,#8780);
#8779 = CARTESIAN_POINT('',(29.3,-1.5,14.534314575051));
#8780 = VECTOR('',#8781,1.);
#8781 = DIRECTION('',(-2.E-17,0.,1.));
#8782 = ORIENTED_EDGE('',*,*,#8783,.F.);
#8783 = EDGE_CURVE('',#8784,#8776,#8786,.T.);
#8784 = VERTEX_POINT('',#8785);
#8785 = CARTESIAN_POINT('',(30.431370849898,-1.5,15.2));
#8786 = CIRCLE('',#8787,0.8);
#8787 = AXIS2_PLACEMENT_3D('',#8788,#8789,#8790);
#8788 = CARTESIAN_POINT('',(29.865685424949,-1.5,14.634314575051));
#8789 = DIRECTION('',(0.,-1.,2.2E-16));
#8790 = DIRECTION('',(1.,0.,0.));
#8791 = ORIENTED_EDGE('',*,*,#8792,.F.);
#8792 = EDGE_CURVE('',#8793,#8784,#8795,.T.);
#8793 = VERTEX_POINT('',#8794);
#8794 = CARTESIAN_POINT('',(31.568629150102,-1.5,15.2));
#8795 = LINE('',#8796,#8797);
#8796 = CARTESIAN_POINT('',(38.465685424949,-1.5,15.2));
#8797 = VECTOR('',#8798,1.);
#8798 = DIRECTION('',(-1.,0.,-1.56E-15));
#8799 = ORIENTED_EDGE('',*,*,#8800,.F.);
#8800 = EDGE_CURVE('',#8801,#8793,#8803,.T.);
#8801 = VERTEX_POINT('',#8802);
#8802 = CARTESIAN_POINT('',(32.7,-1.5,14.068629150102));
#8803 = CIRCLE('',#8804,0.8);
#8804 = AXIS2_PLACEMENT_3D('',#8805,#8806,#8807);
#8805 = CARTESIAN_POINT('',(32.134314575051,-1.5,14.634314575051));
#8806 = DIRECTION('',(0.,-1.,2.2E-16));
#8807 = DIRECTION('',(1.,0.,0.));
#8808 = ORIENTED_EDGE('',*,*,#8809,.F.);
#8809 = EDGE_CURVE('',#8810,#8801,#8812,.T.);
#8810 = VERTEX_POINT('',#8811);
#8811 = CARTESIAN_POINT('',(32.7,-1.5,1.E-15));
#8812 = LINE('',#8813,#8814);
#8813 = CARTESIAN_POINT('',(32.7,-1.5,14.534314575051));
#8814 = VECTOR('',#8815,1.);
#8815 = DIRECTION('',(-2.E-17,0.,1.));
#8816 = ORIENTED_EDGE('',*,*,#8817,.T.);
#8817 = EDGE_CURVE('',#8810,#8818,#8820,.T.);
#8818 = VERTEX_POINT('',#8819);
#8819 = CARTESIAN_POINT('',(42.368629150101,-1.5,0.));
#8820 = LINE('',#8821,#8822);
#8821 = CARTESIAN_POINT('',(-6.5,-1.5,-4.440892098501E-16));
#8822 = VECTOR('',#8823,1.);
#8823 = DIRECTION('',(1.,0.,0.));
#8824 = ORIENTED_EDGE('',*,*,#8825,.F.);
#8825 = EDGE_CURVE('',#8826,#8818,#8828,.T.);
#8826 = VERTEX_POINT('',#8827);
#8827 = CARTESIAN_POINT('',(43.5,-1.5,3.E-15));
#8828 = CIRCLE('',#8829,0.8);
#8829 = AXIS2_PLACEMENT_3D('',#8830,#8831,#8832);
#8830 = CARTESIAN_POINT('',(42.934314575051,-1.5,-0.565685424949));
#8831 = DIRECTION('',(0.,-1.,2.2E-16));
#8832 = DIRECTION('',(1.,0.,0.));
#8833 = ORIENTED_EDGE('',*,*,#8834,.F.);
#8834 = EDGE_CURVE('',#8835,#8826,#8837,.T.);
#8835 = VERTEX_POINT('',#8836);
#8836 = CARTESIAN_POINT('',(43.734314575051,-1.5,-0.565685424949));
#8837 = CIRCLE('',#8838,0.8);
#8838 = AXIS2_PLACEMENT_3D('',#8839,#8840,#8841);
#8839 = CARTESIAN_POINT('',(42.934314575051,-1.5,-0.565685424949));
#8840 = DIRECTION('',(0.,-1.,2.2E-16));
#8841 = DIRECTION('',(1.,0.,0.));
#8842 = ORIENTED_EDGE('',*,*,#8843,.F.);
#8843 = EDGE_CURVE('',#8844,#8835,#8846,.T.);
#8844 = VERTEX_POINT('',#8845);
#8845 = CARTESIAN_POINT('',(43.5,-1.5,-1.131370849898));
#8846 = CIRCLE('',#8847,0.8);
#8847 = AXIS2_PLACEMENT_3D('',#8848,#8849,#8850);
#8848 = CARTESIAN_POINT('',(42.934314575051,-1.5,-0.565685424949));
#8849 = DIRECTION('',(0.,-1.,2.2E-16));
#8850 = DIRECTION('',(1.,0.,0.));
#8851 = ORIENTED_EDGE('',*,*,#8852,.T.);
#8852 = EDGE_CURVE('',#8844,#8853,#8855,.T.);
#8853 = VERTEX_POINT('',#8854);
#8854 = CARTESIAN_POINT('',(43.5,-1.5,-9.2));
#8855 = LINE('',#8856,#8857);
#8856 = CARTESIAN_POINT('',(43.5,-1.5,2.22044604925E-15));
#8857 = VECTOR('',#8858,1.);
#8858 = DIRECTION('',(0.,2.2E-16,-1.));
#8859 = ORIENTED_EDGE('',*,*,#8860,.T.);
#8860 = EDGE_CURVE('',#8853,#8861,#8863,.T.);
#8861 = VERTEX_POINT('',#8862);
#8862 = CARTESIAN_POINT('',(53.5,-1.5,-9.2));
#8863 = LINE('',#8864,#8865);
#8864 = CARTESIAN_POINT('',(43.5,-1.5,-9.2));
#8865 = VECTOR('',#8866,1.);
#8866 = DIRECTION('',(1.,0.,0.));
#8867 = ORIENTED_EDGE('',*,*,#8868,.T.);
#8868 = EDGE_CURVE('',#8861,#8869,#8871,.T.);
#8869 = VERTEX_POINT('',#8870);
#8870 = CARTESIAN_POINT('',(53.5,-1.5,-4.2));
#8871 = LINE('',#8872,#8873);
#8872 = CARTESIAN_POINT('',(53.5,-1.5,-9.2));
#8873 = VECTOR('',#8874,1.);
#8874 = DIRECTION('',(0.,-2.2E-16,1.));
#8875 = ORIENTED_EDGE('',*,*,#8876,.T.);
#8876 = EDGE_CURVE('',#8869,#8877,#8879,.T.);
#8877 = VERTEX_POINT('',#8878);
#8878 = CARTESIAN_POINT('',(50.631370849898,-1.5,-4.2));
#8879 = LINE('',#8880,#8881);
#8880 = CARTESIAN_POINT('',(53.5,-1.5,-4.2));
#8881 = VECTOR('',#8882,1.);
#8882 = DIRECTION('',(-1.,0.,0.));
#8883 = ORIENTED_EDGE('',*,*,#8884,.F.);
#8884 = EDGE_CURVE('',#8885,#8877,#8887,.T.);
#8885 = VERTEX_POINT('',#8886);
#8886 = CARTESIAN_POINT('',(49.5,-1.5,-4.2));
#8887 = CIRCLE('',#8888,0.8);
#8888 = AXIS2_PLACEMENT_3D('',#8889,#8890,#8891);
#8889 = CARTESIAN_POINT('',(50.065685424949,-1.5,-3.634314575051));
#8890 = DIRECTION('',(0.,-1.,2.2E-16));
#8891 = DIRECTION('',(1.,0.,0.));
#8892 = ORIENTED_EDGE('',*,*,#8893,.F.);
#8893 = EDGE_CURVE('',#8894,#8885,#8896,.T.);
#8894 = VERTEX_POINT('',#8895);
#8895 = CARTESIAN_POINT('',(49.5,-1.5,-3.068629150102));
#8896 = CIRCLE('',#8897,0.8);
#8897 = AXIS2_PLACEMENT_3D('',#8898,#8899,#8900);
#8898 = CARTESIAN_POINT('',(50.065685424949,-1.5,-3.634314575051));
#8899 = DIRECTION('',(0.,-1.,2.2E-16));
#8900 = DIRECTION('',(1.,0.,0.));
#8901 = ORIENTED_EDGE('',*,*,#8902,.T.);
#8902 = EDGE_CURVE('',#8894,#8903,#8905,.T.);
#8903 = VERTEX_POINT('',#8904);
#8904 = CARTESIAN_POINT('',(49.5,-1.5,-1.131370849898));
#8905 = LINE('',#8906,#8907);
#8906 = CARTESIAN_POINT('',(49.5,-1.5,-4.2));
#8907 = VECTOR('',#8908,1.);
#8908 = DIRECTION('',(0.,-2.2E-16,1.));
#8909 = ORIENTED_EDGE('',*,*,#8910,.F.);
#8910 = EDGE_CURVE('',#8911,#8903,#8913,.T.);
#8911 = VERTEX_POINT('',#8912);
#8912 = CARTESIAN_POINT('',(49.5,-1.5,3.E-15));
#8913 = CIRCLE('',#8914,0.8);
#8914 = AXIS2_PLACEMENT_3D('',#8915,#8916,#8917);
#8915 = CARTESIAN_POINT('',(50.065685424949,-1.5,-0.565685424949));
#8916 = DIRECTION('',(0.,-1.,2.2E-16));
#8917 = DIRECTION('',(1.,0.,0.));
#8918 = ORIENTED_EDGE('',*,*,#8919,.F.);
#8919 = EDGE_CURVE('',#8920,#8911,#8922,.T.);
#8920 = VERTEX_POINT('',#8921);
#8921 = CARTESIAN_POINT('',(50.631370849898,-1.5,0.));
#8922 = CIRCLE('',#8923,0.8);
#8923 = AXIS2_PLACEMENT_3D('',#8924,#8925,#8926);
#8924 = CARTESIAN_POINT('',(50.065685424949,-1.5,-0.565685424949));
#8925 = DIRECTION('',(0.,-1.,2.2E-16));
#8926 = DIRECTION('',(1.,0.,0.));
#8927 = ORIENTED_EDGE('',*,*,#8928,.T.);
#8928 = EDGE_CURVE('',#8920,#8929,#8931,.T.);
#8929 = VERTEX_POINT('',#8930);
#8930 = CARTESIAN_POINT('',(60.3,-1.5,1.E-15));
#8931 = LINE('',#8932,#8933);
#8932 = CARTESIAN_POINT('',(-6.5,-1.5,-4.440892098501E-16));
#8933 = VECTOR('',#8934,1.);
#8934 = DIRECTION('',(1.,0.,0.));
#8935 = ORIENTED_EDGE('',*,*,#8936,.T.);
#8936 = EDGE_CURVE('',#8929,#8937,#8939,.T.);
#8937 = VERTEX_POINT('',#8938);
#8938 = CARTESIAN_POINT('',(60.3,-1.5,14.068629150102));
#8939 = LINE('',#8940,#8941);
#8940 = CARTESIAN_POINT('',(60.3,-1.5,14.534314575051));
#8941 = VECTOR('',#8942,1.);
#8942 = DIRECTION('',(-2.E-17,0.,1.));
#8943 = ORIENTED_EDGE('',*,*,#8944,.F.);
#8944 = EDGE_CURVE('',#8945,#8937,#8947,.T.);
#8945 = VERTEX_POINT('',#8946);
#8946 = CARTESIAN_POINT('',(61.431370849898,-1.5,15.2));
#8947 = CIRCLE('',#8948,0.8);
#8948 = AXIS2_PLACEMENT_3D('',#8949,#8950,#8951);
#8949 = CARTESIAN_POINT('',(60.865685424949,-1.5,14.634314575051));
#8950 = DIRECTION('',(0.,-1.,2.2E-16));
#8951 = DIRECTION('',(1.,0.,0.));
#8952 = ORIENTED_EDGE('',*,*,#8953,.F.);
#8953 = EDGE_CURVE('',#8954,#8945,#8956,.T.);
#8954 = VERTEX_POINT('',#8955);
#8955 = CARTESIAN_POINT('',(62.568629150102,-1.5,15.2));
#8956 = LINE('',#8957,#8958);
#8957 = CARTESIAN_POINT('',(53.965685424949,-1.5,15.2));
#8958 = VECTOR('',#8959,1.);
#8959 = DIRECTION('',(-1.,0.,-1.56E-15));
#8960 = ORIENTED_EDGE('',*,*,#8961,.F.);
#8961 = EDGE_CURVE('',#8962,#8954,#8964,.T.);
#8962 = VERTEX_POINT('',#8963);
#8963 = CARTESIAN_POINT('',(63.7,-1.5,14.068629150102));
#8964 = CIRCLE('',#8965,0.8);
#8965 = AXIS2_PLACEMENT_3D('',#8966,#8967,#8968);
#8966 = CARTESIAN_POINT('',(63.134314575051,-1.5,14.634314575051));
#8967 = DIRECTION('',(0.,-1.,2.2E-16));
#8968 = DIRECTION('',(1.,0.,0.));
#8969 = ORIENTED_EDGE('',*,*,#8970,.F.);
#8970 = EDGE_CURVE('',#7995,#8962,#8971,.T.);
#8971 = LINE('',#8972,#8973);
#8972 = CARTESIAN_POINT('',(63.7,-1.5,14.534314575051));
#8973 = VECTOR('',#8974,1.);
#8974 = DIRECTION('',(-2.E-17,0.,1.));
#8975 = ORIENTED_EDGE('',*,*,#8002,.T.);
#8976 = ORIENTED_EDGE('',*,*,#8977,.F.);
#8977 = EDGE_CURVE('',#8978,#8003,#8980,.T.);
#8978 = VERTEX_POINT('',#8979);
#8979 = CARTESIAN_POINT('',(74.5,-1.5,3.E-15));
#8980 = CIRCLE('',#8981,0.8);
#8981 = AXIS2_PLACEMENT_3D('',#8982,#8983,#8984);
#8982 = CARTESIAN_POINT('',(73.934314575051,-1.5,-0.565685424949));
#8983 = DIRECTION('',(0.,-1.,2.2E-16));
#8984 = DIRECTION('',(1.,0.,0.));
#8985 = ORIENTED_EDGE('',*,*,#8986,.F.);
#8986 = EDGE_CURVE('',#8987,#8978,#8989,.T.);
#8987 = VERTEX_POINT('',#8988);
#8988 = CARTESIAN_POINT('',(74.734314575051,-1.5,-0.565685424949));
#8989 = CIRCLE('',#8990,0.8);
#8990 = AXIS2_PLACEMENT_3D('',#8991,#8992,#8993);
#8991 = CARTESIAN_POINT('',(73.934314575051,-1.5,-0.565685424949));
#8992 = DIRECTION('',(0.,-1.,2.2E-16));
#8993 = DIRECTION('',(1.,0.,0.));
#8994 = ORIENTED_EDGE('',*,*,#8995,.F.);
#8995 = EDGE_CURVE('',#8996,#8987,#8998,.T.);
#8996 = VERTEX_POINT('',#8997);
#8997 = CARTESIAN_POINT('',(74.5,-1.5,-1.131370849898));
#8998 = CIRCLE('',#8999,0.8);
#8999 = AXIS2_PLACEMENT_3D('',#9000,#9001,#9002);
#9000 = CARTESIAN_POINT('',(73.934314575051,-1.5,-0.565685424949));
#9001 = DIRECTION('',(0.,-1.,2.2E-16));
#9002 = DIRECTION('',(1.,0.,0.));
#9003 = ORIENTED_EDGE('',*,*,#9004,.T.);
#9004 = EDGE_CURVE('',#8996,#9005,#9007,.T.);
#9005 = VERTEX_POINT('',#9006);
#9006 = CARTESIAN_POINT('',(74.5,-1.5,-9.2));
#9007 = LINE('',#9008,#9009);
#9008 = CARTESIAN_POINT('',(74.5,-1.5,2.22044604925E-15));
#9009 = VECTOR('',#9010,1.);
#9010 = DIRECTION('',(0.,2.2E-16,-1.));
#9011 = ORIENTED_EDGE('',*,*,#9012,.T.);
#9012 = EDGE_CURVE('',#9005,#9013,#9015,.T.);
#9013 = VERTEX_POINT('',#9014);
#9014 = CARTESIAN_POINT('',(84.5,-1.5,-9.2));
#9015 = LINE('',#9016,#9017);
#9016 = CARTESIAN_POINT('',(74.5,-1.5,-9.2));
#9017 = VECTOR('',#9018,1.);
#9018 = DIRECTION('',(1.,0.,0.));
#9019 = ORIENTED_EDGE('',*,*,#9020,.T.);
#9020 = EDGE_CURVE('',#9013,#9021,#9023,.T.);
#9021 = VERTEX_POINT('',#9022);
#9022 = CARTESIAN_POINT('',(84.5,-1.5,-4.2));
#9023 = LINE('',#9024,#9025);
#9024 = CARTESIAN_POINT('',(84.5,-1.5,-9.2));
#9025 = VECTOR('',#9026,1.);
#9026 = DIRECTION('',(0.,-2.2E-16,1.));
#9027 = ORIENTED_EDGE('',*,*,#9028,.T.);
#9028 = EDGE_CURVE('',#9021,#9029,#9031,.T.);
#9029 = VERTEX_POINT('',#9030);
#9030 = CARTESIAN_POINT('',(81.631370849899,-1.5,-4.2));
#9031 = LINE('',#9032,#9033);
#9032 = CARTESIAN_POINT('',(84.5,-1.5,-4.2));
#9033 = VECTOR('',#9034,1.);
#9034 = DIRECTION('',(-1.,0.,0.));
#9035 = ORIENTED_EDGE('',*,*,#9036,.F.);
#9036 = EDGE_CURVE('',#9037,#9029,#9039,.T.);
#9037 = VERTEX_POINT('',#9038);
#9038 = CARTESIAN_POINT('',(80.5,-1.5,-4.2));
#9039 = CIRCLE('',#9040,0.8);
#9040 = AXIS2_PLACEMENT_3D('',#9041,#9042,#9043);
#9041 = CARTESIAN_POINT('',(81.065685424949,-1.5,-3.634314575051));
#9042 = DIRECTION('',(0.,-1.,2.2E-16));
#9043 = DIRECTION('',(1.,0.,0.));
#9044 = ORIENTED_EDGE('',*,*,#9045,.F.);
#9045 = EDGE_CURVE('',#9046,#9037,#9048,.T.);
#9046 = VERTEX_POINT('',#9047);
#9047 = CARTESIAN_POINT('',(80.5,-1.5,-3.068629150102));
#9048 = CIRCLE('',#9049,0.8);
#9049 = AXIS2_PLACEMENT_3D('',#9050,#9051,#9052);
#9050 = CARTESIAN_POINT('',(81.065685424949,-1.5,-3.634314575051));
#9051 = DIRECTION('',(0.,-1.,2.2E-16));
#9052 = DIRECTION('',(1.,0.,0.));
#9053 = ORIENTED_EDGE('',*,*,#9054,.T.);
#9054 = EDGE_CURVE('',#9046,#9055,#9057,.T.);
#9055 = VERTEX_POINT('',#9056);
#9056 = CARTESIAN_POINT('',(80.5,-1.5,-1.131370849898));
#9057 = LINE('',#9058,#9059);
#9058 = CARTESIAN_POINT('',(80.5,-1.5,-4.2));
#9059 = VECTOR('',#9060,1.);
#9060 = DIRECTION('',(0.,-2.2E-16,1.));
#9061 = ORIENTED_EDGE('',*,*,#9062,.F.);
#9062 = EDGE_CURVE('',#9063,#9055,#9065,.T.);
#9063 = VERTEX_POINT('',#9064);
#9064 = CARTESIAN_POINT('',(80.5,-1.5,3.E-15));
#9065 = CIRCLE('',#9066,0.8);
#9066 = AXIS2_PLACEMENT_3D('',#9067,#9068,#9069);
#9067 = CARTESIAN_POINT('',(81.065685424949,-1.5,-0.565685424949));
#9068 = DIRECTION('',(0.,-1.,2.2E-16));
#9069 = DIRECTION('',(1.,0.,0.));
#9070 = ORIENTED_EDGE('',*,*,#9071,.F.);
#9071 = EDGE_CURVE('',#9072,#9063,#9074,.T.);
#9072 = VERTEX_POINT('',#9073);
#9073 = CARTESIAN_POINT('',(81.631370849899,-1.5,0.));
#9074 = CIRCLE('',#9075,0.8);
#9075 = AXIS2_PLACEMENT_3D('',#9076,#9077,#9078);
#9076 = CARTESIAN_POINT('',(81.065685424949,-1.5,-0.565685424949));
#9077 = DIRECTION('',(0.,-1.,2.2E-16));
#9078 = DIRECTION('',(1.,0.,0.));
#9079 = ORIENTED_EDGE('',*,*,#9080,.T.);
#9080 = EDGE_CURVE('',#9072,#9081,#9083,.T.);
#9081 = VERTEX_POINT('',#9082);
#9082 = CARTESIAN_POINT('',(91.3,-1.5,1.E-15));
#9083 = LINE('',#9084,#9085);
#9084 = CARTESIAN_POINT('',(-6.5,-1.5,-4.440892098501E-16));
#9085 = VECTOR('',#9086,1.);
#9086 = DIRECTION('',(1.,0.,0.));
#9087 = ORIENTED_EDGE('',*,*,#9088,.T.);
#9088 = EDGE_CURVE('',#9081,#9089,#9091,.T.);
#9089 = VERTEX_POINT('',#9090);
#9090 = CARTESIAN_POINT('',(91.3,-1.5,14.068629150102));
#9091 = LINE('',#9092,#9093);
#9092 = CARTESIAN_POINT('',(91.3,-1.5,14.534314575051));
#9093 = VECTOR('',#9094,1.);
#9094 = DIRECTION('',(-2.E-17,0.,1.));
#9095 = ORIENTED_EDGE('',*,*,#9096,.F.);
#9096 = EDGE_CURVE('',#9097,#9089,#9099,.T.);
#9097 = VERTEX_POINT('',#9098);
#9098 = CARTESIAN_POINT('',(92.431370849898,-1.5,15.2));
#9099 = CIRCLE('',#9100,0.8);
#9100 = AXIS2_PLACEMENT_3D('',#9101,#9102,#9103);
#9101 = CARTESIAN_POINT('',(91.865685424949,-1.5,14.634314575051));
#9102 = DIRECTION('',(0.,-1.,2.2E-16));
#9103 = DIRECTION('',(1.,0.,0.));
#9104 = ORIENTED_EDGE('',*,*,#9105,.F.);
#9105 = EDGE_CURVE('',#9106,#9097,#9108,.T.);
#9106 = VERTEX_POINT('',#9107);
#9107 = CARTESIAN_POINT('',(93.568629150102,-1.5,15.2));
#9108 = LINE('',#9109,#9110);
#9109 = CARTESIAN_POINT('',(69.465685424949,-1.5,15.2));
#9110 = VECTOR('',#9111,1.);
#9111 = DIRECTION('',(-1.,0.,-1.56E-15));
#9112 = ORIENTED_EDGE('',*,*,#9113,.F.);
#9113 = EDGE_CURVE('',#9114,#9106,#9116,.T.);
#9114 = VERTEX_POINT('',#9115);
#9115 = CARTESIAN_POINT('',(94.7,-1.5,14.068629150102));
#9116 = CIRCLE('',#9117,0.8);
#9117 = AXIS2_PLACEMENT_3D('',#9118,#9119,#9120);
#9118 = CARTESIAN_POINT('',(94.134314575051,-1.5,14.634314575051));
#9119 = DIRECTION('',(0.,-1.,2.2E-16));
#9120 = DIRECTION('',(1.,0.,0.));
#9121 = ORIENTED_EDGE('',*,*,#9122,.F.);
#9122 = EDGE_CURVE('',#9123,#9114,#9125,.T.);
#9123 = VERTEX_POINT('',#9124);
#9124 = CARTESIAN_POINT('',(94.7,-1.5,1.E-15));
#9125 = LINE('',#9126,#9127);
#9126 = CARTESIAN_POINT('',(94.7,-1.5,14.534314575051));
#9127 = VECTOR('',#9128,1.);
#9128 = DIRECTION('',(-2.E-17,0.,1.));
#9129 = ORIENTED_EDGE('',*,*,#9130,.T.);
#9130 = EDGE_CURVE('',#9123,#9131,#9133,.T.);
#9131 = VERTEX_POINT('',#9132);
#9132 = CARTESIAN_POINT('',(99.5,-1.5,0.));
#9133 = LINE('',#9134,#9135);
#9134 = CARTESIAN_POINT('',(-6.5,-1.5,-4.440892098501E-16));
#9135 = VECTOR('',#9136,1.);
#9136 = DIRECTION('',(1.,0.,0.));
#9137 = ORIENTED_EDGE('',*,*,#9138,.T.);
#9138 = EDGE_CURVE('',#9131,#8589,#9139,.T.);
#9139 = LINE('',#9140,#9141);
#9140 = CARTESIAN_POINT('',(99.5,-1.5,-4.440892098501E-16));
#9141 = VECTOR('',#9142,1.);
#9142 = DIRECTION('',(0.,-2.2E-16,1.));
#9143 = PLANE('',#9144);
#9144 = AXIS2_PLACEMENT_3D('',#9145,#9146,#9147);
#9145 = CARTESIAN_POINT('',(46.879828517484,-1.5,9.807552451476));
#9146 = DIRECTION('',(0.,-1.,2.1E-16));
#9147 = DIRECTION('',(0.,2.1E-16,1.));
#9148 = ADVANCED_FACE('',(#9149),#9160,.T.);
#9149 = FACE_BOUND('',#9150,.T.);
#9150 = EDGE_LOOP('',(#9151,#9152,#9158,#9159));
#9151 = ORIENTED_EDGE('',*,*,#8970,.T.);
#9152 = ORIENTED_EDGE('',*,*,#9153,.T.);
#9153 = EDGE_CURVE('',#8962,#8219,#9154,.T.);
#9154 = LINE('',#9155,#9156);
#9155 = CARTESIAN_POINT('',(63.7,-111.3063991871,14.068629150102));
#9156 = VECTOR('',#9157,1.);
#9157 = DIRECTION('',(0.,1.,-2.2E-16));
#9158 = ORIENTED_EDGE('',*,*,#8218,.F.);
#9159 = ORIENTED_EDGE('',*,*,#7994,.F.);
#9160 = PLANE('',#9161);
#9161 = AXIS2_PLACEMENT_3D('',#9162,#9163,#9164);
#9162 = CARTESIAN_POINT('',(63.7,-111.3063991871,14.068629150102));
#9163 = DIRECTION('',(-1.,0.,-2.E-17));
#9164 = DIRECTION('',(2.E-17,-2.2E-16,-1.));
#9165 = ADVANCED_FACE('',(#9166),#9182,.F.);
#9166 = FACE_BOUND('',#9167,.F.);
#9167 = EDGE_LOOP('',(#9168,#9169,#9175,#9176));
#9168 = ORIENTED_EDGE('',*,*,#8024,.F.);
#9169 = ORIENTED_EDGE('',*,*,#9170,.T.);
#9170 = EDGE_CURVE('',#8025,#8599,#9171,.T.);
#9171 = LINE('',#9172,#9173);
#9172 = CARTESIAN_POINT('',(-6.5,1.5,-3.4E-16));
#9173 = VECTOR('',#9174,1.);
#9174 = DIRECTION('',(0.,-1.,2.2E-16));
#9175 = ORIENTED_EDGE('',*,*,#8606,.T.);
#9176 = ORIENTED_EDGE('',*,*,#9177,.T.);
#9177 = EDGE_CURVE('',#8607,#8027,#9178,.T.);
#9178 = LINE('',#9179,#9180);
#9179 = CARTESIAN_POINT('',(-1.7,-111.3063991871,2.472E-14));
#9180 = VECTOR('',#9181,1.);
#9181 = DIRECTION('',(0.,1.,-2.2E-16));
#9182 = PLANE('',#9183);
#9183 = AXIS2_PLACEMENT_3D('',#9184,#9185,#9186);
#9184 = CARTESIAN_POINT('',(-6.5,1.5,-3.4E-16));
#9185 = DIRECTION('',(0.,2.2E-16,1.));
#9186 = DIRECTION('',(1.,0.,0.));
#9187 = ADVANCED_FACE('',(#9188),#9199,.F.);
#9188 = FACE_BOUND('',#9189,.F.);
#9189 = EDGE_LOOP('',(#9190,#9191,#9197,#9198));
#9190 = ORIENTED_EDGE('',*,*,#8614,.T.);
#9191 = ORIENTED_EDGE('',*,*,#9192,.T.);
#9192 = EDGE_CURVE('',#8615,#8566,#9193,.T.);
#9193 = LINE('',#9194,#9195);
#9194 = CARTESIAN_POINT('',(-1.7,-111.3063991871,14.068629150102));
#9195 = VECTOR('',#9196,1.);
#9196 = DIRECTION('',(0.,1.,-2.2E-16));
#9197 = ORIENTED_EDGE('',*,*,#8574,.F.);
#9198 = ORIENTED_EDGE('',*,*,#9177,.F.);
#9199 = PLANE('',#9200);
#9200 = AXIS2_PLACEMENT_3D('',#9201,#9202,#9203);
#9201 = CARTESIAN_POINT('',(-1.7,-111.3063991871,14.068629150102));
#9202 = DIRECTION('',(-1.,0.,-2.E-17));
#9203 = DIRECTION('',(2.E-17,-2.2E-16,-1.));
#9204 = ADVANCED_FACE('',(#9205),#9216,.F.);
#9205 = FACE_BOUND('',#9206,.F.);
#9206 = EDGE_LOOP('',(#9207,#9208,#9214,#9215));
#9207 = ORIENTED_EDGE('',*,*,#8622,.F.);
#9208 = ORIENTED_EDGE('',*,*,#9209,.T.);
#9209 = EDGE_CURVE('',#8623,#8558,#9210,.T.);
#9210 = LINE('',#9211,#9212);
#9211 = CARTESIAN_POINT('',(-0.568629150102,-111.3063991871,15.2));
#9212 = VECTOR('',#9213,1.);
#9213 = DIRECTION('',(0.,1.,-2.2E-16));
#9214 = ORIENTED_EDGE('',*,*,#8565,.T.);
#9215 = ORIENTED_EDGE('',*,*,#9192,.F.);
#9216 = CYLINDRICAL_SURFACE('',#9217,0.8);
#9217 = AXIS2_PLACEMENT_3D('',#9218,#9219,#9220);
#9218 = CARTESIAN_POINT('',(-1.134314575051,-111.3063991871,
    14.634314575051));
#9219 = DIRECTION('',(0.,-1.,2.2E-16));
#9220 = DIRECTION('',(1.,0.,0.));
#9221 = ADVANCED_FACE('',(#9222),#9233,.T.);
#9222 = FACE_BOUND('',#9223,.T.);
#9223 = EDGE_LOOP('',(#9224,#9225,#9226,#9227));
#9224 = ORIENTED_EDGE('',*,*,#8631,.T.);
#9225 = ORIENTED_EDGE('',*,*,#9209,.T.);
#9226 = ORIENTED_EDGE('',*,*,#8557,.F.);
#9227 = ORIENTED_EDGE('',*,*,#9228,.F.);
#9228 = EDGE_CURVE('',#8632,#8549,#9229,.T.);
#9229 = LINE('',#9230,#9231);
#9230 = CARTESIAN_POINT('',(0.568629150102,-111.3063991871,15.2));
#9231 = VECTOR('',#9232,1.);
#9232 = DIRECTION('',(0.,1.,-2.2E-16));
#9233 = PLANE('',#9234);
#9234 = AXIS2_PLACEMENT_3D('',#9235,#9236,#9237);
#9235 = CARTESIAN_POINT('',(-0.568629150102,-111.3063991871,15.2));
#9236 = DIRECTION('',(1.56E-15,-2.2E-16,-1.));
#9237 = DIRECTION('',(1.,0.,1.56E-15));
#9238 = ADVANCED_FACE('',(#9239),#9250,.F.);
#9239 = FACE_BOUND('',#9240,.F.);
#9240 = EDGE_LOOP('',(#9241,#9242,#9248,#9249));
#9241 = ORIENTED_EDGE('',*,*,#8639,.F.);
#9242 = ORIENTED_EDGE('',*,*,#9243,.T.);
#9243 = EDGE_CURVE('',#8640,#8541,#9244,.T.);
#9244 = LINE('',#9245,#9246);
#9245 = CARTESIAN_POINT('',(1.7,-111.3063991871,14.068629150102));
#9246 = VECTOR('',#9247,1.);
#9247 = DIRECTION('',(0.,1.,-2.2E-16));
#9248 = ORIENTED_EDGE('',*,*,#8548,.T.);
#9249 = ORIENTED_EDGE('',*,*,#9228,.F.);
#9250 = CYLINDRICAL_SURFACE('',#9251,0.8);
#9251 = AXIS2_PLACEMENT_3D('',#9252,#9253,#9254);
#9252 = CARTESIAN_POINT('',(1.134314575051,-111.3063991871,
    14.634314575051));
#9253 = DIRECTION('',(0.,-1.,2.2E-16));
#9254 = DIRECTION('',(1.,0.,0.));
#9255 = ADVANCED_FACE('',(#9256),#9267,.T.);
#9256 = FACE_BOUND('',#9257,.T.);
#9257 = EDGE_LOOP('',(#9258,#9259,#9260,#9261));
#9258 = ORIENTED_EDGE('',*,*,#8648,.T.);
#9259 = ORIENTED_EDGE('',*,*,#9243,.T.);
#9260 = ORIENTED_EDGE('',*,*,#8540,.F.);
#9261 = ORIENTED_EDGE('',*,*,#9262,.F.);
#9262 = EDGE_CURVE('',#8649,#8533,#9263,.T.);
#9263 = LINE('',#9264,#9265);
#9264 = CARTESIAN_POINT('',(1.7,-111.3063991871,2.472E-14));
#9265 = VECTOR('',#9266,1.);
#9266 = DIRECTION('',(0.,1.,-2.2E-16));
#9267 = PLANE('',#9268);
#9268 = AXIS2_PLACEMENT_3D('',#9269,#9270,#9271);
#9269 = CARTESIAN_POINT('',(1.7,-111.3063991871,14.068629150102));
#9270 = DIRECTION('',(-1.,0.,-2.E-17));
#9271 = DIRECTION('',(2.E-17,-2.2E-16,-1.));
#9272 = ADVANCED_FACE('',(#9273),#9284,.F.);
#9273 = FACE_BOUND('',#9274,.F.);
#9274 = EDGE_LOOP('',(#9275,#9276,#9277,#9278));
#9275 = ORIENTED_EDGE('',*,*,#8532,.F.);
#9276 = ORIENTED_EDGE('',*,*,#9262,.F.);
#9277 = ORIENTED_EDGE('',*,*,#8656,.T.);
#9278 = ORIENTED_EDGE('',*,*,#9279,.F.);
#9279 = EDGE_CURVE('',#8524,#8657,#9280,.T.);
#9280 = LINE('',#9281,#9282);
#9281 = CARTESIAN_POINT('',(11.368629150102,-114.186474523,5.025E-14));
#9282 = VECTOR('',#9283,1.);
#9283 = DIRECTION('',(0.,-1.,2.2E-16));
#9284 = PLANE('',#9285);
#9285 = AXIS2_PLACEMENT_3D('',#9286,#9287,#9288);
#9286 = CARTESIAN_POINT('',(-6.5,1.5,-3.4E-16));
#9287 = DIRECTION('',(0.,2.2E-16,1.));
#9288 = DIRECTION('',(1.,0.,0.));
#9289 = ADVANCED_FACE('',(#9290),#9305,.F.);
#9290 = FACE_BOUND('',#9291,.F.);
#9291 = EDGE_LOOP('',(#9292,#9298,#9299,#9300,#9301,#9302,#9303,#9304));
#9292 = ORIENTED_EDGE('',*,*,#9293,.F.);
#9293 = EDGE_CURVE('',#8498,#8683,#9294,.T.);
#9294 = LINE('',#9295,#9296);
#9295 = CARTESIAN_POINT('',(12.5,-114.186474523,-1.131370849898));
#9296 = VECTOR('',#9297,1.);
#9297 = DIRECTION('',(0.,-1.,2.2E-16));
#9298 = ORIENTED_EDGE('',*,*,#8505,.T.);
#9299 = ORIENTED_EDGE('',*,*,#8514,.T.);
#9300 = ORIENTED_EDGE('',*,*,#8523,.T.);
#9301 = ORIENTED_EDGE('',*,*,#9279,.T.);
#9302 = ORIENTED_EDGE('',*,*,#8664,.F.);
#9303 = ORIENTED_EDGE('',*,*,#8673,.F.);
#9304 = ORIENTED_EDGE('',*,*,#8682,.F.);
#9305 = CYLINDRICAL_SURFACE('',#9306,0.8);
#9306 = AXIS2_PLACEMENT_3D('',#9307,#9308,#9309);
#9307 = CARTESIAN_POINT('',(11.934314575051,-114.186474523,
    -0.565685424949));
#9308 = DIRECTION('',(0.,-1.,2.2E-16));
#9309 = DIRECTION('',(1.,0.,0.));
#9310 = ADVANCED_FACE('',(#9311),#9322,.F.);
#9311 = FACE_BOUND('',#9312,.F.);
#9312 = EDGE_LOOP('',(#9313,#9314,#9315,#9316));
#9313 = ORIENTED_EDGE('',*,*,#8497,.F.);
#9314 = ORIENTED_EDGE('',*,*,#9293,.T.);
#9315 = ORIENTED_EDGE('',*,*,#8691,.T.);
#9316 = ORIENTED_EDGE('',*,*,#9317,.F.);
#9317 = EDGE_CURVE('',#8490,#8692,#9318,.T.);
#9318 = LINE('',#9319,#9320);
#9319 = CARTESIAN_POINT('',(12.5,1.5,-9.2));
#9320 = VECTOR('',#9321,1.);
#9321 = DIRECTION('',(0.,-1.,2.2E-16));
#9322 = PLANE('',#9323);
#9323 = AXIS2_PLACEMENT_3D('',#9324,#9325,#9326);
#9324 = CARTESIAN_POINT('',(12.5,1.5,2.33E-15));
#9325 = DIRECTION('',(1.,0.,0.));
#9326 = DIRECTION('',(0.,-2.2E-16,-1.));
#9327 = ADVANCED_FACE('',(#9328),#9339,.F.);
#9328 = FACE_BOUND('',#9329,.F.);
#9329 = EDGE_LOOP('',(#9330,#9331,#9332,#9338));
#9330 = ORIENTED_EDGE('',*,*,#9317,.T.);
#9331 = ORIENTED_EDGE('',*,*,#8699,.T.);
#9332 = ORIENTED_EDGE('',*,*,#9333,.F.);
#9333 = EDGE_CURVE('',#8482,#8700,#9334,.T.);
#9334 = LINE('',#9335,#9336);
#9335 = CARTESIAN_POINT('',(22.5,1.5,-9.2));
#9336 = VECTOR('',#9337,1.);
#9337 = DIRECTION('',(0.,-1.,2.2E-16));
#9338 = ORIENTED_EDGE('',*,*,#8489,.F.);
#9339 = PLANE('',#9340);
#9340 = AXIS2_PLACEMENT_3D('',#9341,#9342,#9343);
#9341 = CARTESIAN_POINT('',(12.5,1.5,-9.2));
#9342 = DIRECTION('',(0.,2.2E-16,1.));
#9343 = DIRECTION('',(1.,0.,0.));
#9344 = ADVANCED_FACE('',(#9345),#9356,.F.);
#9345 = FACE_BOUND('',#9346,.F.);
#9346 = EDGE_LOOP('',(#9347,#9348,#9349,#9355));
#9347 = ORIENTED_EDGE('',*,*,#9333,.T.);
#9348 = ORIENTED_EDGE('',*,*,#8707,.T.);
#9349 = ORIENTED_EDGE('',*,*,#9350,.F.);
#9350 = EDGE_CURVE('',#8474,#8708,#9351,.T.);
#9351 = LINE('',#9352,#9353);
#9352 = CARTESIAN_POINT('',(22.5,1.5,-4.2));
#9353 = VECTOR('',#9354,1.);
#9354 = DIRECTION('',(0.,-1.,2.2E-16));
#9355 = ORIENTED_EDGE('',*,*,#8481,.F.);
#9356 = PLANE('',#9357);
#9357 = AXIS2_PLACEMENT_3D('',#9358,#9359,#9360);
#9358 = CARTESIAN_POINT('',(22.5,1.5,-9.2));
#9359 = DIRECTION('',(-1.,0.,0.));
#9360 = DIRECTION('',(0.,2.2E-16,1.));
#9361 = ADVANCED_FACE('',(#9362),#9373,.F.);
#9362 = FACE_BOUND('',#9363,.F.);
#9363 = EDGE_LOOP('',(#9364,#9365,#9366,#9367));
#9364 = ORIENTED_EDGE('',*,*,#8473,.F.);
#9365 = ORIENTED_EDGE('',*,*,#9350,.T.);
#9366 = ORIENTED_EDGE('',*,*,#8715,.T.);
#9367 = ORIENTED_EDGE('',*,*,#9368,.F.);
#9368 = EDGE_CURVE('',#8465,#8716,#9369,.T.);
#9369 = LINE('',#9370,#9371);
#9370 = CARTESIAN_POINT('',(19.631370849898,-114.186474523,-4.2));
#9371 = VECTOR('',#9372,1.);
#9372 = DIRECTION('',(0.,-1.,2.2E-16));
#9373 = PLANE('',#9374);
#9374 = AXIS2_PLACEMENT_3D('',#9375,#9376,#9377);
#9375 = CARTESIAN_POINT('',(22.5,1.5,-4.2));
#9376 = DIRECTION('',(0.,-2.2E-16,-1.));
#9377 = DIRECTION('',(-1.,0.,0.));
#9378 = ADVANCED_FACE('',(#9379),#9392,.F.);
#9379 = FACE_BOUND('',#9380,.T.);
#9380 = EDGE_LOOP('',(#9381,#9382,#9383,#9384,#9385,#9386));
#9381 = ORIENTED_EDGE('',*,*,#8732,.T.);
#9382 = ORIENTED_EDGE('',*,*,#8723,.T.);
#9383 = ORIENTED_EDGE('',*,*,#9368,.F.);
#9384 = ORIENTED_EDGE('',*,*,#8464,.F.);
#9385 = ORIENTED_EDGE('',*,*,#8455,.F.);
#9386 = ORIENTED_EDGE('',*,*,#9387,.T.);
#9387 = EDGE_CURVE('',#8448,#8733,#9388,.T.);
#9388 = LINE('',#9389,#9390);
#9389 = CARTESIAN_POINT('',(18.5,-114.186474523,-3.068629150101));
#9390 = VECTOR('',#9391,1.);
#9391 = DIRECTION('',(0.,-1.,2.2E-16));
#9392 = CYLINDRICAL_SURFACE('',#9393,0.8);
#9393 = AXIS2_PLACEMENT_3D('',#9394,#9395,#9396);
#9394 = CARTESIAN_POINT('',(19.065685424949,-114.186474523,
    -3.634314575051));
#9395 = DIRECTION('',(0.,-1.,2.2E-16));
#9396 = DIRECTION('',(1.,0.,0.));
#9397 = ADVANCED_FACE('',(#9398),#9409,.F.);
#9398 = FACE_BOUND('',#9399,.F.);
#9399 = EDGE_LOOP('',(#9400,#9401,#9402,#9403));
#9400 = ORIENTED_EDGE('',*,*,#8447,.F.);
#9401 = ORIENTED_EDGE('',*,*,#9387,.T.);
#9402 = ORIENTED_EDGE('',*,*,#8741,.T.);
#9403 = ORIENTED_EDGE('',*,*,#9404,.F.);
#9404 = EDGE_CURVE('',#8439,#8742,#9405,.T.);
#9405 = LINE('',#9406,#9407);
#9406 = CARTESIAN_POINT('',(18.5,-114.186474523,-1.131370849898));
#9407 = VECTOR('',#9408,1.);
#9408 = DIRECTION('',(0.,-1.,2.2E-16));
#9409 = PLANE('',#9410);
#9410 = AXIS2_PLACEMENT_3D('',#9411,#9412,#9413);
#9411 = CARTESIAN_POINT('',(18.5,1.5,-4.2));
#9412 = DIRECTION('',(-1.,0.,0.));
#9413 = DIRECTION('',(0.,2.2E-16,1.));
#9414 = ADVANCED_FACE('',(#9415),#9428,.F.);
#9415 = FACE_BOUND('',#9416,.T.);
#9416 = EDGE_LOOP('',(#9417,#9418,#9419,#9420,#9421,#9422));
#9417 = ORIENTED_EDGE('',*,*,#8758,.T.);
#9418 = ORIENTED_EDGE('',*,*,#8749,.T.);
#9419 = ORIENTED_EDGE('',*,*,#9404,.F.);
#9420 = ORIENTED_EDGE('',*,*,#8438,.F.);
#9421 = ORIENTED_EDGE('',*,*,#8429,.F.);
#9422 = ORIENTED_EDGE('',*,*,#9423,.T.);
#9423 = EDGE_CURVE('',#8422,#8759,#9424,.T.);
#9424 = LINE('',#9425,#9426);
#9425 = CARTESIAN_POINT('',(19.631370849898,-114.186474523,5.025E-14));
#9426 = VECTOR('',#9427,1.);
#9427 = DIRECTION('',(0.,-1.,2.2E-16));
#9428 = CYLINDRICAL_SURFACE('',#9429,0.8);
#9429 = AXIS2_PLACEMENT_3D('',#9430,#9431,#9432);
#9430 = CARTESIAN_POINT('',(19.065685424949,-114.186474523,
    -0.565685424949));
#9431 = DIRECTION('',(0.,-1.,2.2E-16));
#9432 = DIRECTION('',(1.,0.,0.));
#9433 = ADVANCED_FACE('',(#9434),#9445,.F.);
#9434 = FACE_BOUND('',#9435,.F.);
#9435 = EDGE_LOOP('',(#9436,#9437,#9438,#9439));
#9436 = ORIENTED_EDGE('',*,*,#8421,.F.);
#9437 = ORIENTED_EDGE('',*,*,#9423,.T.);
#9438 = ORIENTED_EDGE('',*,*,#8767,.T.);
#9439 = ORIENTED_EDGE('',*,*,#9440,.T.);
#9440 = EDGE_CURVE('',#8768,#8414,#9441,.T.);
#9441 = LINE('',#9442,#9443);
#9442 = CARTESIAN_POINT('',(29.3,-111.3063991871,2.472E-14));
#9443 = VECTOR('',#9444,1.);
#9444 = DIRECTION('',(0.,1.,-2.2E-16));
#9445 = PLANE('',#9446);
#9446 = AXIS2_PLACEMENT_3D('',#9447,#9448,#9449);
#9447 = CARTESIAN_POINT('',(-6.5,1.5,-3.4E-16));
#9448 = DIRECTION('',(0.,2.2E-16,1.));
#9449 = DIRECTION('',(1.,0.,0.));
#9450 = ADVANCED_FACE('',(#9451),#9462,.F.);
#9451 = FACE_BOUND('',#9452,.F.);
#9452 = EDGE_LOOP('',(#9453,#9454,#9460,#9461));
#9453 = ORIENTED_EDGE('',*,*,#8775,.T.);
#9454 = ORIENTED_EDGE('',*,*,#9455,.T.);
#9455 = EDGE_CURVE('',#8776,#8405,#9456,.T.);
#9456 = LINE('',#9457,#9458);
#9457 = CARTESIAN_POINT('',(29.3,-111.3063991871,14.068629150102));
#9458 = VECTOR('',#9459,1.);
#9459 = DIRECTION('',(0.,1.,-2.2E-16));
#9460 = ORIENTED_EDGE('',*,*,#8413,.F.);
#9461 = ORIENTED_EDGE('',*,*,#9440,.F.);
#9462 = PLANE('',#9463);
#9463 = AXIS2_PLACEMENT_3D('',#9464,#9465,#9466);
#9464 = CARTESIAN_POINT('',(29.3,-111.3063991871,14.068629150102));
#9465 = DIRECTION('',(-1.,0.,-2.E-17));
#9466 = DIRECTION('',(2.E-17,-2.2E-16,-1.));
#9467 = ADVANCED_FACE('',(#9468),#9479,.F.);
#9468 = FACE_BOUND('',#9469,.F.);
#9469 = EDGE_LOOP('',(#9470,#9471,#9477,#9478));
#9470 = ORIENTED_EDGE('',*,*,#8783,.F.);
#9471 = ORIENTED_EDGE('',*,*,#9472,.T.);
#9472 = EDGE_CURVE('',#8784,#8397,#9473,.T.);
#9473 = LINE('',#9474,#9475);
#9474 = CARTESIAN_POINT('',(30.431370849898,-111.3063991871,15.2));
#9475 = VECTOR('',#9476,1.);
#9476 = DIRECTION('',(0.,1.,-2.2E-16));
#9477 = ORIENTED_EDGE('',*,*,#8404,.T.);
#9478 = ORIENTED_EDGE('',*,*,#9455,.F.);
#9479 = CYLINDRICAL_SURFACE('',#9480,0.8);
#9480 = AXIS2_PLACEMENT_3D('',#9481,#9482,#9483);
#9481 = CARTESIAN_POINT('',(29.865685424949,-111.3063991871,
    14.634314575051));
#9482 = DIRECTION('',(0.,-1.,2.2E-16));
#9483 = DIRECTION('',(1.,0.,0.));
#9484 = ADVANCED_FACE('',(#9485),#9496,.T.);
#9485 = FACE_BOUND('',#9486,.T.);
#9486 = EDGE_LOOP('',(#9487,#9488,#9489,#9490));
#9487 = ORIENTED_EDGE('',*,*,#8792,.T.);
#9488 = ORIENTED_EDGE('',*,*,#9472,.T.);
#9489 = ORIENTED_EDGE('',*,*,#8396,.F.);
#9490 = ORIENTED_EDGE('',*,*,#9491,.F.);
#9491 = EDGE_CURVE('',#8793,#8388,#9492,.T.);
#9492 = LINE('',#9493,#9494);
#9493 = CARTESIAN_POINT('',(31.568629150102,-111.3063991871,15.2));
#9494 = VECTOR('',#9495,1.);
#9495 = DIRECTION('',(0.,1.,-2.2E-16));
#9496 = PLANE('',#9497);
#9497 = AXIS2_PLACEMENT_3D('',#9498,#9499,#9500);
#9498 = CARTESIAN_POINT('',(30.431370849898,-111.3063991871,15.2));
#9499 = DIRECTION('',(1.56E-15,-2.2E-16,-1.));
#9500 = DIRECTION('',(1.,0.,1.56E-15));
#9501 = ADVANCED_FACE('',(#9502),#9513,.F.);
#9502 = FACE_BOUND('',#9503,.F.);
#9503 = EDGE_LOOP('',(#9504,#9505,#9511,#9512));
#9504 = ORIENTED_EDGE('',*,*,#8800,.F.);
#9505 = ORIENTED_EDGE('',*,*,#9506,.T.);
#9506 = EDGE_CURVE('',#8801,#8380,#9507,.T.);
#9507 = LINE('',#9508,#9509);
#9508 = CARTESIAN_POINT('',(32.7,-111.3063991871,14.068629150102));
#9509 = VECTOR('',#9510,1.);
#9510 = DIRECTION('',(0.,1.,-2.2E-16));
#9511 = ORIENTED_EDGE('',*,*,#8387,.T.);
#9512 = ORIENTED_EDGE('',*,*,#9491,.F.);
#9513 = CYLINDRICAL_SURFACE('',#9514,0.8);
#9514 = AXIS2_PLACEMENT_3D('',#9515,#9516,#9517);
#9515 = CARTESIAN_POINT('',(32.134314575051,-111.3063991871,
    14.634314575051));
#9516 = DIRECTION('',(0.,-1.,2.2E-16));
#9517 = DIRECTION('',(1.,0.,0.));
#9518 = ADVANCED_FACE('',(#9519),#9530,.T.);
#9519 = FACE_BOUND('',#9520,.T.);
#9520 = EDGE_LOOP('',(#9521,#9522,#9523,#9524));
#9521 = ORIENTED_EDGE('',*,*,#8809,.T.);
#9522 = ORIENTED_EDGE('',*,*,#9506,.T.);
#9523 = ORIENTED_EDGE('',*,*,#8379,.F.);
#9524 = ORIENTED_EDGE('',*,*,#9525,.F.);
#9525 = EDGE_CURVE('',#8810,#8372,#9526,.T.);
#9526 = LINE('',#9527,#9528);
#9527 = CARTESIAN_POINT('',(32.7,-111.3063991871,2.472E-14));
#9528 = VECTOR('',#9529,1.);
#9529 = DIRECTION('',(0.,1.,-2.2E-16));
#9530 = PLANE('',#9531);
#9531 = AXIS2_PLACEMENT_3D('',#9532,#9533,#9534);
#9532 = CARTESIAN_POINT('',(32.7,-111.3063991871,14.068629150102));
#9533 = DIRECTION('',(-1.,0.,-2.E-17));
#9534 = DIRECTION('',(2.E-17,-2.2E-16,-1.));
#9535 = ADVANCED_FACE('',(#9536),#9547,.F.);
#9536 = FACE_BOUND('',#9537,.F.);
#9537 = EDGE_LOOP('',(#9538,#9539,#9540,#9541));
#9538 = ORIENTED_EDGE('',*,*,#8371,.F.);
#9539 = ORIENTED_EDGE('',*,*,#9525,.F.);
#9540 = ORIENTED_EDGE('',*,*,#8817,.T.);
#9541 = ORIENTED_EDGE('',*,*,#9542,.F.);
#9542 = EDGE_CURVE('',#8363,#8818,#9543,.T.);
#9543 = LINE('',#9544,#9545);
#9544 = CARTESIAN_POINT('',(42.368629150102,-114.186474523,5.025E-14));
#9545 = VECTOR('',#9546,1.);
#9546 = DIRECTION('',(0.,-1.,2.2E-16));
#9547 = PLANE('',#9548);
#9548 = AXIS2_PLACEMENT_3D('',#9549,#9550,#9551);
#9549 = CARTESIAN_POINT('',(-6.5,1.5,-3.4E-16));
#9550 = DIRECTION('',(0.,2.2E-16,1.));
#9551 = DIRECTION('',(1.,0.,0.));
#9552 = ADVANCED_FACE('',(#9553),#9569,.F.);
#9553 = FACE_BOUND('',#9554,.F.);
#9554 = EDGE_LOOP('',(#9555,#9556,#9562,#9563));
#9555 = ORIENTED_EDGE('',*,*,#8336,.F.);
#9556 = ORIENTED_EDGE('',*,*,#9557,.T.);
#9557 = EDGE_CURVE('',#8337,#8844,#9558,.T.);
#9558 = LINE('',#9559,#9560);
#9559 = CARTESIAN_POINT('',(43.5,-114.186474523,-1.131370849898));
#9560 = VECTOR('',#9561,1.);
#9561 = DIRECTION('',(0.,-1.,2.2E-16));
#9562 = ORIENTED_EDGE('',*,*,#8852,.T.);
#9563 = ORIENTED_EDGE('',*,*,#9564,.F.);
#9564 = EDGE_CURVE('',#8329,#8853,#9565,.T.);
#9565 = LINE('',#9566,#9567);
#9566 = CARTESIAN_POINT('',(43.5,1.5,-9.2));
#9567 = VECTOR('',#9568,1.);
#9568 = DIRECTION('',(0.,-1.,2.2E-16));
#9569 = PLANE('',#9570);
#9570 = AXIS2_PLACEMENT_3D('',#9571,#9572,#9573);
#9571 = CARTESIAN_POINT('',(43.5,1.5,2.33E-15));
#9572 = DIRECTION('',(1.,0.,0.));
#9573 = DIRECTION('',(0.,-2.2E-16,-1.));
#9574 = ADVANCED_FACE('',(#9575),#9586,.F.);
#9575 = FACE_BOUND('',#9576,.F.);
#9576 = EDGE_LOOP('',(#9577,#9578,#9579,#9585));
#9577 = ORIENTED_EDGE('',*,*,#9564,.T.);
#9578 = ORIENTED_EDGE('',*,*,#8860,.T.);
#9579 = ORIENTED_EDGE('',*,*,#9580,.F.);
#9580 = EDGE_CURVE('',#8321,#8861,#9581,.T.);
#9581 = LINE('',#9582,#9583);
#9582 = CARTESIAN_POINT('',(53.5,1.5,-9.2));
#9583 = VECTOR('',#9584,1.);
#9584 = DIRECTION('',(0.,-1.,2.2E-16));
#9585 = ORIENTED_EDGE('',*,*,#8328,.F.);
#9586 = PLANE('',#9587);
#9587 = AXIS2_PLACEMENT_3D('',#9588,#9589,#9590);
#9588 = CARTESIAN_POINT('',(43.5,1.5,-9.2));
#9589 = DIRECTION('',(0.,2.2E-16,1.));
#9590 = DIRECTION('',(1.,0.,0.));
#9591 = ADVANCED_FACE('',(#9592),#9603,.F.);
#9592 = FACE_BOUND('',#9593,.F.);
#9593 = EDGE_LOOP('',(#9594,#9595,#9596,#9602));
#9594 = ORIENTED_EDGE('',*,*,#9580,.T.);
#9595 = ORIENTED_EDGE('',*,*,#8868,.T.);
#9596 = ORIENTED_EDGE('',*,*,#9597,.F.);
#9597 = EDGE_CURVE('',#8313,#8869,#9598,.T.);
#9598 = LINE('',#9599,#9600);
#9599 = CARTESIAN_POINT('',(53.5,1.5,-4.2));
#9600 = VECTOR('',#9601,1.);
#9601 = DIRECTION('',(0.,-1.,2.2E-16));
#9602 = ORIENTED_EDGE('',*,*,#8320,.F.);
#9603 = PLANE('',#9604);
#9604 = AXIS2_PLACEMENT_3D('',#9605,#9606,#9607);
#9605 = CARTESIAN_POINT('',(53.5,1.5,-9.2));
#9606 = DIRECTION('',(-1.,0.,0.));
#9607 = DIRECTION('',(0.,2.2E-16,1.));
#9608 = ADVANCED_FACE('',(#9609),#9620,.F.);
#9609 = FACE_BOUND('',#9610,.F.);
#9610 = EDGE_LOOP('',(#9611,#9612,#9613,#9614));
#9611 = ORIENTED_EDGE('',*,*,#8312,.F.);
#9612 = ORIENTED_EDGE('',*,*,#9597,.T.);
#9613 = ORIENTED_EDGE('',*,*,#8876,.T.);
#9614 = ORIENTED_EDGE('',*,*,#9615,.F.);
#9615 = EDGE_CURVE('',#8304,#8877,#9616,.T.);
#9616 = LINE('',#9617,#9618);
#9617 = CARTESIAN_POINT('',(50.631370849899,-114.186474523,-4.2));
#9618 = VECTOR('',#9619,1.);
#9619 = DIRECTION('',(0.,-1.,2.2E-16));
#9620 = PLANE('',#9621);
#9621 = AXIS2_PLACEMENT_3D('',#9622,#9623,#9624);
#9622 = CARTESIAN_POINT('',(53.5,1.5,-4.2));
#9623 = DIRECTION('',(0.,-2.2E-16,-1.));
#9624 = DIRECTION('',(-1.,0.,0.));
#9625 = ADVANCED_FACE('',(#9626),#9642,.F.);
#9626 = FACE_BOUND('',#9627,.F.);
#9627 = EDGE_LOOP('',(#9628,#9629,#9635,#9636));
#9628 = ORIENTED_EDGE('',*,*,#8286,.F.);
#9629 = ORIENTED_EDGE('',*,*,#9630,.T.);
#9630 = EDGE_CURVE('',#8287,#8894,#9631,.T.);
#9631 = LINE('',#9632,#9633);
#9632 = CARTESIAN_POINT('',(49.5,-114.186474523,-3.068629150101));
#9633 = VECTOR('',#9634,1.);
#9634 = DIRECTION('',(0.,-1.,2.2E-16));
#9635 = ORIENTED_EDGE('',*,*,#8902,.T.);
#9636 = ORIENTED_EDGE('',*,*,#9637,.F.);
#9637 = EDGE_CURVE('',#8278,#8903,#9638,.T.);
#9638 = LINE('',#9639,#9640);
#9639 = CARTESIAN_POINT('',(49.5,-114.186474523,-1.131370849898));
#9640 = VECTOR('',#9641,1.);
#9641 = DIRECTION('',(0.,-1.,2.2E-16));
#9642 = PLANE('',#9643);
#9643 = AXIS2_PLACEMENT_3D('',#9644,#9645,#9646);
#9644 = CARTESIAN_POINT('',(49.5,1.5,-4.2));
#9645 = DIRECTION('',(-1.,0.,0.));
#9646 = DIRECTION('',(0.,2.2E-16,1.));
#9647 = ADVANCED_FACE('',(#9648),#9664,.F.);
#9648 = FACE_BOUND('',#9649,.F.);
#9649 = EDGE_LOOP('',(#9650,#9651,#9657,#9658));
#9650 = ORIENTED_EDGE('',*,*,#8260,.F.);
#9651 = ORIENTED_EDGE('',*,*,#9652,.T.);
#9652 = EDGE_CURVE('',#8261,#8920,#9653,.T.);
#9653 = LINE('',#9654,#9655);
#9654 = CARTESIAN_POINT('',(50.631370849898,-114.186474523,5.025E-14));
#9655 = VECTOR('',#9656,1.);
#9656 = DIRECTION('',(0.,-1.,2.2E-16));
#9657 = ORIENTED_EDGE('',*,*,#8928,.T.);
#9658 = ORIENTED_EDGE('',*,*,#9659,.T.);
#9659 = EDGE_CURVE('',#8929,#8253,#9660,.T.);
#9660 = LINE('',#9661,#9662);
#9661 = CARTESIAN_POINT('',(60.3,-111.3063991871,2.472E-14));
#9662 = VECTOR('',#9663,1.);
#9663 = DIRECTION('',(0.,1.,-2.2E-16));
#9664 = PLANE('',#9665);
#9665 = AXIS2_PLACEMENT_3D('',#9666,#9667,#9668);
#9666 = CARTESIAN_POINT('',(-6.5,1.5,-3.4E-16));
#9667 = DIRECTION('',(0.,2.2E-16,1.));
#9668 = DIRECTION('',(1.,0.,0.));
#9669 = ADVANCED_FACE('',(#9670),#9681,.F.);
#9670 = FACE_BOUND('',#9671,.F.);
#9671 = EDGE_LOOP('',(#9672,#9673,#9679,#9680));
#9672 = ORIENTED_EDGE('',*,*,#8936,.T.);
#9673 = ORIENTED_EDGE('',*,*,#9674,.T.);
#9674 = EDGE_CURVE('',#8937,#8244,#9675,.T.);
#9675 = LINE('',#9676,#9677);
#9676 = CARTESIAN_POINT('',(60.3,-111.3063991871,14.068629150102));
#9677 = VECTOR('',#9678,1.);
#9678 = DIRECTION('',(0.,1.,-2.2E-16));
#9679 = ORIENTED_EDGE('',*,*,#8252,.F.);
#9680 = ORIENTED_EDGE('',*,*,#9659,.F.);
#9681 = PLANE('',#9682);
#9682 = AXIS2_PLACEMENT_3D('',#9683,#9684,#9685);
#9683 = CARTESIAN_POINT('',(60.3,-111.3063991871,14.068629150102));
#9684 = DIRECTION('',(-1.,0.,-2.E-17));
#9685 = DIRECTION('',(2.E-17,-2.2E-16,-1.));
#9686 = ADVANCED_FACE('',(#9687),#9698,.F.);
#9687 = FACE_BOUND('',#9688,.F.);
#9688 = EDGE_LOOP('',(#9689,#9690,#9696,#9697));
#9689 = ORIENTED_EDGE('',*,*,#8944,.F.);
#9690 = ORIENTED_EDGE('',*,*,#9691,.T.);
#9691 = EDGE_CURVE('',#8945,#8236,#9692,.T.);
#9692 = LINE('',#9693,#9694);
#9693 = CARTESIAN_POINT('',(61.431370849898,-111.3063991871,15.2));
#9694 = VECTOR('',#9695,1.);
#9695 = DIRECTION('',(0.,1.,-2.2E-16));
#9696 = ORIENTED_EDGE('',*,*,#8243,.T.);
#9697 = ORIENTED_EDGE('',*,*,#9674,.F.);
#9698 = CYLINDRICAL_SURFACE('',#9699,0.8);
#9699 = AXIS2_PLACEMENT_3D('',#9700,#9701,#9702);
#9700 = CARTESIAN_POINT('',(60.865685424949,-111.3063991871,
    14.634314575051));
#9701 = DIRECTION('',(0.,-1.,2.2E-16));
#9702 = DIRECTION('',(1.,0.,0.));
#9703 = ADVANCED_FACE('',(#9704),#9715,.T.);
#9704 = FACE_BOUND('',#9705,.T.);
#9705 = EDGE_LOOP('',(#9706,#9707,#9708,#9709));
#9706 = ORIENTED_EDGE('',*,*,#8953,.T.);
#9707 = ORIENTED_EDGE('',*,*,#9691,.T.);
#9708 = ORIENTED_EDGE('',*,*,#8235,.F.);
#9709 = ORIENTED_EDGE('',*,*,#9710,.F.);
#9710 = EDGE_CURVE('',#8954,#8227,#9711,.T.);
#9711 = LINE('',#9712,#9713);
#9712 = CARTESIAN_POINT('',(62.568629150102,-111.3063991871,15.2));
#9713 = VECTOR('',#9714,1.);
#9714 = DIRECTION('',(0.,1.,-2.2E-16));
#9715 = PLANE('',#9716);
#9716 = AXIS2_PLACEMENT_3D('',#9717,#9718,#9719);
#9717 = CARTESIAN_POINT('',(61.431370849898,-111.3063991871,15.2));
#9718 = DIRECTION('',(1.56E-15,-2.2E-16,-1.));
#9719 = DIRECTION('',(1.,0.,1.56E-15));
#9720 = ADVANCED_FACE('',(#9721),#9727,.F.);
#9721 = FACE_BOUND('',#9722,.F.);
#9722 = EDGE_LOOP('',(#9723,#9724,#9725,#9726));
#9723 = ORIENTED_EDGE('',*,*,#8961,.F.);
#9724 = ORIENTED_EDGE('',*,*,#9153,.T.);
#9725 = ORIENTED_EDGE('',*,*,#8226,.T.);
#9726 = ORIENTED_EDGE('',*,*,#9710,.F.);
#9727 = CYLINDRICAL_SURFACE('',#9728,0.8);
#9728 = AXIS2_PLACEMENT_3D('',#9729,#9730,#9731);
#9729 = CARTESIAN_POINT('',(63.134314575051,-111.3063991871,
    14.634314575051));
#9730 = DIRECTION('',(0.,-1.,2.2E-16));
#9731 = DIRECTION('',(1.,0.,0.));
#9732 = ADVANCED_FACE('',(#9733),#9749,.F.);
#9733 = FACE_BOUND('',#9734,.F.);
#9734 = EDGE_LOOP('',(#9735,#9736,#9742,#9743));
#9735 = ORIENTED_EDGE('',*,*,#8184,.F.);
#9736 = ORIENTED_EDGE('',*,*,#9737,.T.);
#9737 = EDGE_CURVE('',#8185,#8996,#9738,.T.);
#9738 = LINE('',#9739,#9740);
#9739 = CARTESIAN_POINT('',(74.5,-114.186474523,-1.131370849898));
#9740 = VECTOR('',#9741,1.);
#9741 = DIRECTION('',(0.,-1.,2.2E-16));
#9742 = ORIENTED_EDGE('',*,*,#9004,.T.);
#9743 = ORIENTED_EDGE('',*,*,#9744,.F.);
#9744 = EDGE_CURVE('',#8177,#9005,#9745,.T.);
#9745 = LINE('',#9746,#9747);
#9746 = CARTESIAN_POINT('',(74.5,1.5,-9.2));
#9747 = VECTOR('',#9748,1.);
#9748 = DIRECTION('',(0.,-1.,2.2E-16));
#9749 = PLANE('',#9750);
#9750 = AXIS2_PLACEMENT_3D('',#9751,#9752,#9753);
#9751 = CARTESIAN_POINT('',(74.5,1.5,2.33E-15));
#9752 = DIRECTION('',(1.,0.,0.));
#9753 = DIRECTION('',(0.,-2.2E-16,-1.));
#9754 = ADVANCED_FACE('',(#9755),#9766,.F.);
#9755 = FACE_BOUND('',#9756,.F.);
#9756 = EDGE_LOOP('',(#9757,#9758,#9759,#9765));
#9757 = ORIENTED_EDGE('',*,*,#9744,.T.);
#9758 = ORIENTED_EDGE('',*,*,#9012,.T.);
#9759 = ORIENTED_EDGE('',*,*,#9760,.F.);
#9760 = EDGE_CURVE('',#8169,#9013,#9761,.T.);
#9761 = LINE('',#9762,#9763);
#9762 = CARTESIAN_POINT('',(84.5,1.5,-9.2));
#9763 = VECTOR('',#9764,1.);
#9764 = DIRECTION('',(0.,-1.,2.2E-16));
#9765 = ORIENTED_EDGE('',*,*,#8176,.F.);
#9766 = PLANE('',#9767);
#9767 = AXIS2_PLACEMENT_3D('',#9768,#9769,#9770);
#9768 = CARTESIAN_POINT('',(74.5,1.5,-9.2));
#9769 = DIRECTION('',(0.,2.2E-16,1.));
#9770 = DIRECTION('',(1.,0.,0.));
#9771 = ADVANCED_FACE('',(#9772),#9783,.F.);
#9772 = FACE_BOUND('',#9773,.F.);
#9773 = EDGE_LOOP('',(#9774,#9775,#9776,#9782));
#9774 = ORIENTED_EDGE('',*,*,#9760,.T.);
#9775 = ORIENTED_EDGE('',*,*,#9020,.T.);
#9776 = ORIENTED_EDGE('',*,*,#9777,.F.);
#9777 = EDGE_CURVE('',#8161,#9021,#9778,.T.);
#9778 = LINE('',#9779,#9780);
#9779 = CARTESIAN_POINT('',(84.5,1.5,-4.2));
#9780 = VECTOR('',#9781,1.);
#9781 = DIRECTION('',(0.,-1.,2.2E-16));
#9782 = ORIENTED_EDGE('',*,*,#8168,.F.);
#9783 = PLANE('',#9784);
#9784 = AXIS2_PLACEMENT_3D('',#9785,#9786,#9787);
#9785 = CARTESIAN_POINT('',(84.5,1.5,-9.2));
#9786 = DIRECTION('',(-1.,0.,0.));
#9787 = DIRECTION('',(0.,2.2E-16,1.));
#9788 = ADVANCED_FACE('',(#9789),#9800,.F.);
#9789 = FACE_BOUND('',#9790,.F.);
#9790 = EDGE_LOOP('',(#9791,#9792,#9793,#9794));
#9791 = ORIENTED_EDGE('',*,*,#8160,.F.);
#9792 = ORIENTED_EDGE('',*,*,#9777,.T.);
#9793 = ORIENTED_EDGE('',*,*,#9028,.T.);
#9794 = ORIENTED_EDGE('',*,*,#9795,.F.);
#9795 = EDGE_CURVE('',#8152,#9029,#9796,.T.);
#9796 = LINE('',#9797,#9798);
#9797 = CARTESIAN_POINT('',(81.631370849899,-114.186474523,-4.2));
#9798 = VECTOR('',#9799,1.);
#9799 = DIRECTION('',(0.,-1.,2.2E-16));
#9800 = PLANE('',#9801);
#9801 = AXIS2_PLACEMENT_3D('',#9802,#9803,#9804);
#9802 = CARTESIAN_POINT('',(84.5,1.5,-4.2));
#9803 = DIRECTION('',(0.,-2.2E-16,-1.));
#9804 = DIRECTION('',(-1.,0.,0.));
#9805 = ADVANCED_FACE('',(#9806),#9822,.F.);
#9806 = FACE_BOUND('',#9807,.F.);
#9807 = EDGE_LOOP('',(#9808,#9809,#9815,#9816));
#9808 = ORIENTED_EDGE('',*,*,#8134,.F.);
#9809 = ORIENTED_EDGE('',*,*,#9810,.T.);
#9810 = EDGE_CURVE('',#8135,#9046,#9811,.T.);
#9811 = LINE('',#9812,#9813);
#9812 = CARTESIAN_POINT('',(80.5,-114.186474523,-3.068629150101));
#9813 = VECTOR('',#9814,1.);
#9814 = DIRECTION('',(0.,-1.,2.2E-16));
#9815 = ORIENTED_EDGE('',*,*,#9054,.T.);
#9816 = ORIENTED_EDGE('',*,*,#9817,.F.);
#9817 = EDGE_CURVE('',#8126,#9055,#9818,.T.);
#9818 = LINE('',#9819,#9820);
#9819 = CARTESIAN_POINT('',(80.5,-114.186474523,-1.131370849898));
#9820 = VECTOR('',#9821,1.);
#9821 = DIRECTION('',(0.,-1.,2.2E-16));
#9822 = PLANE('',#9823);
#9823 = AXIS2_PLACEMENT_3D('',#9824,#9825,#9826);
#9824 = CARTESIAN_POINT('',(80.5,1.5,-4.2));
#9825 = DIRECTION('',(-1.,0.,0.));
#9826 = DIRECTION('',(0.,2.2E-16,1.));
#9827 = ADVANCED_FACE('',(#9828),#9844,.F.);
#9828 = FACE_BOUND('',#9829,.F.);
#9829 = EDGE_LOOP('',(#9830,#9831,#9837,#9838));
#9830 = ORIENTED_EDGE('',*,*,#8108,.F.);
#9831 = ORIENTED_EDGE('',*,*,#9832,.T.);
#9832 = EDGE_CURVE('',#8109,#9072,#9833,.T.);
#9833 = LINE('',#9834,#9835);
#9834 = CARTESIAN_POINT('',(81.631370849898,-114.186474523,5.025E-14));
#9835 = VECTOR('',#9836,1.);
#9836 = DIRECTION('',(0.,-1.,2.2E-16));
#9837 = ORIENTED_EDGE('',*,*,#9080,.T.);
#9838 = ORIENTED_EDGE('',*,*,#9839,.T.);
#9839 = EDGE_CURVE('',#9081,#8101,#9840,.T.);
#9840 = LINE('',#9841,#9842);
#9841 = CARTESIAN_POINT('',(91.3,-111.3063991871,2.472E-14));
#9842 = VECTOR('',#9843,1.);
#9843 = DIRECTION('',(0.,1.,-2.2E-16));
#9844 = PLANE('',#9845);
#9845 = AXIS2_PLACEMENT_3D('',#9846,#9847,#9848);
#9846 = CARTESIAN_POINT('',(-6.5,1.5,-3.4E-16));
#9847 = DIRECTION('',(0.,2.2E-16,1.));
#9848 = DIRECTION('',(1.,0.,0.));
#9849 = ADVANCED_FACE('',(#9850),#9861,.F.);
#9850 = FACE_BOUND('',#9851,.F.);
#9851 = EDGE_LOOP('',(#9852,#9853,#9859,#9860));
#9852 = ORIENTED_EDGE('',*,*,#9088,.T.);
#9853 = ORIENTED_EDGE('',*,*,#9854,.T.);
#9854 = EDGE_CURVE('',#9089,#8092,#9855,.T.);
#9855 = LINE('',#9856,#9857);
#9856 = CARTESIAN_POINT('',(91.3,-111.3063991871,14.068629150102));
#9857 = VECTOR('',#9858,1.);
#9858 = DIRECTION('',(0.,1.,-2.2E-16));
#9859 = ORIENTED_EDGE('',*,*,#8100,.F.);
#9860 = ORIENTED_EDGE('',*,*,#9839,.F.);
#9861 = PLANE('',#9862);
#9862 = AXIS2_PLACEMENT_3D('',#9863,#9864,#9865);
#9863 = CARTESIAN_POINT('',(91.3,-111.3063991871,14.068629150102));
#9864 = DIRECTION('',(-1.,0.,-2.E-17));
#9865 = DIRECTION('',(2.E-17,-2.2E-16,-1.));
#9866 = ADVANCED_FACE('',(#9867),#9878,.F.);
#9867 = FACE_BOUND('',#9868,.F.);
#9868 = EDGE_LOOP('',(#9869,#9870,#9876,#9877));
#9869 = ORIENTED_EDGE('',*,*,#9096,.F.);
#9870 = ORIENTED_EDGE('',*,*,#9871,.T.);
#9871 = EDGE_CURVE('',#9097,#8084,#9872,.T.);
#9872 = LINE('',#9873,#9874);
#9873 = CARTESIAN_POINT('',(92.431370849898,-111.3063991871,15.2));
#9874 = VECTOR('',#9875,1.);
#9875 = DIRECTION('',(0.,1.,-2.2E-16));
#9876 = ORIENTED_EDGE('',*,*,#8091,.T.);
#9877 = ORIENTED_EDGE('',*,*,#9854,.F.);
#9878 = CYLINDRICAL_SURFACE('',#9879,0.8);
#9879 = AXIS2_PLACEMENT_3D('',#9880,#9881,#9882);
#9880 = CARTESIAN_POINT('',(91.865685424949,-111.3063991871,
    14.634314575051));
#9881 = DIRECTION('',(0.,-1.,2.2E-16));
#9882 = DIRECTION('',(1.,0.,0.));
#9883 = ADVANCED_FACE('',(#9884),#9895,.T.);
#9884 = FACE_BOUND('',#9885,.T.);
#9885 = EDGE_LOOP('',(#9886,#9887,#9888,#9889));
#9886 = ORIENTED_EDGE('',*,*,#9105,.T.);
#9887 = ORIENTED_EDGE('',*,*,#9871,.T.);
#9888 = ORIENTED_EDGE('',*,*,#8083,.F.);
#9889 = ORIENTED_EDGE('',*,*,#9890,.F.);
#9890 = EDGE_CURVE('',#9106,#8075,#9891,.T.);
#9891 = LINE('',#9892,#9893);
#9892 = CARTESIAN_POINT('',(93.568629150102,-111.3063991871,15.2));
#9893 = VECTOR('',#9894,1.);
#9894 = DIRECTION('',(0.,1.,-2.2E-16));
#9895 = PLANE('',#9896);
#9896 = AXIS2_PLACEMENT_3D('',#9897,#9898,#9899);
#9897 = CARTESIAN_POINT('',(92.431370849898,-111.3063991871,15.2));
#9898 = DIRECTION('',(1.56E-15,-2.2E-16,-1.));
#9899 = DIRECTION('',(1.,0.,1.56E-15));
#9900 = ADVANCED_FACE('',(#9901),#9912,.F.);
#9901 = FACE_BOUND('',#9902,.F.);
#9902 = EDGE_LOOP('',(#9903,#9904,#9910,#9911));
#9903 = ORIENTED_EDGE('',*,*,#9113,.F.);
#9904 = ORIENTED_EDGE('',*,*,#9905,.T.);
#9905 = EDGE_CURVE('',#9114,#8067,#9906,.T.);
#9906 = LINE('',#9907,#9908);
#9907 = CARTESIAN_POINT('',(94.7,-111.3063991871,14.068629150102));
#9908 = VECTOR('',#9909,1.);
#9909 = DIRECTION('',(0.,1.,-2.2E-16));
#9910 = ORIENTED_EDGE('',*,*,#8074,.T.);
#9911 = ORIENTED_EDGE('',*,*,#9890,.F.);
#9912 = CYLINDRICAL_SURFACE('',#9913,0.8);
#9913 = AXIS2_PLACEMENT_3D('',#9914,#9915,#9916);
#9914 = CARTESIAN_POINT('',(94.134314575051,-111.3063991871,
    14.634314575051));
#9915 = DIRECTION('',(0.,-1.,2.2E-16));
#9916 = DIRECTION('',(1.,0.,0.));
#9917 = ADVANCED_FACE('',(#9918),#9929,.T.);
#9918 = FACE_BOUND('',#9919,.T.);
#9919 = EDGE_LOOP('',(#9920,#9921,#9922,#9923));
#9920 = ORIENTED_EDGE('',*,*,#9122,.T.);
#9921 = ORIENTED_EDGE('',*,*,#9905,.T.);
#9922 = ORIENTED_EDGE('',*,*,#8066,.F.);
#9923 = ORIENTED_EDGE('',*,*,#9924,.F.);
#9924 = EDGE_CURVE('',#9123,#8059,#9925,.T.);
#9925 = LINE('',#9926,#9927);
#9926 = CARTESIAN_POINT('',(94.7,-111.3063991871,2.472E-14));
#9927 = VECTOR('',#9928,1.);
#9928 = DIRECTION('',(0.,1.,-2.2E-16));
#9929 = PLANE('',#9930);
#9930 = AXIS2_PLACEMENT_3D('',#9931,#9932,#9933);
#9931 = CARTESIAN_POINT('',(94.7,-111.3063991871,14.068629150102));
#9932 = DIRECTION('',(-1.,0.,-2.E-17));
#9933 = DIRECTION('',(2.E-17,-2.2E-16,-1.));
#9934 = ADVANCED_FACE('',(#9935),#9946,.F.);
#9935 = FACE_BOUND('',#9936,.F.);
#9936 = EDGE_LOOP('',(#9937,#9938,#9939,#9940));
#9937 = ORIENTED_EDGE('',*,*,#8058,.F.);
#9938 = ORIENTED_EDGE('',*,*,#9924,.F.);
#9939 = ORIENTED_EDGE('',*,*,#9130,.T.);
#9940 = ORIENTED_EDGE('',*,*,#9941,.F.);
#9941 = EDGE_CURVE('',#8051,#9131,#9942,.T.);
#9942 = LINE('',#9943,#9944);
#9943 = CARTESIAN_POINT('',(99.5,1.5,-3.4E-16));
#9944 = VECTOR('',#9945,1.);
#9945 = DIRECTION('',(0.,-1.,2.2E-16));
#9946 = PLANE('',#9947);
#9947 = AXIS2_PLACEMENT_3D('',#9948,#9949,#9950);
#9948 = CARTESIAN_POINT('',(-6.5,1.5,-3.4E-16));
#9949 = DIRECTION('',(0.,2.2E-16,1.));
#9950 = DIRECTION('',(1.,0.,0.));
#9951 = ADVANCED_FACE('',(#9952),#9963,.F.);
#9952 = FACE_BOUND('',#9953,.F.);
#9953 = EDGE_LOOP('',(#9954,#9955,#9956,#9962));
#9954 = ORIENTED_EDGE('',*,*,#9941,.T.);
#9955 = ORIENTED_EDGE('',*,*,#9138,.T.);
#9956 = ORIENTED_EDGE('',*,*,#9957,.F.);
#9957 = EDGE_CURVE('',#8043,#8589,#9958,.T.);
#9958 = LINE('',#9959,#9960);
#9959 = CARTESIAN_POINT('',(99.5,1.5,30.));
#9960 = VECTOR('',#9961,1.);
#9961 = DIRECTION('',(0.,-1.,2.2E-16));
#9962 = ORIENTED_EDGE('',*,*,#8050,.F.);
#9963 = PLANE('',#9964);
#9964 = AXIS2_PLACEMENT_3D('',#9965,#9966,#9967);
#9965 = CARTESIAN_POINT('',(99.5,1.5,-3.4E-16));
#9966 = DIRECTION('',(-1.,0.,0.));
#9967 = DIRECTION('',(0.,2.2E-16,1.));
#9968 = ADVANCED_FACE('',(#9969),#9980,.F.);
#9969 = FACE_BOUND('',#9970,.F.);
#9970 = EDGE_LOOP('',(#9971,#9972,#9973,#9979));
#9971 = ORIENTED_EDGE('',*,*,#9957,.T.);
#9972 = ORIENTED_EDGE('',*,*,#8588,.T.);
#9973 = ORIENTED_EDGE('',*,*,#9974,.F.);
#9974 = EDGE_CURVE('',#8035,#8591,#9975,.T.);
#9975 = LINE('',#9976,#9977);
#9976 = CARTESIAN_POINT('',(-6.5,1.5,30.));
#9977 = VECTOR('',#9978,1.);
#9978 = DIRECTION('',(0.,-1.,2.2E-16));
#9979 = ORIENTED_EDGE('',*,*,#8042,.F.);
#9980 = PLANE('',#9981);
#9981 = AXIS2_PLACEMENT_3D('',#9982,#9983,#9984);
#9982 = CARTESIAN_POINT('',(99.5,1.5,30.));
#9983 = DIRECTION('',(0.,-2.2E-16,-1.));
#9984 = DIRECTION('',(-1.,0.,0.));
#9985 = ADVANCED_FACE('',(#9986),#9992,.F.);
#9986 = FACE_BOUND('',#9987,.F.);
#9987 = EDGE_LOOP('',(#9988,#9989,#9990,#9991));
#9988 = ORIENTED_EDGE('',*,*,#9974,.T.);
#9989 = ORIENTED_EDGE('',*,*,#8598,.T.);
#9990 = ORIENTED_EDGE('',*,*,#9170,.F.);
#9991 = ORIENTED_EDGE('',*,*,#8034,.F.);
#9992 = PLANE('',#9993);
#9993 = AXIS2_PLACEMENT_3D('',#9994,#9995,#9996);
#9994 = CARTESIAN_POINT('',(-6.5,1.5,30.));
#9995 = DIRECTION('',(1.,0.,0.));
#9996 = DIRECTION('',(0.,-2.2E-16,-1.));
#9997 = ADVANCED_FACE('',(#9998),#10008,.F.);
#9998 = FACE_BOUND('',#9999,.F.);
#9999 = EDGE_LOOP('',(#10000,#10001,#10002,#10003,#10004,#10005,#10006,
    #10007));
#10000 = ORIENTED_EDGE('',*,*,#9737,.F.);
#10001 = ORIENTED_EDGE('',*,*,#8192,.T.);
#10002 = ORIENTED_EDGE('',*,*,#8201,.T.);
#10003 = ORIENTED_EDGE('',*,*,#8210,.T.);
#10004 = ORIENTED_EDGE('',*,*,#8010,.T.);
#10005 = ORIENTED_EDGE('',*,*,#8977,.F.);
#10006 = ORIENTED_EDGE('',*,*,#8986,.F.);
#10007 = ORIENTED_EDGE('',*,*,#8995,.F.);
#10008 = CYLINDRICAL_SURFACE('',#10009,0.8);
#10009 = AXIS2_PLACEMENT_3D('',#10010,#10011,#10012);
#10010 = CARTESIAN_POINT('',(73.934314575051,-114.186474523,
    -0.565685424949));
#10011 = DIRECTION('',(0.,-1.,2.2E-16));
#10012 = DIRECTION('',(1.,0.,0.));
#10013 = ADVANCED_FACE('',(#10014),#10024,.F.);
#10014 = FACE_BOUND('',#10015,.F.);
#10015 = EDGE_LOOP('',(#10016,#10017,#10018,#10019,#10020,#10021,#10022,
    #10023));
#10016 = ORIENTED_EDGE('',*,*,#9557,.F.);
#10017 = ORIENTED_EDGE('',*,*,#8344,.T.);
#10018 = ORIENTED_EDGE('',*,*,#8353,.T.);
#10019 = ORIENTED_EDGE('',*,*,#8362,.T.);
#10020 = ORIENTED_EDGE('',*,*,#9542,.T.);
#10021 = ORIENTED_EDGE('',*,*,#8825,.F.);
#10022 = ORIENTED_EDGE('',*,*,#8834,.F.);
#10023 = ORIENTED_EDGE('',*,*,#8843,.F.);
#10024 = CYLINDRICAL_SURFACE('',#10025,0.8);
#10025 = AXIS2_PLACEMENT_3D('',#10026,#10027,#10028);
#10026 = CARTESIAN_POINT('',(42.934314575051,-114.186474523,
    -0.565685424949));
#10027 = DIRECTION('',(0.,-1.,2.2E-16));
#10028 = DIRECTION('',(1.,0.,0.));
#10029 = ADVANCED_FACE('',(#10030),#10038,.F.);
#10030 = FACE_BOUND('',#10031,.F.);
#10031 = EDGE_LOOP('',(#10032,#10033,#10034,#10035,#10036,#10037));
#10032 = ORIENTED_EDGE('',*,*,#9630,.F.);
#10033 = ORIENTED_EDGE('',*,*,#8294,.T.);
#10034 = ORIENTED_EDGE('',*,*,#8303,.T.);
#10035 = ORIENTED_EDGE('',*,*,#9615,.T.);
#10036 = ORIENTED_EDGE('',*,*,#8884,.F.);
#10037 = ORIENTED_EDGE('',*,*,#8893,.F.);
#10038 = CYLINDRICAL_SURFACE('',#10039,0.8);
#10039 = AXIS2_PLACEMENT_3D('',#10040,#10041,#10042);
#10040 = CARTESIAN_POINT('',(50.065685424949,-114.186474523,
    -3.634314575051));
#10041 = DIRECTION('',(0.,-1.,2.2E-16));
#10042 = DIRECTION('',(1.,0.,0.));
#10043 = ADVANCED_FACE('',(#10044),#10052,.F.);
#10044 = FACE_BOUND('',#10045,.F.);
#10045 = EDGE_LOOP('',(#10046,#10047,#10048,#10049,#10050,#10051));
#10046 = ORIENTED_EDGE('',*,*,#9652,.F.);
#10047 = ORIENTED_EDGE('',*,*,#8268,.T.);
#10048 = ORIENTED_EDGE('',*,*,#8277,.T.);
#10049 = ORIENTED_EDGE('',*,*,#9637,.T.);
#10050 = ORIENTED_EDGE('',*,*,#8910,.F.);
#10051 = ORIENTED_EDGE('',*,*,#8919,.F.);
#10052 = CYLINDRICAL_SURFACE('',#10053,0.8);
#10053 = AXIS2_PLACEMENT_3D('',#10054,#10055,#10056);
#10054 = CARTESIAN_POINT('',(50.065685424949,-114.186474523,
    -0.565685424949));
#10055 = DIRECTION('',(0.,-1.,2.2E-16));
#10056 = DIRECTION('',(1.,0.,0.));
#10057 = ADVANCED_FACE('',(#10058),#10066,.F.);
#10058 = FACE_BOUND('',#10059,.F.);
#10059 = EDGE_LOOP('',(#10060,#10061,#10062,#10063,#10064,#10065));
#10060 = ORIENTED_EDGE('',*,*,#9810,.F.);
#10061 = ORIENTED_EDGE('',*,*,#8142,.T.);
#10062 = ORIENTED_EDGE('',*,*,#8151,.T.);
#10063 = ORIENTED_EDGE('',*,*,#9795,.T.);
#10064 = ORIENTED_EDGE('',*,*,#9036,.F.);
#10065 = ORIENTED_EDGE('',*,*,#9045,.F.);
#10066 = CYLINDRICAL_SURFACE('',#10067,0.8);
#10067 = AXIS2_PLACEMENT_3D('',#10068,#10069,#10070);
#10068 = CARTESIAN_POINT('',(81.065685424949,-114.186474523,
    -3.634314575051));
#10069 = DIRECTION('',(0.,-1.,2.2E-16));
#10070 = DIRECTION('',(1.,0.,0.));
#10071 = ADVANCED_FACE('',(#10072),#10080,.F.);
#10072 = FACE_BOUND('',#10073,.F.);
#10073 = EDGE_LOOP('',(#10074,#10075,#10076,#10077,#10078,#10079));
#10074 = ORIENTED_EDGE('',*,*,#9832,.F.);
#10075 = ORIENTED_EDGE('',*,*,#8116,.T.);
#10076 = ORIENTED_EDGE('',*,*,#8125,.T.);
#10077 = ORIENTED_EDGE('',*,*,#9817,.T.);
#10078 = ORIENTED_EDGE('',*,*,#9062,.F.);
#10079 = ORIENTED_EDGE('',*,*,#9071,.F.);
#10080 = CYLINDRICAL_SURFACE('',#10081,0.8);
#10081 = AXIS2_PLACEMENT_3D('',#10082,#10083,#10084);
#10082 = CARTESIAN_POINT('',(81.065685424949,-114.186474523,
    -0.565685424949));
#10083 = DIRECTION('',(0.,-1.,2.2E-16));
#10084 = DIRECTION('',(1.,0.,0.));
#10085 = ( GEOMETRIC_REPRESENTATION_CONTEXT(3) 
GLOBAL_UNCERTAINTY_ASSIGNED_CONTEXT((#10089)) 
GLOBAL_UNIT_ASSIGNED_CONTEXT((#10086,#10087,#10088)) 
REPRESENTATION_CONTEXT('Context #1',
  '3D Context with UNIT and UNCERTAINTY') );
#10086 = ( LENGTH_UNIT() NAMED_UNIT(*) SI_UNIT(.MILLI.,.METRE.) );
#10087 = ( NAMED_UNIT(*) PLANE_ANGLE_UNIT() SI_UNIT($,.RADIAN.) );
#10088 = ( NAMED_UNIT(*) SI_UNIT($,.STERADIAN.) SOLID_ANGLE_UNIT() );
#10089 = UNCERTAINTY_MEASURE_WITH_UNIT(LENGTH_MEASURE(1.E-04),#10086,
  'distance_accuracy_value','confusion accuracy');
#10090 = CONTEXT_DEPENDENT_SHAPE_REPRESENTATION(#10091,#10093);
#10091 = ( REPRESENTATION_RELATIONSHIP('','',#7977,#7954) 
REPRESENTATION_RELATIONSHIP_WITH_TRANSFORMATION(#10092) 
SHAPE_REPRESENTATION_RELATIONSHIP() );
#10092 = ITEM_DEFINED_TRANSFORMATION('','',#11,#7955);
#10093 = PRODUCT_DEFINITION_SHAPE('Placement','Placement of an item',
  #10094);
#10094 = NEXT_ASSEMBLY_USAGE_OCCURRENCE('5','Body004','',#7949,#7972,$);
#10095 = PRODUCT_RELATED_PRODUCT_CATEGORY('part',$,(#7974));
#10096 = MECHANICAL_DESIGN_GEOMETRIC_PRESENTATION_REPRESENTATION('',(
    #10097),#10085);
#10097 = STYLED_ITEM('color',(#10098),#7978);
#10098 = PRESENTATION_STYLE_ASSIGNMENT((#10099,#10105));
#10099 = SURFACE_STYLE_USAGE(.BOTH.,#10100);
#10100 = SURFACE_SIDE_STYLE('',(#10101));
#10101 = SURFACE_STYLE_FILL_AREA(#10102);
#10102 = FILL_AREA_STYLE('',(#10103));
#10103 = FILL_AREA_STYLE_COLOUR('',#10104);
#10104 = COLOUR_RGB('',0.329411773243,0.329411773243,1.);
#10105 = CURVE_STYLE('',#10106,POSITIVE_LENGTH_MEASURE(0.1),#10107);
#10106 = DRAUGHTING_PRE_DEFINED_CURVE_FONT('continuous');
#10107 = COLOUR_RGB('',9.803921802644E-02,9.803921802644E-02,
  9.803921802644E-02);
#10108 = MECHANICAL_DESIGN_GEOMETRIC_PRESENTATION_REPRESENTATION('',(
    #10109),#7936);
#10109 = STYLED_ITEM('color',(#10110),#2194);
#10110 = PRESENTATION_STYLE_ASSIGNMENT((#10111,#10117));
#10111 = SURFACE_STYLE_USAGE(.BOTH.,#10112);
#10112 = SURFACE_SIDE_STYLE('',(#10113));
#10113 = SURFACE_STYLE_FILL_AREA(#10114);
#10114 = FILL_AREA_STYLE('',(#10115));
#10115 = FILL_AREA_STYLE_COLOUR('',#10116);
#10116 = COLOUR_RGB('',0.,0.329411773243,0.);
#10117 = CURVE_STYLE('',#10118,POSITIVE_LENGTH_MEASURE(0.1),#10107);
#10118 = DRAUGHTING_PRE_DEFINED_CURVE_FONT('continuous');
#10119 = MECHANICAL_DESIGN_GEOMETRIC_PRESENTATION_REPRESENTATION('',(
    #10120),#2152);
#10120 = STYLED_ITEM('color',(#10121),#64);
#10121 = PRESENTATION_STYLE_ASSIGNMENT((#10122,#10128));
#10122 = SURFACE_STYLE_USAGE(.BOTH.,#10123);
#10123 = SURFACE_SIDE_STYLE('',(#10124));
#10124 = SURFACE_STYLE_FILL_AREA(#10125);
#10125 = FILL_AREA_STYLE('',(#10126));
#10126 = FILL_AREA_STYLE_COLOUR('',#10127);
#10127 = COLOUR_RGB('',0.329411773243,0.670588257465,1.);
#10128 = CURVE_STYLE('',#10129,POSITIVE_LENGTH_MEASURE(0.1),#10107);
#10129 = DRAUGHTING_PRE_DEFINED_CURVE_FONT('continuous');
ENDSEC;
END-ISO-10303-21;
