ISO-10303-21;
HEADER;
FILE_DESCRIPTION(('FreeCAD Model'),'2;1');
FILE_NAME('Open CASCADE Shape Model','2025-12-01T10:30:24',('Author'),(
    ''),'Open CASCADE STEP processor 7.8','FreeCAD','Unknown');
FILE_SCHEMA(('AUTOMOTIVE_DESIGN { 1 0 10303 214 1 1 1 1 }'));
ENDSEC;
DATA;
#1 = APPLICATION_PROTOCOL_DEFINITION('international standard',
  'automotive_design',2000,#2);
#2 = APPLICATION_CONTEXT(
  'core data for automotive mechanical design processes');
#3 = SHAPE_DEFINITION_REPRESENTATION(#4,#10);
#4 = PRODUCT_DEFINITION_SHAPE('','',#5);
#5 = PRODUCT_DEFINITION('design','',#6,#9);
#6 = PRODUCT_DEFINITION_FORMATION('','',#7);
#7 = PRODUCT('TeileExport','TeileExport','',(#8));
#8 = PRODUCT_CONTEXT('',#2,'mechanical');
#9 = PRODUCT_DEFINITION_CONTEXT('part definition',#2,'design');
#10 = SHAPE_REPRESENTATION('',(#11,#15,#19,#23,#27),#31);
#11 = AXIS2_PLACEMENT_3D('',#12,#13,#14);
#12 = CARTESIAN_POINT('',(0.,0.,0.));
#13 = DIRECTION('',(0.,0.,1.));
#14 = DIRECTION('',(1.,0.,-0.));
#15 = AXIS2_PLACEMENT_3D('',#16,#17,#18);
#16 = CARTESIAN_POINT('',(-61.00001144409,-7.2717671173E-06,
    1.23746776808E-05));
#17 = DIRECTION('',(-1.,-1.039999824669E-14,3.37174794085E-07));
#18 = DIRECTION('',(3.37174794085E-07,1.753308633332E-21,1.));
#19 = AXIS2_PLACEMENT_3D('',#20,#21,#22);
#20 = CARTESIAN_POINT('',(0.,-73.00001525878,17.999980926514));
#21 = DIRECTION('',(0.,-1.,-3.37174794085E-07));
#22 = DIRECTION('',(1.,0.,0.));
#23 = AXIS2_PLACEMENT_3D('',#24,#25,#26);
#24 = CARTESIAN_POINT('',(0.,0.,0.));
#25 = DIRECTION('',(0.,0.,1.));
#26 = DIRECTION('',(1.,0.,0.));
#27 = AXIS2_PLACEMENT_3D('',#28,#29,#30);
#28 = CARTESIAN_POINT('',(0.,-155.,106.00002288818));
#29 = DIRECTION('',(0.,1.,-1.685873969315E-07));
#30 = DIRECTION('',(1.,0.,0.));
#31 = ( GEOMETRIC_REPRESENTATION_CONTEXT(3) 
GLOBAL_UNCERTAINTY_ASSIGNED_CONTEXT((#35)) GLOBAL_UNIT_ASSIGNED_CONTEXT(
(#32,#33,#34)) REPRESENTATION_CONTEXT('Context #1',
  '3D Context with UNIT and UNCERTAINTY') );
#32 = ( LENGTH_UNIT() NAMED_UNIT(*) SI_UNIT(.MILLI.,.METRE.) );
#33 = ( NAMED_UNIT(*) PLANE_ANGLE_UNIT() SI_UNIT($,.RADIAN.) );
#34 = ( NAMED_UNIT(*) SI_UNIT($,.STERADIAN.) SOLID_ANGLE_UNIT() );
#35 = UNCERTAINTY_MEASURE_WITH_UNIT(LENGTH_MEASURE(1.E-04),#32,
  'distance_accuracy_value','confusion accuracy');
#36 = PRODUCT_RELATED_PRODUCT_CATEGORY('part',$,(#7));
#37 = SHAPE_DEFINITION_REPRESENTATION(#38,#44);
#38 = PRODUCT_DEFINITION_SHAPE('','',#39);
#39 = PRODUCT_DEFINITION('design','',#40,#43);
#40 = PRODUCT_DEFINITION_FORMATION('','',#41);
#41 = PRODUCT('Querwand','Querwand','',(#42));
#42 = PRODUCT_CONTEXT('',#2,'mechanical');
#43 = PRODUCT_DEFINITION_CONTEXT('part definition',#2,'design');
#44 = SHAPE_REPRESENTATION('',(#11,#45),#49);
#45 = AXIS2_PLACEMENT_3D('',#46,#47,#48);
#46 = CARTESIAN_POINT('',(0.,0.,0.));
#47 = DIRECTION('',(0.,0.,1.));
#48 = DIRECTION('',(1.,0.,0.));
#49 = ( GEOMETRIC_REPRESENTATION_CONTEXT(3) 
GLOBAL_UNCERTAINTY_ASSIGNED_CONTEXT((#53)) GLOBAL_UNIT_ASSIGNED_CONTEXT(
(#50,#51,#52)) REPRESENTATION_CONTEXT('Context #1',
  '3D Context with UNIT and UNCERTAINTY') );
#50 = ( LENGTH_UNIT() NAMED_UNIT(*) SI_UNIT(.MILLI.,.METRE.) );
#51 = ( NAMED_UNIT(*) PLANE_ANGLE_UNIT() SI_UNIT($,.RADIAN.) );
#52 = ( NAMED_UNIT(*) SI_UNIT($,.STERADIAN.) SOLID_ANGLE_UNIT() );
#53 = UNCERTAINTY_MEASURE_WITH_UNIT(LENGTH_MEASURE(1.E-04),#50,
  'distance_accuracy_value','confusion accuracy');
#54 = CONTEXT_DEPENDENT_SHAPE_REPRESENTATION(#55,#57);
#55 = ( REPRESENTATION_RELATIONSHIP('','',#44,#10) 
REPRESENTATION_RELATIONSHIP_WITH_TRANSFORMATION(#56) 
SHAPE_REPRESENTATION_RELATIONSHIP() );
#56 = ITEM_DEFINED_TRANSFORMATION('','',#11,#15);
#57 = PRODUCT_DEFINITION_SHAPE('Placement','Placement of an item',#58);
#58 = NEXT_ASSEMBLY_USAGE_OCCURRENCE('2','Querwand003','',#5,#39,$);
#59 = PRODUCT_RELATED_PRODUCT_CATEGORY('part',$,(#41));
#60 = SHAPE_DEFINITION_REPRESENTATION(#61,#67);
#61 = PRODUCT_DEFINITION_SHAPE('','',#62);
#62 = PRODUCT_DEFINITION('design','',#63,#66);
#63 = PRODUCT_DEFINITION_FORMATION('','',#64);
#64 = PRODUCT('Body','Body','',(#65));
#65 = PRODUCT_CONTEXT('',#2,'mechanical');
#66 = PRODUCT_DEFINITION_CONTEXT('part definition',#2,'design');
#67 = ADVANCED_BREP_SHAPE_REPRESENTATION('',(#11,#68),#2156);
#68 = MANIFOLD_SOLID_BREP('',#69);
#69 = CLOSED_SHELL('',(#70,#110,#645,#1180,#1197,#1219,#1236,#1253,#1270
    ,#1287,#1304,#1321,#1338,#1355,#1372,#1389,#1406,#1423,#1440,#1457,
    #1474,#1491,#1508,#1525,#1542,#1559,#1576,#1593,#1610,#1627,#1644,
    #1661,#1678,#1695,#1712,#1729,#1746,#1763,#1780,#1797,#1818,#1835,
    #1852,#1869,#1888,#1905,#1922,#1939,#1956,#1968,#1990,#2007,#2024,
    #2046,#2063,#2080,#2097,#2114,#2126,#2142));
#70 = ADVANCED_FACE('',(#71),#105,.F.);
#71 = FACE_BOUND('',#72,.F.);
#72 = EDGE_LOOP('',(#73,#83,#91,#99));
#73 = ORIENTED_EDGE('',*,*,#74,.F.);
#74 = EDGE_CURVE('',#75,#77,#79,.T.);
#75 = VERTEX_POINT('',#76);
#76 = CARTESIAN_POINT('',(-1.5,31.5,-4.3E-14));
#77 = VERTEX_POINT('',#78);
#78 = CARTESIAN_POINT('',(-1.5,33.368629150101,-2.6E-14));
#79 = LINE('',#80,#81);
#80 = CARTESIAN_POINT('',(-1.5,-19.,1.221245327088E-14));
#81 = VECTOR('',#82,1.);
#82 = DIRECTION('',(-5.6E-16,1.,-5.6E-16));
#83 = ORIENTED_EDGE('',*,*,#84,.T.);
#84 = EDGE_CURVE('',#75,#85,#87,.T.);
#85 = VERTEX_POINT('',#86);
#86 = CARTESIAN_POINT('',(1.5,31.5,-4.1E-14));
#87 = LINE('',#88,#89);
#88 = CARTESIAN_POINT('',(47.930353588798,31.5,-1.825E-14));
#89 = VECTOR('',#90,1.);
#90 = DIRECTION('',(1.,-2.2E-16,1.1E-16));
#91 = ORIENTED_EDGE('',*,*,#92,.T.);
#92 = EDGE_CURVE('',#85,#93,#95,.T.);
#93 = VERTEX_POINT('',#94);
#94 = CARTESIAN_POINT('',(1.5,33.368629150101,-2.6E-14));
#95 = LINE('',#96,#97);
#96 = CARTESIAN_POINT('',(1.5,-19.,9.103828801926E-15));
#97 = VECTOR('',#98,1.);
#98 = DIRECTION('',(-5.6E-16,1.,-5.6E-16));
#99 = ORIENTED_EDGE('',*,*,#100,.F.);
#100 = EDGE_CURVE('',#77,#93,#101,.T.);
#101 = LINE('',#102,#103);
#102 = CARTESIAN_POINT('',(97.678018509796,33.368629150102,5.94E-14));
#103 = VECTOR('',#104,1.);
#104 = DIRECTION('',(1.,1.1E-16,0.));
#105 = PLANE('',#106);
#106 = AXIS2_PLACEMENT_3D('',#107,#108,#109);
#107 = CARTESIAN_POINT('',(-1.5,-19.,1.51E-14));
#108 = DIRECTION('',(-6.7E-16,-1.1E-16,1.));
#109 = DIRECTION('',(-5.6E-16,1.,1.1E-16));
#110 = ADVANCED_FACE('',(#111),#640,.T.);
#111 = FACE_BOUND('',#112,.T.);
#112 = EDGE_LOOP('',(#113,#123,#131,#140,#148,#157,#165,#173,#182,#191,
    #199,#207,#215,#224,#233,#240,#241,#249,#258,#266,#275,#283,#291,
    #300,#309,#317,#325,#333,#342,#351,#360,#368,#376,#385,#393,#402,
    #410,#418,#426,#434,#442,#451,#459,#468,#476,#484,#492,#501,#509,
    #518,#526,#534,#542,#551,#559,#568,#576,#584,#592,#601,#609,#618,
    #626,#634));
#113 = ORIENTED_EDGE('',*,*,#114,.F.);
#114 = EDGE_CURVE('',#115,#117,#119,.T.);
#115 = VERTEX_POINT('',#116);
#116 = CARTESIAN_POINT('',(-1.5,56.5,-7.6E-14));
#117 = VERTEX_POINT('',#118);
#118 = CARTESIAN_POINT('',(-1.5,69.,-5.4E-14));
#119 = LINE('',#120,#121);
#120 = CARTESIAN_POINT('',(-1.5,-19.,1.221245327088E-14));
#121 = VECTOR('',#122,1.);
#122 = DIRECTION('',(-5.6E-16,1.,-5.6E-16));
#123 = ORIENTED_EDGE('',*,*,#124,.F.);
#124 = EDGE_CURVE('',#125,#115,#127,.T.);
#125 = VERTEX_POINT('',#126);
#126 = CARTESIAN_POINT('',(-1.5,56.5,2.868629150101));
#127 = LINE('',#128,#129);
#128 = CARTESIAN_POINT('',(-1.5,56.5,10.184314575051));
#129 = VECTOR('',#130,1.);
#130 = DIRECTION('',(7.8E-16,3.3E-16,-1.));
#131 = ORIENTED_EDGE('',*,*,#132,.T.);
#132 = EDGE_CURVE('',#125,#133,#135,.T.);
#133 = VERTEX_POINT('',#134);
#134 = CARTESIAN_POINT('',(-1.5,55.368629150102,4.));
#135 = CIRCLE('',#136,0.8);
#136 = AXIS2_PLACEMENT_3D('',#137,#138,#139);
#137 = CARTESIAN_POINT('',(-1.5,55.934314575051,3.434314575051));
#138 = DIRECTION('',(1.,6.7E-16,5.6E-16));
#139 = DIRECTION('',(-6.7E-16,1.,-7.8E-16));
#140 = ORIENTED_EDGE('',*,*,#141,.F.);
#141 = EDGE_CURVE('',#142,#133,#144,.T.);
#142 = VERTEX_POINT('',#143);
#143 = CARTESIAN_POINT('',(-1.5,45.631370849898,4.));
#144 = LINE('',#145,#146);
#145 = CARTESIAN_POINT('',(-1.5,35.315685424949,4.));
#146 = VECTOR('',#147,1.);
#147 = DIRECTION('',(-1.2E-16,1.,-5.6E-16));
#148 = ORIENTED_EDGE('',*,*,#149,.T.);
#149 = EDGE_CURVE('',#142,#150,#152,.T.);
#150 = VERTEX_POINT('',#151);
#151 = CARTESIAN_POINT('',(-1.5,44.5,2.868629150101));
#152 = CIRCLE('',#153,0.8);
#153 = AXIS2_PLACEMENT_3D('',#154,#155,#156);
#154 = CARTESIAN_POINT('',(-1.5,45.065685424949,3.434314575051));
#155 = DIRECTION('',(1.,6.7E-16,5.6E-16));
#156 = DIRECTION('',(-6.7E-16,1.,-7.8E-16));
#157 = ORIENTED_EDGE('',*,*,#158,.T.);
#158 = EDGE_CURVE('',#150,#159,#161,.T.);
#159 = VERTEX_POINT('',#160);
#160 = CARTESIAN_POINT('',(-1.5,44.5,-6.E-14));
#161 = LINE('',#162,#163);
#162 = CARTESIAN_POINT('',(-1.5,44.5,10.184314575051));
#163 = VECTOR('',#164,1.);
#164 = DIRECTION('',(7.8E-16,3.3E-16,-1.));
#165 = ORIENTED_EDGE('',*,*,#166,.F.);
#166 = EDGE_CURVE('',#167,#159,#169,.T.);
#167 = VERTEX_POINT('',#168);
#168 = CARTESIAN_POINT('',(-1.5,41.631370849898,-3.3E-14));
#169 = LINE('',#170,#171);
#170 = CARTESIAN_POINT('',(-1.5,-19.,1.221245327088E-14));
#171 = VECTOR('',#172,1.);
#172 = DIRECTION('',(-5.6E-16,1.,-5.6E-16));
#173 = ORIENTED_EDGE('',*,*,#174,.T.);
#174 = EDGE_CURVE('',#167,#175,#177,.T.);
#175 = VERTEX_POINT('',#176);
#176 = CARTESIAN_POINT('',(-1.5,40.5,-3.1E-14));
#177 = CIRCLE('',#178,0.8);
#178 = AXIS2_PLACEMENT_3D('',#179,#180,#181);
#179 = CARTESIAN_POINT('',(-1.5,41.065685424949,-0.565685424949));
#180 = DIRECTION('',(1.,1.1E-16,1.29368257903E-48));
#181 = DIRECTION('',(-1.1E-16,1.,-3.3E-16));
#182 = ORIENTED_EDGE('',*,*,#183,.T.);
#183 = EDGE_CURVE('',#175,#184,#186,.T.);
#184 = VERTEX_POINT('',#185);
#185 = CARTESIAN_POINT('',(-1.5,40.5,-1.131370849899));
#186 = CIRCLE('',#187,0.8);
#187 = AXIS2_PLACEMENT_3D('',#188,#189,#190);
#188 = CARTESIAN_POINT('',(-1.5,41.065685424949,-0.565685424949));
#189 = DIRECTION('',(1.,1.1E-16,1.29368257903E-48));
#190 = DIRECTION('',(-1.1E-16,1.,-3.3E-16));
#191 = ORIENTED_EDGE('',*,*,#192,.F.);
#192 = EDGE_CURVE('',#193,#184,#195,.T.);
#193 = VERTEX_POINT('',#194);
#194 = CARTESIAN_POINT('',(-1.5,40.5,-5.));
#195 = LINE('',#196,#197);
#196 = CARTESIAN_POINT('',(-1.5,40.5,-5.));
#197 = VECTOR('',#198,1.);
#198 = DIRECTION('',(-8.9E-16,-4.4E-16,1.));
#199 = ORIENTED_EDGE('',*,*,#200,.F.);
#200 = EDGE_CURVE('',#201,#193,#203,.T.);
#201 = VERTEX_POINT('',#202);
#202 = CARTESIAN_POINT('',(-1.5,34.5,-5.));
#203 = LINE('',#204,#205);
#204 = CARTESIAN_POINT('',(-1.5,34.5,-5.));
#205 = VECTOR('',#206,1.);
#206 = DIRECTION('',(-8.9E-16,1.,-8.9E-16));
#207 = ORIENTED_EDGE('',*,*,#208,.F.);
#208 = EDGE_CURVE('',#209,#201,#211,.T.);
#209 = VERTEX_POINT('',#210);
#210 = CARTESIAN_POINT('',(-1.5,34.5,-1.131370849899));
#211 = LINE('',#212,#213);
#212 = CARTESIAN_POINT('',(-1.5,34.5,-1.998401444325E-14));
#213 = VECTOR('',#214,1.);
#214 = DIRECTION('',(8.9E-16,4.4E-16,-1.));
#215 = ORIENTED_EDGE('',*,*,#216,.T.);
#216 = EDGE_CURVE('',#209,#217,#219,.T.);
#217 = VERTEX_POINT('',#218);
#218 = CARTESIAN_POINT('',(-1.5,34.734314575051,-0.565685424949));
#219 = CIRCLE('',#220,0.8);
#220 = AXIS2_PLACEMENT_3D('',#221,#222,#223);
#221 = CARTESIAN_POINT('',(-1.5,33.934314575051,-0.565685424949));
#222 = DIRECTION('',(1.,1.1E-16,1.29368257903E-48));
#223 = DIRECTION('',(-1.1E-16,1.,-3.3E-16));
#224 = ORIENTED_EDGE('',*,*,#225,.T.);
#225 = EDGE_CURVE('',#217,#226,#228,.T.);
#226 = VERTEX_POINT('',#227);
#227 = CARTESIAN_POINT('',(-1.5,34.5,-2.7E-14));
#228 = CIRCLE('',#229,0.8);
#229 = AXIS2_PLACEMENT_3D('',#230,#231,#232);
#230 = CARTESIAN_POINT('',(-1.5,33.934314575051,-0.565685424949));
#231 = DIRECTION('',(1.,1.1E-16,1.29368257903E-48));
#232 = DIRECTION('',(-1.1E-16,1.,-3.3E-16));
#233 = ORIENTED_EDGE('',*,*,#234,.T.);
#234 = EDGE_CURVE('',#226,#77,#235,.T.);
#235 = CIRCLE('',#236,0.8);
#236 = AXIS2_PLACEMENT_3D('',#237,#238,#239);
#237 = CARTESIAN_POINT('',(-1.5,33.934314575051,-0.565685424949));
#238 = DIRECTION('',(1.,1.1E-16,1.29368257903E-48));
#239 = DIRECTION('',(-1.1E-16,1.,-3.3E-16));
#240 = ORIENTED_EDGE('',*,*,#74,.F.);
#241 = ORIENTED_EDGE('',*,*,#242,.F.);
#242 = EDGE_CURVE('',#243,#75,#245,.T.);
#243 = VERTEX_POINT('',#244);
#244 = CARTESIAN_POINT('',(-1.5,31.5,2.868629150101));
#245 = LINE('',#246,#247);
#246 = CARTESIAN_POINT('',(-1.5,31.5,10.184314575051));
#247 = VECTOR('',#248,1.);
#248 = DIRECTION('',(7.8E-16,3.3E-16,-1.));
#249 = ORIENTED_EDGE('',*,*,#250,.T.);
#250 = EDGE_CURVE('',#243,#251,#253,.T.);
#251 = VERTEX_POINT('',#252);
#252 = CARTESIAN_POINT('',(-1.5,30.368629150102,4.));
#253 = CIRCLE('',#254,0.8);
#254 = AXIS2_PLACEMENT_3D('',#255,#256,#257);
#255 = CARTESIAN_POINT('',(-1.5,30.934314575051,3.434314575051));
#256 = DIRECTION('',(1.,6.7E-16,5.6E-16));
#257 = DIRECTION('',(-6.7E-16,1.,-7.8E-16));
#258 = ORIENTED_EDGE('',*,*,#259,.F.);
#259 = EDGE_CURVE('',#260,#251,#262,.T.);
#260 = VERTEX_POINT('',#261);
#261 = CARTESIAN_POINT('',(-1.5,20.631370849898,4.));
#262 = LINE('',#263,#264);
#263 = CARTESIAN_POINT('',(-1.5,22.815685424949,4.));
#264 = VECTOR('',#265,1.);
#265 = DIRECTION('',(-1.2E-16,1.,-5.6E-16));
#266 = ORIENTED_EDGE('',*,*,#267,.T.);
#267 = EDGE_CURVE('',#260,#268,#270,.T.);
#268 = VERTEX_POINT('',#269);
#269 = CARTESIAN_POINT('',(-1.5,19.5,2.868629150102));
#270 = CIRCLE('',#271,0.8);
#271 = AXIS2_PLACEMENT_3D('',#272,#273,#274);
#272 = CARTESIAN_POINT('',(-1.5,20.065685424949,3.434314575051));
#273 = DIRECTION('',(1.,6.7E-16,5.6E-16));
#274 = DIRECTION('',(-6.7E-16,1.,-7.8E-16));
#275 = ORIENTED_EDGE('',*,*,#276,.T.);
#276 = EDGE_CURVE('',#268,#277,#279,.T.);
#277 = VERTEX_POINT('',#278);
#278 = CARTESIAN_POINT('',(-1.5,19.5,-2.6E-14));
#279 = LINE('',#280,#281);
#280 = CARTESIAN_POINT('',(-1.5,19.5,10.184314575051));
#281 = VECTOR('',#282,1.);
#282 = DIRECTION('',(7.8E-16,3.3E-16,-1.));
#283 = ORIENTED_EDGE('',*,*,#284,.F.);
#284 = EDGE_CURVE('',#285,#277,#287,.T.);
#285 = VERTEX_POINT('',#286);
#286 = CARTESIAN_POINT('',(-1.5,16.631370849898,-1.3E-14));
#287 = LINE('',#288,#289);
#288 = CARTESIAN_POINT('',(-1.5,-19.,1.221245327088E-14));
#289 = VECTOR('',#290,1.);
#290 = DIRECTION('',(-5.6E-16,1.,-5.6E-16));
#291 = ORIENTED_EDGE('',*,*,#292,.T.);
#292 = EDGE_CURVE('',#285,#293,#295,.T.);
#293 = VERTEX_POINT('',#294);
#294 = CARTESIAN_POINT('',(-1.5,15.5,-1.2E-14));
#295 = CIRCLE('',#296,0.8);
#296 = AXIS2_PLACEMENT_3D('',#297,#298,#299);
#297 = CARTESIAN_POINT('',(-1.5,16.065685424949,-0.565685424949));
#298 = DIRECTION('',(1.,-7.948611779637E-48,3.3E-16));
#299 = DIRECTION('',(1.089E-31,1.,-3.3E-16));
#300 = ORIENTED_EDGE('',*,*,#301,.T.);
#301 = EDGE_CURVE('',#293,#302,#304,.T.);
#302 = VERTEX_POINT('',#303);
#303 = CARTESIAN_POINT('',(-1.5,15.5,-1.131370849899));
#304 = CIRCLE('',#305,0.8);
#305 = AXIS2_PLACEMENT_3D('',#306,#307,#308);
#306 = CARTESIAN_POINT('',(-1.5,16.065685424949,-0.565685424949));
#307 = DIRECTION('',(1.,-7.948611779637E-48,3.3E-16));
#308 = DIRECTION('',(1.089E-31,1.,-3.3E-16));
#309 = ORIENTED_EDGE('',*,*,#310,.F.);
#310 = EDGE_CURVE('',#311,#302,#313,.T.);
#311 = VERTEX_POINT('',#312);
#312 = CARTESIAN_POINT('',(-1.5,15.5,-5.));
#313 = LINE('',#314,#315);
#314 = CARTESIAN_POINT('',(-1.5,15.5,-5.));
#315 = VECTOR('',#316,1.);
#316 = DIRECTION('',(-6.7E-16,-3.3E-16,1.));
#317 = ORIENTED_EDGE('',*,*,#318,.F.);
#318 = EDGE_CURVE('',#319,#311,#321,.T.);
#319 = VERTEX_POINT('',#320);
#320 = CARTESIAN_POINT('',(-1.5,9.5,-5.));
#321 = LINE('',#322,#323);
#322 = CARTESIAN_POINT('',(-1.5,9.5,-5.));
#323 = VECTOR('',#324,1.);
#324 = DIRECTION('',(-5.6E-16,1.,-5.6E-16));
#325 = ORIENTED_EDGE('',*,*,#326,.F.);
#326 = EDGE_CURVE('',#327,#319,#329,.T.);
#327 = VERTEX_POINT('',#328);
#328 = CARTESIAN_POINT('',(-1.5,9.5,-1.131370849898));
#329 = LINE('',#330,#331);
#330 = CARTESIAN_POINT('',(-1.5,9.5,-4.218847493576E-15));
#331 = VECTOR('',#332,1.);
#332 = DIRECTION('',(6.7E-16,3.3E-16,-1.));
#333 = ORIENTED_EDGE('',*,*,#334,.T.);
#334 = EDGE_CURVE('',#327,#335,#337,.T.);
#335 = VERTEX_POINT('',#336);
#336 = CARTESIAN_POINT('',(-1.5,9.734314575051,-0.565685424949));
#337 = CIRCLE('',#338,0.8);
#338 = AXIS2_PLACEMENT_3D('',#339,#340,#341);
#339 = CARTESIAN_POINT('',(-1.5,8.934314575051,-0.565685424949));
#340 = DIRECTION('',(1.,-7.948611779637E-48,3.3E-16));
#341 = DIRECTION('',(1.089E-31,1.,-3.3E-16));
#342 = ORIENTED_EDGE('',*,*,#343,.T.);
#343 = EDGE_CURVE('',#335,#344,#346,.T.);
#344 = VERTEX_POINT('',#345);
#345 = CARTESIAN_POINT('',(-1.5,9.5,-8.E-15));
#346 = CIRCLE('',#347,0.8);
#347 = AXIS2_PLACEMENT_3D('',#348,#349,#350);
#348 = CARTESIAN_POINT('',(-1.5,8.934314575051,-0.565685424949));
#349 = DIRECTION('',(1.,-7.948611779637E-48,3.3E-16));
#350 = DIRECTION('',(1.089E-31,1.,-3.3E-16));
#351 = ORIENTED_EDGE('',*,*,#352,.T.);
#352 = EDGE_CURVE('',#344,#353,#355,.T.);
#353 = VERTEX_POINT('',#354);
#354 = CARTESIAN_POINT('',(-1.5,8.368629150102,-7.E-15));
#355 = CIRCLE('',#356,0.8);
#356 = AXIS2_PLACEMENT_3D('',#357,#358,#359);
#357 = CARTESIAN_POINT('',(-1.5,8.934314575051,-0.565685424949));
#358 = DIRECTION('',(1.,-7.948611779637E-48,3.3E-16));
#359 = DIRECTION('',(1.089E-31,1.,-3.3E-16));
#360 = ORIENTED_EDGE('',*,*,#361,.F.);
#361 = EDGE_CURVE('',#362,#353,#364,.T.);
#362 = VERTEX_POINT('',#363);
#363 = CARTESIAN_POINT('',(-1.5,6.5,-9.E-15));
#364 = LINE('',#365,#366);
#365 = CARTESIAN_POINT('',(-1.5,-19.,1.221245327088E-14));
#366 = VECTOR('',#367,1.);
#367 = DIRECTION('',(-5.6E-16,1.,-5.6E-16));
#368 = ORIENTED_EDGE('',*,*,#369,.F.);
#369 = EDGE_CURVE('',#370,#362,#372,.T.);
#370 = VERTEX_POINT('',#371);
#371 = CARTESIAN_POINT('',(-1.5,6.5,2.868629150102));
#372 = LINE('',#373,#374);
#373 = CARTESIAN_POINT('',(-1.5,6.5,10.184314575051));
#374 = VECTOR('',#375,1.);
#375 = DIRECTION('',(7.8E-16,3.3E-16,-1.));
#376 = ORIENTED_EDGE('',*,*,#377,.T.);
#377 = EDGE_CURVE('',#370,#378,#380,.T.);
#378 = VERTEX_POINT('',#379);
#379 = CARTESIAN_POINT('',(-1.5,5.368629150102,4.));
#380 = CIRCLE('',#381,0.8);
#381 = AXIS2_PLACEMENT_3D('',#382,#383,#384);
#382 = CARTESIAN_POINT('',(-1.5,5.934314575051,3.434314575051));
#383 = DIRECTION('',(1.,5.6E-16,8.9E-16));
#384 = DIRECTION('',(-5.6E-16,1.,-7.8E-16));
#385 = ORIENTED_EDGE('',*,*,#386,.F.);
#386 = EDGE_CURVE('',#387,#378,#389,.T.);
#387 = VERTEX_POINT('',#388);
#388 = CARTESIAN_POINT('',(-1.5,-4.368629150102,4.));
#389 = LINE('',#390,#391);
#390 = CARTESIAN_POINT('',(-1.5,10.315685424949,4.));
#391 = VECTOR('',#392,1.);
#392 = DIRECTION('',(-1.2E-16,1.,-7.8E-16));
#393 = ORIENTED_EDGE('',*,*,#394,.T.);
#394 = EDGE_CURVE('',#387,#395,#397,.T.);
#395 = VERTEX_POINT('',#396);
#396 = CARTESIAN_POINT('',(-1.5,-5.5,2.868629150102));
#397 = CIRCLE('',#398,0.8);
#398 = AXIS2_PLACEMENT_3D('',#399,#400,#401);
#399 = CARTESIAN_POINT('',(-1.5,-4.934314575051,3.434314575051));
#400 = DIRECTION('',(1.,5.6E-16,8.9E-16));
#401 = DIRECTION('',(-5.6E-16,1.,-7.8E-16));
#402 = ORIENTED_EDGE('',*,*,#403,.T.);
#403 = EDGE_CURVE('',#395,#404,#406,.T.);
#404 = VERTEX_POINT('',#405);
#405 = CARTESIAN_POINT('',(-1.5,-5.5,7.E-15));
#406 = LINE('',#407,#408);
#407 = CARTESIAN_POINT('',(-1.5,-5.5,10.184314575051));
#408 = VECTOR('',#409,1.);
#409 = DIRECTION('',(7.8E-16,3.3E-16,-1.));
#410 = ORIENTED_EDGE('',*,*,#411,.F.);
#411 = EDGE_CURVE('',#412,#404,#414,.T.);
#412 = VERTEX_POINT('',#413);
#413 = CARTESIAN_POINT('',(-1.5,-19.,1.4E-14));
#414 = LINE('',#415,#416);
#415 = CARTESIAN_POINT('',(-1.5,-19.,1.221245327088E-14));
#416 = VECTOR('',#417,1.);
#417 = DIRECTION('',(-5.6E-16,1.,-5.6E-16));
#418 = ORIENTED_EDGE('',*,*,#419,.F.);
#419 = EDGE_CURVE('',#420,#412,#422,.T.);
#420 = VERTEX_POINT('',#421);
#421 = CARTESIAN_POINT('',(-1.5,-19.,35.));
#422 = LINE('',#423,#424);
#423 = CARTESIAN_POINT('',(-1.5,-19.,35.));
#424 = VECTOR('',#425,1.);
#425 = DIRECTION('',(6.7E-16,3.3E-16,-1.));
#426 = ORIENTED_EDGE('',*,*,#427,.F.);
#427 = EDGE_CURVE('',#428,#420,#430,.T.);
#428 = VERTEX_POINT('',#429);
#429 = CARTESIAN_POINT('',(-1.5,-14.2,35.));
#430 = LINE('',#431,#432);
#431 = CARTESIAN_POINT('',(-1.5,69.,35.));
#432 = VECTOR('',#433,1.);
#433 = DIRECTION('',(5.6E-16,-1.,5.6E-16));
#434 = ORIENTED_EDGE('',*,*,#435,.T.);
#435 = EDGE_CURVE('',#428,#436,#438,.T.);
#436 = VERTEX_POINT('',#437);
#437 = CARTESIAN_POINT('',(-1.5,-14.2,18.631370849899));
#438 = LINE('',#439,#440);
#439 = CARTESIAN_POINT('',(-1.5,-14.2,26.25));
#440 = VECTOR('',#441,1.);
#441 = DIRECTION('',(8.9E-16,2.2E-16,-1.));
#442 = ORIENTED_EDGE('',*,*,#443,.T.);
#443 = EDGE_CURVE('',#436,#444,#446,.T.);
#444 = VERTEX_POINT('',#445);
#445 = CARTESIAN_POINT('',(-1.5,-13.0686291501,17.5));
#446 = CIRCLE('',#447,0.8);
#447 = AXIS2_PLACEMENT_3D('',#448,#449,#450);
#448 = CARTESIAN_POINT('',(-1.5,-13.63431457505,18.065685424949));
#449 = DIRECTION('',(1.,5.6E-16,8.9E-16));
#450 = DIRECTION('',(-5.6E-16,1.,-7.8E-16));
#451 = ORIENTED_EDGE('',*,*,#452,.T.);
#452 = EDGE_CURVE('',#444,#453,#455,.T.);
#453 = VERTEX_POINT('',#454);
#454 = CARTESIAN_POINT('',(-1.5,-11.93137084989,17.5));
#455 = LINE('',#456,#457);
#456 = CARTESIAN_POINT('',(-1.5,5.965685424949,17.5));
#457 = VECTOR('',#458,1.);
#458 = DIRECTION('',(1.1E-16,1.,-7.8E-16));
#459 = ORIENTED_EDGE('',*,*,#460,.T.);
#460 = EDGE_CURVE('',#453,#461,#463,.T.);
#461 = VERTEX_POINT('',#462);
#462 = CARTESIAN_POINT('',(-1.5,-10.8,18.631370849898));
#463 = CIRCLE('',#464,0.8);
#464 = AXIS2_PLACEMENT_3D('',#465,#466,#467);
#465 = CARTESIAN_POINT('',(-1.5,-11.36568542494,18.065685424949));
#466 = DIRECTION('',(1.,5.6E-16,8.9E-16));
#467 = DIRECTION('',(-5.6E-16,1.,-7.8E-16));
#468 = ORIENTED_EDGE('',*,*,#469,.T.);
#469 = EDGE_CURVE('',#461,#470,#472,.T.);
#470 = VERTEX_POINT('',#471);
#471 = CARTESIAN_POINT('',(-1.5,-10.8,35.));
#472 = LINE('',#473,#474);
#473 = CARTESIAN_POINT('',(-1.5,-10.8,18.065685424949));
#474 = VECTOR('',#475,1.);
#475 = DIRECTION('',(-8.9E-16,-3.3E-16,1.));
#476 = ORIENTED_EDGE('',*,*,#477,.F.);
#477 = EDGE_CURVE('',#478,#470,#480,.T.);
#478 = VERTEX_POINT('',#479);
#479 = CARTESIAN_POINT('',(-1.5,10.8,35.));
#480 = LINE('',#481,#482);
#481 = CARTESIAN_POINT('',(-1.5,69.,35.));
#482 = VECTOR('',#483,1.);
#483 = DIRECTION('',(5.6E-16,-1.,5.6E-16));
#484 = ORIENTED_EDGE('',*,*,#485,.T.);
#485 = EDGE_CURVE('',#478,#486,#488,.T.);
#486 = VERTEX_POINT('',#487);
#487 = CARTESIAN_POINT('',(-1.5,10.8,18.631370849898));
#488 = LINE('',#489,#490);
#489 = CARTESIAN_POINT('',(-1.5,10.8,26.25));
#490 = VECTOR('',#491,1.);
#491 = DIRECTION('',(8.9E-16,2.2E-16,-1.));
#492 = ORIENTED_EDGE('',*,*,#493,.T.);
#493 = EDGE_CURVE('',#486,#494,#496,.T.);
#494 = VERTEX_POINT('',#495);
#495 = CARTESIAN_POINT('',(-1.5,11.931370849898,17.5));
#496 = CIRCLE('',#497,0.8);
#497 = AXIS2_PLACEMENT_3D('',#498,#499,#500);
#498 = CARTESIAN_POINT('',(-1.5,11.365685424949,18.065685424949));
#499 = DIRECTION('',(1.,6.7E-16,5.6E-16));
#500 = DIRECTION('',(-6.7E-16,1.,-7.8E-16));
#501 = ORIENTED_EDGE('',*,*,#502,.T.);
#502 = EDGE_CURVE('',#494,#503,#505,.T.);
#503 = VERTEX_POINT('',#504);
#504 = CARTESIAN_POINT('',(-1.5,13.068629150102,17.5));
#505 = LINE('',#506,#507);
#506 = CARTESIAN_POINT('',(-1.5,18.465685424949,17.5));
#507 = VECTOR('',#508,1.);
#508 = DIRECTION('',(1.1E-16,1.,-5.6E-16));
#509 = ORIENTED_EDGE('',*,*,#510,.T.);
#510 = EDGE_CURVE('',#503,#511,#513,.T.);
#511 = VERTEX_POINT('',#512);
#512 = CARTESIAN_POINT('',(-1.5,14.2,18.631370849898));
#513 = CIRCLE('',#514,0.8);
#514 = AXIS2_PLACEMENT_3D('',#515,#516,#517);
#515 = CARTESIAN_POINT('',(-1.5,13.634314575051,18.065685424949));
#516 = DIRECTION('',(1.,6.7E-16,5.6E-16));
#517 = DIRECTION('',(-6.7E-16,1.,-7.8E-16));
#518 = ORIENTED_EDGE('',*,*,#519,.T.);
#519 = EDGE_CURVE('',#511,#520,#522,.T.);
#520 = VERTEX_POINT('',#521);
#521 = CARTESIAN_POINT('',(-1.5,14.2,35.));
#522 = LINE('',#523,#524);
#523 = CARTESIAN_POINT('',(-1.5,14.2,18.065685424949));
#524 = VECTOR('',#525,1.);
#525 = DIRECTION('',(-8.9E-16,-3.3E-16,1.));
#526 = ORIENTED_EDGE('',*,*,#527,.F.);
#527 = EDGE_CURVE('',#528,#520,#530,.T.);
#528 = VERTEX_POINT('',#529);
#529 = CARTESIAN_POINT('',(-1.5,35.8,35.));
#530 = LINE('',#531,#532);
#531 = CARTESIAN_POINT('',(-1.5,69.,35.));
#532 = VECTOR('',#533,1.);
#533 = DIRECTION('',(5.6E-16,-1.,5.6E-16));
#534 = ORIENTED_EDGE('',*,*,#535,.T.);
#535 = EDGE_CURVE('',#528,#536,#538,.T.);
#536 = VERTEX_POINT('',#537);
#537 = CARTESIAN_POINT('',(-1.5,35.8,18.631370849898));
#538 = LINE('',#539,#540);
#539 = CARTESIAN_POINT('',(-1.5,35.8,26.25));
#540 = VECTOR('',#541,1.);
#541 = DIRECTION('',(8.9E-16,2.2E-16,-1.));
#542 = ORIENTED_EDGE('',*,*,#543,.T.);
#543 = EDGE_CURVE('',#536,#544,#546,.T.);
#544 = VERTEX_POINT('',#545);
#545 = CARTESIAN_POINT('',(-1.5,36.931370849898,17.5));
#546 = CIRCLE('',#547,0.8);
#547 = AXIS2_PLACEMENT_3D('',#548,#549,#550);
#548 = CARTESIAN_POINT('',(-1.5,36.365685424949,18.065685424949));
#549 = DIRECTION('',(1.,6.7E-16,5.6E-16));
#550 = DIRECTION('',(-6.7E-16,1.,-7.8E-16));
#551 = ORIENTED_EDGE('',*,*,#552,.T.);
#552 = EDGE_CURVE('',#544,#553,#555,.T.);
#553 = VERTEX_POINT('',#554);
#554 = CARTESIAN_POINT('',(-1.5,38.068629150102,17.5));
#555 = LINE('',#556,#557);
#556 = CARTESIAN_POINT('',(-1.5,30.965685424949,17.5));
#557 = VECTOR('',#558,1.);
#558 = DIRECTION('',(1.1E-16,1.,-5.6E-16));
#559 = ORIENTED_EDGE('',*,*,#560,.T.);
#560 = EDGE_CURVE('',#553,#561,#563,.T.);
#561 = VERTEX_POINT('',#562);
#562 = CARTESIAN_POINT('',(-1.5,39.2,18.631370849898));
#563 = CIRCLE('',#564,0.8);
#564 = AXIS2_PLACEMENT_3D('',#565,#566,#567);
#565 = CARTESIAN_POINT('',(-1.5,38.634314575051,18.065685424949));
#566 = DIRECTION('',(1.,6.7E-16,5.6E-16));
#567 = DIRECTION('',(-6.7E-16,1.,-7.8E-16));
#568 = ORIENTED_EDGE('',*,*,#569,.T.);
#569 = EDGE_CURVE('',#561,#570,#572,.T.);
#570 = VERTEX_POINT('',#571);
#571 = CARTESIAN_POINT('',(-1.5,39.2,35.));
#572 = LINE('',#573,#574);
#573 = CARTESIAN_POINT('',(-1.5,39.2,18.065685424949));
#574 = VECTOR('',#575,1.);
#575 = DIRECTION('',(-8.9E-16,-3.3E-16,1.));
#576 = ORIENTED_EDGE('',*,*,#577,.F.);
#577 = EDGE_CURVE('',#578,#570,#580,.T.);
#578 = VERTEX_POINT('',#579);
#579 = CARTESIAN_POINT('',(-1.5,60.8,35.));
#580 = LINE('',#581,#582);
#581 = CARTESIAN_POINT('',(-1.5,69.,35.));
#582 = VECTOR('',#583,1.);
#583 = DIRECTION('',(5.6E-16,-1.,5.6E-16));
#584 = ORIENTED_EDGE('',*,*,#585,.T.);
#585 = EDGE_CURVE('',#578,#586,#588,.T.);
#586 = VERTEX_POINT('',#587);
#587 = CARTESIAN_POINT('',(-1.5,60.8,18.631370849898));
#588 = LINE('',#589,#590);
#589 = CARTESIAN_POINT('',(-1.5,60.8,26.25));
#590 = VECTOR('',#591,1.);
#591 = DIRECTION('',(8.9E-16,2.2E-16,-1.));
#592 = ORIENTED_EDGE('',*,*,#593,.T.);
#593 = EDGE_CURVE('',#586,#594,#596,.T.);
#594 = VERTEX_POINT('',#595);
#595 = CARTESIAN_POINT('',(-1.5,61.931370849898,17.5));
#596 = CIRCLE('',#597,0.8);
#597 = AXIS2_PLACEMENT_3D('',#598,#599,#600);
#598 = CARTESIAN_POINT('',(-1.5,61.365685424949,18.065685424949));
#599 = DIRECTION('',(1.,6.7E-16,5.6E-16));
#600 = DIRECTION('',(-6.7E-16,1.,-7.8E-16));
#601 = ORIENTED_EDGE('',*,*,#602,.T.);
#602 = EDGE_CURVE('',#594,#603,#605,.T.);
#603 = VERTEX_POINT('',#604);
#604 = CARTESIAN_POINT('',(-1.5,63.068629150102,17.5));
#605 = LINE('',#606,#607);
#606 = CARTESIAN_POINT('',(-1.5,43.465685424949,17.5));
#607 = VECTOR('',#608,1.);
#608 = DIRECTION('',(1.1E-16,1.,-5.6E-16));
#609 = ORIENTED_EDGE('',*,*,#610,.T.);
#610 = EDGE_CURVE('',#603,#611,#613,.T.);
#611 = VERTEX_POINT('',#612);
#612 = CARTESIAN_POINT('',(-1.5,64.2,18.631370849898));
#613 = CIRCLE('',#614,0.8);
#614 = AXIS2_PLACEMENT_3D('',#615,#616,#617);
#615 = CARTESIAN_POINT('',(-1.5,63.634314575051,18.065685424949));
#616 = DIRECTION('',(1.,6.7E-16,5.6E-16));
#617 = DIRECTION('',(-6.7E-16,1.,-7.8E-16));
#618 = ORIENTED_EDGE('',*,*,#619,.T.);
#619 = EDGE_CURVE('',#611,#620,#622,.T.);
#620 = VERTEX_POINT('',#621);
#621 = CARTESIAN_POINT('',(-1.5,64.2,35.));
#622 = LINE('',#623,#624);
#623 = CARTESIAN_POINT('',(-1.5,64.2,18.065685424949));
#624 = VECTOR('',#625,1.);
#625 = DIRECTION('',(-8.9E-16,-3.3E-16,1.));
#626 = ORIENTED_EDGE('',*,*,#627,.F.);
#627 = EDGE_CURVE('',#628,#620,#630,.T.);
#628 = VERTEX_POINT('',#629);
#629 = CARTESIAN_POINT('',(-1.5,69.,35.));
#630 = LINE('',#631,#632);
#631 = CARTESIAN_POINT('',(-1.5,69.,35.));
#632 = VECTOR('',#633,1.);
#633 = DIRECTION('',(5.6E-16,-1.,5.6E-16));
#634 = ORIENTED_EDGE('',*,*,#635,.F.);
#635 = EDGE_CURVE('',#117,#628,#636,.T.);
#636 = LINE('',#637,#638);
#637 = CARTESIAN_POINT('',(-1.5,69.,-3.685940441756E-14));
#638 = VECTOR('',#639,1.);
#639 = DIRECTION('',(-6.7E-16,-3.3E-16,1.));
#640 = PLANE('',#641);
#641 = AXIS2_PLACEMENT_3D('',#642,#643,#644);
#642 = CARTESIAN_POINT('',(-1.5,25.028736174424,18.166208134748));
#643 = DIRECTION('',(-1.,3.6E-16,-3.8E-16));
#644 = DIRECTION('',(3.8E-16,1.1E-16,-1.));
#645 = ADVANCED_FACE('',(#646),#1175,.T.);
#646 = FACE_BOUND('',#647,.T.);
#647 = EDGE_LOOP('',(#648,#659,#667,#675,#683,#691,#699,#708,#716,#725,
    #733,#741,#749,#758,#766,#775,#783,#791,#799,#808,#816,#825,#833,
    #841,#849,#858,#866,#875,#883,#891,#899,#907,#915,#924,#932,#941,
    #949,#957,#966,#975,#984,#992,#1000,#1008,#1017,#1026,#1034,#1042,
    #1051,#1059,#1068,#1074,#1075,#1084,#1093,#1102,#1110,#1118,#1126,
    #1135,#1144,#1152,#1160,#1169));
#648 = ORIENTED_EDGE('',*,*,#649,.F.);
#649 = EDGE_CURVE('',#650,#652,#654,.T.);
#650 = VERTEX_POINT('',#651);
#651 = CARTESIAN_POINT('',(1.5,56.5,2.868629150101));
#652 = VERTEX_POINT('',#653);
#653 = CARTESIAN_POINT('',(1.5,55.368629150102,4.));
#654 = CIRCLE('',#655,0.8);
#655 = AXIS2_PLACEMENT_3D('',#656,#657,#658);
#656 = CARTESIAN_POINT('',(1.5,55.934314575051,3.434314575051));
#657 = DIRECTION('',(1.,6.7E-16,5.6E-16));
#658 = DIRECTION('',(-6.7E-16,1.,-7.8E-16));
#659 = ORIENTED_EDGE('',*,*,#660,.T.);
#660 = EDGE_CURVE('',#650,#661,#663,.T.);
#661 = VERTEX_POINT('',#662);
#662 = CARTESIAN_POINT('',(1.5,56.5,-7.5E-14));
#663 = LINE('',#664,#665);
#664 = CARTESIAN_POINT('',(1.5,56.5,10.184314575051));
#665 = VECTOR('',#666,1.);
#666 = DIRECTION('',(7.8E-16,3.3E-16,-1.));
#667 = ORIENTED_EDGE('',*,*,#668,.T.);
#668 = EDGE_CURVE('',#661,#669,#671,.T.);
#669 = VERTEX_POINT('',#670);
#670 = CARTESIAN_POINT('',(1.5,69.,-5.3E-14));
#671 = LINE('',#672,#673);
#672 = CARTESIAN_POINT('',(1.5,-19.,9.103828801926E-15));
#673 = VECTOR('',#674,1.);
#674 = DIRECTION('',(-5.6E-16,1.,-5.6E-16));
#675 = ORIENTED_EDGE('',*,*,#676,.T.);
#676 = EDGE_CURVE('',#669,#677,#679,.T.);
#677 = VERTEX_POINT('',#678);
#678 = CARTESIAN_POINT('',(1.5,69.,35.));
#679 = LINE('',#680,#681);
#680 = CARTESIAN_POINT('',(1.5,69.,-3.996802888651E-14));
#681 = VECTOR('',#682,1.);
#682 = DIRECTION('',(-6.7E-16,-3.3E-16,1.));
#683 = ORIENTED_EDGE('',*,*,#684,.T.);
#684 = EDGE_CURVE('',#677,#685,#687,.T.);
#685 = VERTEX_POINT('',#686);
#686 = CARTESIAN_POINT('',(1.5,64.2,35.));
#687 = LINE('',#688,#689);
#688 = CARTESIAN_POINT('',(1.5,69.,35.));
#689 = VECTOR('',#690,1.);
#690 = DIRECTION('',(5.6E-16,-1.,5.6E-16));
#691 = ORIENTED_EDGE('',*,*,#692,.F.);
#692 = EDGE_CURVE('',#693,#685,#695,.T.);
#693 = VERTEX_POINT('',#694);
#694 = CARTESIAN_POINT('',(1.5,64.2,18.631370849898));
#695 = LINE('',#696,#697);
#696 = CARTESIAN_POINT('',(1.5,64.2,18.065685424949));
#697 = VECTOR('',#698,1.);
#698 = DIRECTION('',(-8.9E-16,-3.3E-16,1.));
#699 = ORIENTED_EDGE('',*,*,#700,.F.);
#700 = EDGE_CURVE('',#701,#693,#703,.T.);
#701 = VERTEX_POINT('',#702);
#702 = CARTESIAN_POINT('',(1.5,63.068629150102,17.5));
#703 = CIRCLE('',#704,0.8);
#704 = AXIS2_PLACEMENT_3D('',#705,#706,#707);
#705 = CARTESIAN_POINT('',(1.5,63.634314575051,18.065685424949));
#706 = DIRECTION('',(1.,6.7E-16,5.6E-16));
#707 = DIRECTION('',(-6.7E-16,1.,-7.8E-16));
#708 = ORIENTED_EDGE('',*,*,#709,.F.);
#709 = EDGE_CURVE('',#710,#701,#712,.T.);
#710 = VERTEX_POINT('',#711);
#711 = CARTESIAN_POINT('',(1.5,61.931370849898,17.5));
#712 = LINE('',#713,#714);
#713 = CARTESIAN_POINT('',(1.5,43.465685424949,17.5));
#714 = VECTOR('',#715,1.);
#715 = DIRECTION('',(1.1E-16,1.,-5.6E-16));
#716 = ORIENTED_EDGE('',*,*,#717,.F.);
#717 = EDGE_CURVE('',#718,#710,#720,.T.);
#718 = VERTEX_POINT('',#719);
#719 = CARTESIAN_POINT('',(1.5,60.8,18.631370849898));
#720 = CIRCLE('',#721,0.8);
#721 = AXIS2_PLACEMENT_3D('',#722,#723,#724);
#722 = CARTESIAN_POINT('',(1.5,61.365685424949,18.065685424949));
#723 = DIRECTION('',(1.,6.7E-16,5.6E-16));
#724 = DIRECTION('',(-6.7E-16,1.,-7.8E-16));
#725 = ORIENTED_EDGE('',*,*,#726,.F.);
#726 = EDGE_CURVE('',#727,#718,#729,.T.);
#727 = VERTEX_POINT('',#728);
#728 = CARTESIAN_POINT('',(1.5,60.8,35.));
#729 = LINE('',#730,#731);
#730 = CARTESIAN_POINT('',(1.5,60.8,26.25));
#731 = VECTOR('',#732,1.);
#732 = DIRECTION('',(8.9E-16,2.2E-16,-1.));
#733 = ORIENTED_EDGE('',*,*,#734,.T.);
#734 = EDGE_CURVE('',#727,#735,#737,.T.);
#735 = VERTEX_POINT('',#736);
#736 = CARTESIAN_POINT('',(1.5,39.2,35.));
#737 = LINE('',#738,#739);
#738 = CARTESIAN_POINT('',(1.5,69.,35.));
#739 = VECTOR('',#740,1.);
#740 = DIRECTION('',(5.6E-16,-1.,5.6E-16));
#741 = ORIENTED_EDGE('',*,*,#742,.F.);
#742 = EDGE_CURVE('',#743,#735,#745,.T.);
#743 = VERTEX_POINT('',#744);
#744 = CARTESIAN_POINT('',(1.5,39.2,18.631370849898));
#745 = LINE('',#746,#747);
#746 = CARTESIAN_POINT('',(1.5,39.2,18.065685424949));
#747 = VECTOR('',#748,1.);
#748 = DIRECTION('',(-8.9E-16,-3.3E-16,1.));
#749 = ORIENTED_EDGE('',*,*,#750,.F.);
#750 = EDGE_CURVE('',#751,#743,#753,.T.);
#751 = VERTEX_POINT('',#752);
#752 = CARTESIAN_POINT('',(1.5,38.068629150102,17.5));
#753 = CIRCLE('',#754,0.8);
#754 = AXIS2_PLACEMENT_3D('',#755,#756,#757);
#755 = CARTESIAN_POINT('',(1.5,38.634314575051,18.065685424949));
#756 = DIRECTION('',(1.,6.7E-16,5.6E-16));
#757 = DIRECTION('',(-6.7E-16,1.,-7.8E-16));
#758 = ORIENTED_EDGE('',*,*,#759,.F.);
#759 = EDGE_CURVE('',#760,#751,#762,.T.);
#760 = VERTEX_POINT('',#761);
#761 = CARTESIAN_POINT('',(1.5,36.931370849898,17.5));
#762 = LINE('',#763,#764);
#763 = CARTESIAN_POINT('',(1.5,30.965685424949,17.5));
#764 = VECTOR('',#765,1.);
#765 = DIRECTION('',(1.1E-16,1.,-5.6E-16));
#766 = ORIENTED_EDGE('',*,*,#767,.F.);
#767 = EDGE_CURVE('',#768,#760,#770,.T.);
#768 = VERTEX_POINT('',#769);
#769 = CARTESIAN_POINT('',(1.5,35.8,18.631370849898));
#770 = CIRCLE('',#771,0.8);
#771 = AXIS2_PLACEMENT_3D('',#772,#773,#774);
#772 = CARTESIAN_POINT('',(1.5,36.365685424949,18.065685424949));
#773 = DIRECTION('',(1.,6.7E-16,5.6E-16));
#774 = DIRECTION('',(-6.7E-16,1.,-7.8E-16));
#775 = ORIENTED_EDGE('',*,*,#776,.F.);
#776 = EDGE_CURVE('',#777,#768,#779,.T.);
#777 = VERTEX_POINT('',#778);
#778 = CARTESIAN_POINT('',(1.5,35.8,35.));
#779 = LINE('',#780,#781);
#780 = CARTESIAN_POINT('',(1.5,35.8,26.25));
#781 = VECTOR('',#782,1.);
#782 = DIRECTION('',(8.9E-16,2.2E-16,-1.));
#783 = ORIENTED_EDGE('',*,*,#784,.T.);
#784 = EDGE_CURVE('',#777,#785,#787,.T.);
#785 = VERTEX_POINT('',#786);
#786 = CARTESIAN_POINT('',(1.5,14.2,35.));
#787 = LINE('',#788,#789);
#788 = CARTESIAN_POINT('',(1.5,69.,35.));
#789 = VECTOR('',#790,1.);
#790 = DIRECTION('',(5.6E-16,-1.,5.6E-16));
#791 = ORIENTED_EDGE('',*,*,#792,.F.);
#792 = EDGE_CURVE('',#793,#785,#795,.T.);
#793 = VERTEX_POINT('',#794);
#794 = CARTESIAN_POINT('',(1.5,14.2,18.631370849898));
#795 = LINE('',#796,#797);
#796 = CARTESIAN_POINT('',(1.5,14.2,18.065685424949));
#797 = VECTOR('',#798,1.);
#798 = DIRECTION('',(-8.9E-16,-3.3E-16,1.));
#799 = ORIENTED_EDGE('',*,*,#800,.F.);
#800 = EDGE_CURVE('',#801,#793,#803,.T.);
#801 = VERTEX_POINT('',#802);
#802 = CARTESIAN_POINT('',(1.5,13.068629150102,17.5));
#803 = CIRCLE('',#804,0.8);
#804 = AXIS2_PLACEMENT_3D('',#805,#806,#807);
#805 = CARTESIAN_POINT('',(1.5,13.634314575051,18.065685424949));
#806 = DIRECTION('',(1.,6.7E-16,5.6E-16));
#807 = DIRECTION('',(-6.7E-16,1.,-7.8E-16));
#808 = ORIENTED_EDGE('',*,*,#809,.F.);
#809 = EDGE_CURVE('',#810,#801,#812,.T.);
#810 = VERTEX_POINT('',#811);
#811 = CARTESIAN_POINT('',(1.5,11.931370849898,17.5));
#812 = LINE('',#813,#814);
#813 = CARTESIAN_POINT('',(1.5,18.465685424949,17.5));
#814 = VECTOR('',#815,1.);
#815 = DIRECTION('',(1.1E-16,1.,-5.6E-16));
#816 = ORIENTED_EDGE('',*,*,#817,.F.);
#817 = EDGE_CURVE('',#818,#810,#820,.T.);
#818 = VERTEX_POINT('',#819);
#819 = CARTESIAN_POINT('',(1.5,10.8,18.631370849898));
#820 = CIRCLE('',#821,0.8);
#821 = AXIS2_PLACEMENT_3D('',#822,#823,#824);
#822 = CARTESIAN_POINT('',(1.5,11.365685424949,18.065685424949));
#823 = DIRECTION('',(1.,6.7E-16,5.6E-16));
#824 = DIRECTION('',(-6.7E-16,1.,-7.8E-16));
#825 = ORIENTED_EDGE('',*,*,#826,.F.);
#826 = EDGE_CURVE('',#827,#818,#829,.T.);
#827 = VERTEX_POINT('',#828);
#828 = CARTESIAN_POINT('',(1.5,10.8,35.));
#829 = LINE('',#830,#831);
#830 = CARTESIAN_POINT('',(1.5,10.8,26.25));
#831 = VECTOR('',#832,1.);
#832 = DIRECTION('',(8.9E-16,2.2E-16,-1.));
#833 = ORIENTED_EDGE('',*,*,#834,.T.);
#834 = EDGE_CURVE('',#827,#835,#837,.T.);
#835 = VERTEX_POINT('',#836);
#836 = CARTESIAN_POINT('',(1.5,-10.8,35.));
#837 = LINE('',#838,#839);
#838 = CARTESIAN_POINT('',(1.5,69.,35.));
#839 = VECTOR('',#840,1.);
#840 = DIRECTION('',(5.6E-16,-1.,5.6E-16));
#841 = ORIENTED_EDGE('',*,*,#842,.F.);
#842 = EDGE_CURVE('',#843,#835,#845,.T.);
#843 = VERTEX_POINT('',#844);
#844 = CARTESIAN_POINT('',(1.5,-10.8,18.631370849898));
#845 = LINE('',#846,#847);
#846 = CARTESIAN_POINT('',(1.5,-10.8,18.065685424949));
#847 = VECTOR('',#848,1.);
#848 = DIRECTION('',(-8.9E-16,-3.3E-16,1.));
#849 = ORIENTED_EDGE('',*,*,#850,.F.);
#850 = EDGE_CURVE('',#851,#843,#853,.T.);
#851 = VERTEX_POINT('',#852);
#852 = CARTESIAN_POINT('',(1.5,-11.93137084989,17.5));
#853 = CIRCLE('',#854,0.8);
#854 = AXIS2_PLACEMENT_3D('',#855,#856,#857);
#855 = CARTESIAN_POINT('',(1.5,-11.36568542494,18.065685424949));
#856 = DIRECTION('',(1.,5.6E-16,8.9E-16));
#857 = DIRECTION('',(-5.6E-16,1.,-7.8E-16));
#858 = ORIENTED_EDGE('',*,*,#859,.F.);
#859 = EDGE_CURVE('',#860,#851,#862,.T.);
#860 = VERTEX_POINT('',#861);
#861 = CARTESIAN_POINT('',(1.5,-13.0686291501,17.5));
#862 = LINE('',#863,#864);
#863 = CARTESIAN_POINT('',(1.5,5.965685424949,17.5));
#864 = VECTOR('',#865,1.);
#865 = DIRECTION('',(1.1E-16,1.,-7.8E-16));
#866 = ORIENTED_EDGE('',*,*,#867,.F.);
#867 = EDGE_CURVE('',#868,#860,#870,.T.);
#868 = VERTEX_POINT('',#869);
#869 = CARTESIAN_POINT('',(1.5,-14.2,18.631370849899));
#870 = CIRCLE('',#871,0.8);
#871 = AXIS2_PLACEMENT_3D('',#872,#873,#874);
#872 = CARTESIAN_POINT('',(1.5,-13.63431457505,18.065685424949));
#873 = DIRECTION('',(1.,5.6E-16,8.9E-16));
#874 = DIRECTION('',(-5.6E-16,1.,-7.8E-16));
#875 = ORIENTED_EDGE('',*,*,#876,.F.);
#876 = EDGE_CURVE('',#877,#868,#879,.T.);
#877 = VERTEX_POINT('',#878);
#878 = CARTESIAN_POINT('',(1.5,-14.2,35.));
#879 = LINE('',#880,#881);
#880 = CARTESIAN_POINT('',(1.5,-14.2,26.25));
#881 = VECTOR('',#882,1.);
#882 = DIRECTION('',(8.9E-16,2.2E-16,-1.));
#883 = ORIENTED_EDGE('',*,*,#884,.T.);
#884 = EDGE_CURVE('',#877,#885,#887,.T.);
#885 = VERTEX_POINT('',#886);
#886 = CARTESIAN_POINT('',(1.5,-19.,35.));
#887 = LINE('',#888,#889);
#888 = CARTESIAN_POINT('',(1.5,69.,35.));
#889 = VECTOR('',#890,1.);
#890 = DIRECTION('',(5.6E-16,-1.,5.6E-16));
#891 = ORIENTED_EDGE('',*,*,#892,.T.);
#892 = EDGE_CURVE('',#885,#893,#895,.T.);
#893 = VERTEX_POINT('',#894);
#894 = CARTESIAN_POINT('',(1.5,-19.,1.5E-14));
#895 = LINE('',#896,#897);
#896 = CARTESIAN_POINT('',(1.5,-19.,35.));
#897 = VECTOR('',#898,1.);
#898 = DIRECTION('',(6.7E-16,3.3E-16,-1.));
#899 = ORIENTED_EDGE('',*,*,#900,.T.);
#900 = EDGE_CURVE('',#893,#901,#903,.T.);
#901 = VERTEX_POINT('',#902);
#902 = CARTESIAN_POINT('',(1.5,-5.5,8.E-15));
#903 = LINE('',#904,#905);
#904 = CARTESIAN_POINT('',(1.5,-19.,9.103828801926E-15));
#905 = VECTOR('',#906,1.);
#906 = DIRECTION('',(-5.6E-16,1.,-5.6E-16));
#907 = ORIENTED_EDGE('',*,*,#908,.F.);
#908 = EDGE_CURVE('',#909,#901,#911,.T.);
#909 = VERTEX_POINT('',#910);
#910 = CARTESIAN_POINT('',(1.5,-5.5,2.868629150102));
#911 = LINE('',#912,#913);
#912 = CARTESIAN_POINT('',(1.5,-5.5,10.184314575051));
#913 = VECTOR('',#914,1.);
#914 = DIRECTION('',(7.8E-16,3.3E-16,-1.));
#915 = ORIENTED_EDGE('',*,*,#916,.F.);
#916 = EDGE_CURVE('',#917,#909,#919,.T.);
#917 = VERTEX_POINT('',#918);
#918 = CARTESIAN_POINT('',(1.5,-4.368629150102,4.));
#919 = CIRCLE('',#920,0.8);
#920 = AXIS2_PLACEMENT_3D('',#921,#922,#923);
#921 = CARTESIAN_POINT('',(1.5,-4.934314575051,3.434314575051));
#922 = DIRECTION('',(1.,5.6E-16,8.9E-16));
#923 = DIRECTION('',(-5.6E-16,1.,-7.8E-16));
#924 = ORIENTED_EDGE('',*,*,#925,.T.);
#925 = EDGE_CURVE('',#917,#926,#928,.T.);
#926 = VERTEX_POINT('',#927);
#927 = CARTESIAN_POINT('',(1.5,5.368629150102,4.));
#928 = LINE('',#929,#930);
#929 = CARTESIAN_POINT('',(1.5,10.315685424949,4.));
#930 = VECTOR('',#931,1.);
#931 = DIRECTION('',(-1.2E-16,1.,-7.8E-16));
#932 = ORIENTED_EDGE('',*,*,#933,.F.);
#933 = EDGE_CURVE('',#934,#926,#936,.T.);
#934 = VERTEX_POINT('',#935);
#935 = CARTESIAN_POINT('',(1.5,6.5,2.868629150102));
#936 = CIRCLE('',#937,0.8);
#937 = AXIS2_PLACEMENT_3D('',#938,#939,#940);
#938 = CARTESIAN_POINT('',(1.5,5.934314575051,3.434314575051));
#939 = DIRECTION('',(1.,5.6E-16,8.9E-16));
#940 = DIRECTION('',(-5.6E-16,1.,-7.8E-16));
#941 = ORIENTED_EDGE('',*,*,#942,.T.);
#942 = EDGE_CURVE('',#934,#943,#945,.T.);
#943 = VERTEX_POINT('',#944);
#944 = CARTESIAN_POINT('',(1.5,6.5,-8.E-15));
#945 = LINE('',#946,#947);
#946 = CARTESIAN_POINT('',(1.5,6.5,10.184314575051));
#947 = VECTOR('',#948,1.);
#948 = DIRECTION('',(7.8E-16,3.3E-16,-1.));
#949 = ORIENTED_EDGE('',*,*,#950,.T.);
#950 = EDGE_CURVE('',#943,#951,#953,.T.);
#951 = VERTEX_POINT('',#952);
#952 = CARTESIAN_POINT('',(1.5,8.368629150102,-6.E-15));
#953 = LINE('',#954,#955);
#954 = CARTESIAN_POINT('',(1.5,-19.,9.103828801926E-15));
#955 = VECTOR('',#956,1.);
#956 = DIRECTION('',(-5.6E-16,1.,-5.6E-16));
#957 = ORIENTED_EDGE('',*,*,#958,.F.);
#958 = EDGE_CURVE('',#959,#951,#961,.T.);
#959 = VERTEX_POINT('',#960);
#960 = CARTESIAN_POINT('',(1.5,9.5,-7.E-15));
#961 = CIRCLE('',#962,0.8);
#962 = AXIS2_PLACEMENT_3D('',#963,#964,#965);
#963 = CARTESIAN_POINT('',(1.5,8.934314575051,-0.565685424949));
#964 = DIRECTION('',(1.,-7.948611779637E-48,3.3E-16));
#965 = DIRECTION('',(1.089E-31,1.,-3.3E-16));
#966 = ORIENTED_EDGE('',*,*,#967,.F.);
#967 = EDGE_CURVE('',#968,#959,#970,.T.);
#968 = VERTEX_POINT('',#969);
#969 = CARTESIAN_POINT('',(1.5,9.734314575051,-0.565685424949));
#970 = CIRCLE('',#971,0.8);
#971 = AXIS2_PLACEMENT_3D('',#972,#973,#974);
#972 = CARTESIAN_POINT('',(1.5,8.934314575051,-0.565685424949));
#973 = DIRECTION('',(1.,-7.948611779637E-48,3.3E-16));
#974 = DIRECTION('',(1.089E-31,1.,-3.3E-16));
#975 = ORIENTED_EDGE('',*,*,#976,.F.);
#976 = EDGE_CURVE('',#977,#968,#979,.T.);
#977 = VERTEX_POINT('',#978);
#978 = CARTESIAN_POINT('',(1.5,9.5,-1.131370849898));
#979 = CIRCLE('',#980,0.8);
#980 = AXIS2_PLACEMENT_3D('',#981,#982,#983);
#981 = CARTESIAN_POINT('',(1.5,8.934314575051,-0.565685424949));
#982 = DIRECTION('',(1.,-7.948611779637E-48,3.3E-16));
#983 = DIRECTION('',(1.089E-31,1.,-3.3E-16));
#984 = ORIENTED_EDGE('',*,*,#985,.T.);
#985 = EDGE_CURVE('',#977,#986,#988,.T.);
#986 = VERTEX_POINT('',#987);
#987 = CARTESIAN_POINT('',(1.5,9.5,-5.));
#988 = LINE('',#989,#990);
#989 = CARTESIAN_POINT('',(1.5,9.5,-6.439293542826E-15));
#990 = VECTOR('',#991,1.);
#991 = DIRECTION('',(6.7E-16,3.3E-16,-1.));
#992 = ORIENTED_EDGE('',*,*,#993,.T.);
#993 = EDGE_CURVE('',#986,#994,#996,.T.);
#994 = VERTEX_POINT('',#995);
#995 = CARTESIAN_POINT('',(1.5,15.5,-5.));
#996 = LINE('',#997,#998);
#997 = CARTESIAN_POINT('',(1.5,9.5,-5.));
#998 = VECTOR('',#999,1.);
#999 = DIRECTION('',(-5.6E-16,1.,-5.6E-16));
#1000 = ORIENTED_EDGE('',*,*,#1001,.T.);
#1001 = EDGE_CURVE('',#994,#1002,#1004,.T.);
#1002 = VERTEX_POINT('',#1003);
#1003 = CARTESIAN_POINT('',(1.5,15.5,-1.131370849899));
#1004 = LINE('',#1005,#1006);
#1005 = CARTESIAN_POINT('',(1.5,15.5,-5.));
#1006 = VECTOR('',#1007,1.);
#1007 = DIRECTION('',(-6.7E-16,-3.3E-16,1.));
#1008 = ORIENTED_EDGE('',*,*,#1009,.F.);
#1009 = EDGE_CURVE('',#1010,#1002,#1012,.T.);
#1010 = VERTEX_POINT('',#1011);
#1011 = CARTESIAN_POINT('',(1.5,15.5,-1.2E-14));
#1012 = CIRCLE('',#1013,0.8);
#1013 = AXIS2_PLACEMENT_3D('',#1014,#1015,#1016);
#1014 = CARTESIAN_POINT('',(1.5,16.065685424949,-0.565685424949));
#1015 = DIRECTION('',(1.,-7.948611779637E-48,3.3E-16));
#1016 = DIRECTION('',(1.089E-31,1.,-3.3E-16));
#1017 = ORIENTED_EDGE('',*,*,#1018,.F.);
#1018 = EDGE_CURVE('',#1019,#1010,#1021,.T.);
#1019 = VERTEX_POINT('',#1020);
#1020 = CARTESIAN_POINT('',(1.5,16.631370849898,-1.3E-14));
#1021 = CIRCLE('',#1022,0.8);
#1022 = AXIS2_PLACEMENT_3D('',#1023,#1024,#1025);
#1023 = CARTESIAN_POINT('',(1.5,16.065685424949,-0.565685424949));
#1024 = DIRECTION('',(1.,-7.948611779637E-48,3.3E-16));
#1025 = DIRECTION('',(1.089E-31,1.,-3.3E-16));
#1026 = ORIENTED_EDGE('',*,*,#1027,.T.);
#1027 = EDGE_CURVE('',#1019,#1028,#1030,.T.);
#1028 = VERTEX_POINT('',#1029);
#1029 = CARTESIAN_POINT('',(1.5,19.5,-2.6E-14));
#1030 = LINE('',#1031,#1032);
#1031 = CARTESIAN_POINT('',(1.5,-19.,9.103828801926E-15));
#1032 = VECTOR('',#1033,1.);
#1033 = DIRECTION('',(-5.6E-16,1.,-5.6E-16));
#1034 = ORIENTED_EDGE('',*,*,#1035,.F.);
#1035 = EDGE_CURVE('',#1036,#1028,#1038,.T.);
#1036 = VERTEX_POINT('',#1037);
#1037 = CARTESIAN_POINT('',(1.5,19.5,2.868629150102));
#1038 = LINE('',#1039,#1040);
#1039 = CARTESIAN_POINT('',(1.5,19.5,10.184314575051));
#1040 = VECTOR('',#1041,1.);
#1041 = DIRECTION('',(7.8E-16,3.3E-16,-1.));
#1042 = ORIENTED_EDGE('',*,*,#1043,.F.);
#1043 = EDGE_CURVE('',#1044,#1036,#1046,.T.);
#1044 = VERTEX_POINT('',#1045);
#1045 = CARTESIAN_POINT('',(1.5,20.631370849898,4.));
#1046 = CIRCLE('',#1047,0.8);
#1047 = AXIS2_PLACEMENT_3D('',#1048,#1049,#1050);
#1048 = CARTESIAN_POINT('',(1.5,20.065685424949,3.434314575051));
#1049 = DIRECTION('',(1.,6.7E-16,5.6E-16));
#1050 = DIRECTION('',(-6.7E-16,1.,-7.8E-16));
#1051 = ORIENTED_EDGE('',*,*,#1052,.T.);
#1052 = EDGE_CURVE('',#1044,#1053,#1055,.T.);
#1053 = VERTEX_POINT('',#1054);
#1054 = CARTESIAN_POINT('',(1.5,30.368629150102,4.));
#1055 = LINE('',#1056,#1057);
#1056 = CARTESIAN_POINT('',(1.5,22.815685424949,4.));
#1057 = VECTOR('',#1058,1.);
#1058 = DIRECTION('',(-1.2E-16,1.,-5.6E-16));
#1059 = ORIENTED_EDGE('',*,*,#1060,.F.);
#1060 = EDGE_CURVE('',#1061,#1053,#1063,.T.);
#1061 = VERTEX_POINT('',#1062);
#1062 = CARTESIAN_POINT('',(1.5,31.5,2.868629150101));
#1063 = CIRCLE('',#1064,0.8);
#1064 = AXIS2_PLACEMENT_3D('',#1065,#1066,#1067);
#1065 = CARTESIAN_POINT('',(1.5,30.934314575051,3.434314575051));
#1066 = DIRECTION('',(1.,6.7E-16,5.6E-16));
#1067 = DIRECTION('',(-6.7E-16,1.,-7.8E-16));
#1068 = ORIENTED_EDGE('',*,*,#1069,.T.);
#1069 = EDGE_CURVE('',#1061,#85,#1070,.T.);
#1070 = LINE('',#1071,#1072);
#1071 = CARTESIAN_POINT('',(1.5,31.5,10.184314575051));
#1072 = VECTOR('',#1073,1.);
#1073 = DIRECTION('',(7.8E-16,3.3E-16,-1.));
#1074 = ORIENTED_EDGE('',*,*,#92,.T.);
#1075 = ORIENTED_EDGE('',*,*,#1076,.F.);
#1076 = EDGE_CURVE('',#1077,#93,#1079,.T.);
#1077 = VERTEX_POINT('',#1078);
#1078 = CARTESIAN_POINT('',(1.5,34.5,-2.7E-14));
#1079 = CIRCLE('',#1080,0.8);
#1080 = AXIS2_PLACEMENT_3D('',#1081,#1082,#1083);
#1081 = CARTESIAN_POINT('',(1.5,33.934314575051,-0.565685424949));
#1082 = DIRECTION('',(1.,1.1E-16,1.29368257903E-48));
#1083 = DIRECTION('',(-1.1E-16,1.,-3.3E-16));
#1084 = ORIENTED_EDGE('',*,*,#1085,.F.);
#1085 = EDGE_CURVE('',#1086,#1077,#1088,.T.);
#1086 = VERTEX_POINT('',#1087);
#1087 = CARTESIAN_POINT('',(1.5,34.734314575051,-0.565685424949));
#1088 = CIRCLE('',#1089,0.8);
#1089 = AXIS2_PLACEMENT_3D('',#1090,#1091,#1092);
#1090 = CARTESIAN_POINT('',(1.5,33.934314575051,-0.565685424949));
#1091 = DIRECTION('',(1.,1.1E-16,1.29368257903E-48));
#1092 = DIRECTION('',(-1.1E-16,1.,-3.3E-16));
#1093 = ORIENTED_EDGE('',*,*,#1094,.F.);
#1094 = EDGE_CURVE('',#1095,#1086,#1097,.T.);
#1095 = VERTEX_POINT('',#1096);
#1096 = CARTESIAN_POINT('',(1.5,34.5,-1.131370849899));
#1097 = CIRCLE('',#1098,0.8);
#1098 = AXIS2_PLACEMENT_3D('',#1099,#1100,#1101);
#1099 = CARTESIAN_POINT('',(1.5,33.934314575051,-0.565685424949));
#1100 = DIRECTION('',(1.,1.1E-16,1.29368257903E-48));
#1101 = DIRECTION('',(-1.1E-16,1.,-3.3E-16));
#1102 = ORIENTED_EDGE('',*,*,#1103,.T.);
#1103 = EDGE_CURVE('',#1095,#1104,#1106,.T.);
#1104 = VERTEX_POINT('',#1105);
#1105 = CARTESIAN_POINT('',(1.5,34.5,-5.));
#1106 = LINE('',#1107,#1108);
#1107 = CARTESIAN_POINT('',(1.5,34.5,-2.464695114668E-14));
#1108 = VECTOR('',#1109,1.);
#1109 = DIRECTION('',(8.9E-16,4.4E-16,-1.));
#1110 = ORIENTED_EDGE('',*,*,#1111,.T.);
#1111 = EDGE_CURVE('',#1104,#1112,#1114,.T.);
#1112 = VERTEX_POINT('',#1113);
#1113 = CARTESIAN_POINT('',(1.5,40.5,-5.));
#1114 = LINE('',#1115,#1116);
#1115 = CARTESIAN_POINT('',(1.5,34.5,-5.));
#1116 = VECTOR('',#1117,1.);
#1117 = DIRECTION('',(-8.9E-16,1.,-8.9E-16));
#1118 = ORIENTED_EDGE('',*,*,#1119,.T.);
#1119 = EDGE_CURVE('',#1112,#1120,#1122,.T.);
#1120 = VERTEX_POINT('',#1121);
#1121 = CARTESIAN_POINT('',(1.5,40.5,-1.131370849899));
#1122 = LINE('',#1123,#1124);
#1123 = CARTESIAN_POINT('',(1.5,40.5,-5.));
#1124 = VECTOR('',#1125,1.);
#1125 = DIRECTION('',(-8.9E-16,-4.4E-16,1.));
#1126 = ORIENTED_EDGE('',*,*,#1127,.F.);
#1127 = EDGE_CURVE('',#1128,#1120,#1130,.T.);
#1128 = VERTEX_POINT('',#1129);
#1129 = CARTESIAN_POINT('',(1.5,40.5,-3.2E-14));
#1130 = CIRCLE('',#1131,0.8);
#1131 = AXIS2_PLACEMENT_3D('',#1132,#1133,#1134);
#1132 = CARTESIAN_POINT('',(1.5,41.065685424949,-0.565685424949));
#1133 = DIRECTION('',(1.,1.1E-16,1.29368257903E-48));
#1134 = DIRECTION('',(-1.1E-16,1.,-3.3E-16));
#1135 = ORIENTED_EDGE('',*,*,#1136,.F.);
#1136 = EDGE_CURVE('',#1137,#1128,#1139,.T.);
#1137 = VERTEX_POINT('',#1138);
#1138 = CARTESIAN_POINT('',(1.5,41.631370849898,-3.2E-14));
#1139 = CIRCLE('',#1140,0.8);
#1140 = AXIS2_PLACEMENT_3D('',#1141,#1142,#1143);
#1141 = CARTESIAN_POINT('',(1.5,41.065685424949,-0.565685424949));
#1142 = DIRECTION('',(1.,1.1E-16,1.29368257903E-48));
#1143 = DIRECTION('',(-1.1E-16,1.,-3.3E-16));
#1144 = ORIENTED_EDGE('',*,*,#1145,.T.);
#1145 = EDGE_CURVE('',#1137,#1146,#1148,.T.);
#1146 = VERTEX_POINT('',#1147);
#1147 = CARTESIAN_POINT('',(1.5,44.5,-5.9E-14));
#1148 = LINE('',#1149,#1150);
#1149 = CARTESIAN_POINT('',(1.5,-19.,9.103828801926E-15));
#1150 = VECTOR('',#1151,1.);
#1151 = DIRECTION('',(-5.6E-16,1.,-5.6E-16));
#1152 = ORIENTED_EDGE('',*,*,#1153,.F.);
#1153 = EDGE_CURVE('',#1154,#1146,#1156,.T.);
#1154 = VERTEX_POINT('',#1155);
#1155 = CARTESIAN_POINT('',(1.5,44.5,2.868629150101));
#1156 = LINE('',#1157,#1158);
#1157 = CARTESIAN_POINT('',(1.5,44.5,10.184314575051));
#1158 = VECTOR('',#1159,1.);
#1159 = DIRECTION('',(7.8E-16,3.3E-16,-1.));
#1160 = ORIENTED_EDGE('',*,*,#1161,.F.);
#1161 = EDGE_CURVE('',#1162,#1154,#1164,.T.);
#1162 = VERTEX_POINT('',#1163);
#1163 = CARTESIAN_POINT('',(1.5,45.631370849898,4.));
#1164 = CIRCLE('',#1165,0.8);
#1165 = AXIS2_PLACEMENT_3D('',#1166,#1167,#1168);
#1166 = CARTESIAN_POINT('',(1.5,45.065685424949,3.434314575051));
#1167 = DIRECTION('',(1.,6.7E-16,5.6E-16));
#1168 = DIRECTION('',(-6.7E-16,1.,-7.8E-16));
#1169 = ORIENTED_EDGE('',*,*,#1170,.T.);
#1170 = EDGE_CURVE('',#1162,#652,#1171,.T.);
#1171 = LINE('',#1172,#1173);
#1172 = CARTESIAN_POINT('',(1.5,35.315685424949,4.));
#1173 = VECTOR('',#1174,1.);
#1174 = DIRECTION('',(-1.2E-16,1.,-5.6E-16));
#1175 = PLANE('',#1176);
#1176 = AXIS2_PLACEMENT_3D('',#1177,#1178,#1179);
#1177 = CARTESIAN_POINT('',(1.5,25.028736174424,18.166208134748));
#1178 = DIRECTION('',(1.,-3.6E-16,3.7E-16));
#1179 = DIRECTION('',(-3.7E-16,-1.1E-16,1.));
#1180 = ADVANCED_FACE('',(#1181),#1192,.T.);
#1181 = FACE_BOUND('',#1182,.T.);
#1182 = EDGE_LOOP('',(#1183,#1184,#1190,#1191));
#1183 = ORIENTED_EDGE('',*,*,#1069,.F.);
#1184 = ORIENTED_EDGE('',*,*,#1185,.T.);
#1185 = EDGE_CURVE('',#1061,#243,#1186,.T.);
#1186 = LINE('',#1187,#1188);
#1187 = CARTESIAN_POINT('',(97.360707177596,31.5,2.868629150101));
#1188 = VECTOR('',#1189,1.);
#1189 = DIRECTION('',(-1.,5.5E-16,2.2E-16));
#1190 = ORIENTED_EDGE('',*,*,#242,.T.);
#1191 = ORIENTED_EDGE('',*,*,#84,.T.);
#1192 = PLANE('',#1193);
#1193 = AXIS2_PLACEMENT_3D('',#1194,#1195,#1196);
#1194 = CARTESIAN_POINT('',(97.360707177596,31.5,2.868629150101));
#1195 = DIRECTION('',(3.4E-16,-1.,5.6E-16));
#1196 = DIRECTION('',(8.9E-16,-5.6E-16,-1.));
#1197 = ADVANCED_FACE('',(#1198),#1214,.F.);
#1198 = FACE_BOUND('',#1199,.F.);
#1199 = EDGE_LOOP('',(#1200,#1201,#1207,#1208));
#1200 = ORIENTED_EDGE('',*,*,#114,.F.);
#1201 = ORIENTED_EDGE('',*,*,#1202,.T.);
#1202 = EDGE_CURVE('',#115,#661,#1203,.T.);
#1203 = LINE('',#1204,#1205);
#1204 = CARTESIAN_POINT('',(47.930353588798,56.5,-4.029E-14));
#1205 = VECTOR('',#1206,1.);
#1206 = DIRECTION('',(1.,-2.2E-16,1.1E-16));
#1207 = ORIENTED_EDGE('',*,*,#668,.T.);
#1208 = ORIENTED_EDGE('',*,*,#1209,.F.);
#1209 = EDGE_CURVE('',#117,#669,#1210,.T.);
#1210 = LINE('',#1211,#1212);
#1211 = CARTESIAN_POINT('',(-1.5,69.,-5.329E-14));
#1212 = VECTOR('',#1213,1.);
#1213 = DIRECTION('',(1.,-5.5E-16,-2.2E-16));
#1214 = PLANE('',#1215);
#1215 = AXIS2_PLACEMENT_3D('',#1216,#1217,#1218);
#1216 = CARTESIAN_POINT('',(-1.5,-19.,1.51E-14));
#1217 = DIRECTION('',(-6.7E-16,-1.1E-16,1.));
#1218 = DIRECTION('',(-5.6E-16,1.,1.1E-16));
#1219 = ADVANCED_FACE('',(#1220),#1231,.F.);
#1220 = FACE_BOUND('',#1221,.F.);
#1221 = EDGE_LOOP('',(#1222,#1223,#1224,#1230));
#1222 = ORIENTED_EDGE('',*,*,#1209,.T.);
#1223 = ORIENTED_EDGE('',*,*,#676,.T.);
#1224 = ORIENTED_EDGE('',*,*,#1225,.F.);
#1225 = EDGE_CURVE('',#628,#677,#1226,.T.);
#1226 = LINE('',#1227,#1228);
#1227 = CARTESIAN_POINT('',(-1.5,69.,35.));
#1228 = VECTOR('',#1229,1.);
#1229 = DIRECTION('',(1.,-5.5E-16,-2.2E-16));
#1230 = ORIENTED_EDGE('',*,*,#635,.F.);
#1231 = PLANE('',#1232);
#1232 = AXIS2_PLACEMENT_3D('',#1233,#1234,#1235);
#1233 = CARTESIAN_POINT('',(-1.5,69.,-5.329E-14));
#1234 = DIRECTION('',(3.4E-16,-1.,5.6E-16));
#1235 = DIRECTION('',(-8.9E-16,5.6E-16,1.));
#1236 = ADVANCED_FACE('',(#1237),#1248,.F.);
#1237 = FACE_BOUND('',#1238,.F.);
#1238 = EDGE_LOOP('',(#1239,#1240,#1241,#1242));
#1239 = ORIENTED_EDGE('',*,*,#627,.F.);
#1240 = ORIENTED_EDGE('',*,*,#1225,.T.);
#1241 = ORIENTED_EDGE('',*,*,#684,.T.);
#1242 = ORIENTED_EDGE('',*,*,#1243,.T.);
#1243 = EDGE_CURVE('',#685,#620,#1244,.T.);
#1244 = LINE('',#1245,#1246);
#1245 = CARTESIAN_POINT('',(95.699831765787,64.2,35.));
#1246 = VECTOR('',#1247,1.);
#1247 = DIRECTION('',(-1.,5.5E-16,2.2E-16));
#1248 = PLANE('',#1249);
#1249 = AXIS2_PLACEMENT_3D('',#1250,#1251,#1252);
#1250 = CARTESIAN_POINT('',(-1.5,69.,35.));
#1251 = DIRECTION('',(6.7E-16,1.1E-16,-1.));
#1252 = DIRECTION('',(5.6E-16,-1.,-1.1E-16));
#1253 = ADVANCED_FACE('',(#1254),#1265,.F.);
#1254 = FACE_BOUND('',#1255,.F.);
#1255 = EDGE_LOOP('',(#1256,#1257,#1263,#1264));
#1256 = ORIENTED_EDGE('',*,*,#692,.F.);
#1257 = ORIENTED_EDGE('',*,*,#1258,.T.);
#1258 = EDGE_CURVE('',#693,#611,#1259,.T.);
#1259 = LINE('',#1260,#1261);
#1260 = CARTESIAN_POINT('',(95.699831765787,64.2,18.631370849898));
#1261 = VECTOR('',#1262,1.);
#1262 = DIRECTION('',(-1.,5.5E-16,2.2E-16));
#1263 = ORIENTED_EDGE('',*,*,#619,.T.);
#1264 = ORIENTED_EDGE('',*,*,#1243,.F.);
#1265 = PLANE('',#1266);
#1266 = AXIS2_PLACEMENT_3D('',#1267,#1268,#1269);
#1267 = CARTESIAN_POINT('',(95.699831765787,64.2,18.631370849898));
#1268 = DIRECTION('',(-3.4E-16,1.,-5.6E-16));
#1269 = DIRECTION('',(-8.9E-16,5.6E-16,1.));
#1270 = ADVANCED_FACE('',(#1271),#1282,.F.);
#1271 = FACE_BOUND('',#1272,.F.);
#1272 = EDGE_LOOP('',(#1273,#1274,#1280,#1281));
#1273 = ORIENTED_EDGE('',*,*,#700,.F.);
#1274 = ORIENTED_EDGE('',*,*,#1275,.T.);
#1275 = EDGE_CURVE('',#701,#603,#1276,.T.);
#1276 = LINE('',#1277,#1278);
#1277 = CARTESIAN_POINT('',(95.699831765787,63.068629150102,17.5));
#1278 = VECTOR('',#1279,1.);
#1279 = DIRECTION('',(-1.,5.5E-16,2.2E-16));
#1280 = ORIENTED_EDGE('',*,*,#610,.T.);
#1281 = ORIENTED_EDGE('',*,*,#1258,.F.);
#1282 = CYLINDRICAL_SURFACE('',#1283,0.8);
#1283 = AXIS2_PLACEMENT_3D('',#1284,#1285,#1286);
#1284 = CARTESIAN_POINT('',(95.699831765787,63.634314575051,
    18.065685424949));
#1285 = DIRECTION('',(1.,-3.3E-16,0.));
#1286 = DIRECTION('',(3.3E-16,1.,-7.8E-16));
#1287 = ADVANCED_FACE('',(#1288),#1299,.F.);
#1288 = FACE_BOUND('',#1289,.F.);
#1289 = EDGE_LOOP('',(#1290,#1291,#1297,#1298));
#1290 = ORIENTED_EDGE('',*,*,#709,.F.);
#1291 = ORIENTED_EDGE('',*,*,#1292,.T.);
#1292 = EDGE_CURVE('',#710,#594,#1293,.T.);
#1293 = LINE('',#1294,#1295);
#1294 = CARTESIAN_POINT('',(95.699831765787,61.931370849898,17.5));
#1295 = VECTOR('',#1296,1.);
#1296 = DIRECTION('',(-1.,5.5E-16,2.2E-16));
#1297 = ORIENTED_EDGE('',*,*,#602,.T.);
#1298 = ORIENTED_EDGE('',*,*,#1275,.F.);
#1299 = PLANE('',#1300);
#1300 = AXIS2_PLACEMENT_3D('',#1301,#1302,#1303);
#1301 = CARTESIAN_POINT('',(95.699831765787,61.931370849898,17.5));
#1302 = DIRECTION('',(6.7E-16,1.1E-16,-1.));
#1303 = DIRECTION('',(-5.6E-16,1.,1.1E-16));
#1304 = ADVANCED_FACE('',(#1305),#1316,.F.);
#1305 = FACE_BOUND('',#1306,.F.);
#1306 = EDGE_LOOP('',(#1307,#1308,#1314,#1315));
#1307 = ORIENTED_EDGE('',*,*,#717,.F.);
#1308 = ORIENTED_EDGE('',*,*,#1309,.T.);
#1309 = EDGE_CURVE('',#718,#586,#1310,.T.);
#1310 = LINE('',#1311,#1312);
#1311 = CARTESIAN_POINT('',(95.699831765787,60.8,18.631370849898));
#1312 = VECTOR('',#1313,1.);
#1313 = DIRECTION('',(-1.,5.5E-16,2.2E-16));
#1314 = ORIENTED_EDGE('',*,*,#593,.T.);
#1315 = ORIENTED_EDGE('',*,*,#1292,.F.);
#1316 = CYLINDRICAL_SURFACE('',#1317,0.8);
#1317 = AXIS2_PLACEMENT_3D('',#1318,#1319,#1320);
#1318 = CARTESIAN_POINT('',(95.699831765787,61.365685424949,
    18.065685424949));
#1319 = DIRECTION('',(1.,-3.3E-16,0.));
#1320 = DIRECTION('',(3.3E-16,1.,-7.8E-16));
#1321 = ADVANCED_FACE('',(#1322),#1333,.F.);
#1322 = FACE_BOUND('',#1323,.F.);
#1323 = EDGE_LOOP('',(#1324,#1325,#1331,#1332));
#1324 = ORIENTED_EDGE('',*,*,#726,.F.);
#1325 = ORIENTED_EDGE('',*,*,#1326,.T.);
#1326 = EDGE_CURVE('',#727,#578,#1327,.T.);
#1327 = LINE('',#1328,#1329);
#1328 = CARTESIAN_POINT('',(95.699831765787,60.8,35.));
#1329 = VECTOR('',#1330,1.);
#1330 = DIRECTION('',(-1.,5.5E-16,2.2E-16));
#1331 = ORIENTED_EDGE('',*,*,#585,.T.);
#1332 = ORIENTED_EDGE('',*,*,#1309,.F.);
#1333 = PLANE('',#1334);
#1334 = AXIS2_PLACEMENT_3D('',#1335,#1336,#1337);
#1335 = CARTESIAN_POINT('',(95.699831765787,60.8,35.));
#1336 = DIRECTION('',(3.4E-16,-1.,6.7E-16));
#1337 = DIRECTION('',(8.9E-16,-6.7E-16,-1.));
#1338 = ADVANCED_FACE('',(#1339),#1350,.F.);
#1339 = FACE_BOUND('',#1340,.F.);
#1340 = EDGE_LOOP('',(#1341,#1342,#1343,#1344));
#1341 = ORIENTED_EDGE('',*,*,#577,.F.);
#1342 = ORIENTED_EDGE('',*,*,#1326,.F.);
#1343 = ORIENTED_EDGE('',*,*,#734,.T.);
#1344 = ORIENTED_EDGE('',*,*,#1345,.T.);
#1345 = EDGE_CURVE('',#735,#570,#1346,.T.);
#1346 = LINE('',#1347,#1348);
#1347 = CARTESIAN_POINT('',(95.699831765787,39.2,35.));
#1348 = VECTOR('',#1349,1.);
#1349 = DIRECTION('',(-1.,5.5E-16,2.2E-16));
#1350 = PLANE('',#1351);
#1351 = AXIS2_PLACEMENT_3D('',#1352,#1353,#1354);
#1352 = CARTESIAN_POINT('',(-1.5,69.,35.));
#1353 = DIRECTION('',(6.7E-16,1.1E-16,-1.));
#1354 = DIRECTION('',(5.6E-16,-1.,-1.1E-16));
#1355 = ADVANCED_FACE('',(#1356),#1367,.F.);
#1356 = FACE_BOUND('',#1357,.F.);
#1357 = EDGE_LOOP('',(#1358,#1359,#1365,#1366));
#1358 = ORIENTED_EDGE('',*,*,#742,.F.);
#1359 = ORIENTED_EDGE('',*,*,#1360,.T.);
#1360 = EDGE_CURVE('',#743,#561,#1361,.T.);
#1361 = LINE('',#1362,#1363);
#1362 = CARTESIAN_POINT('',(95.699831765787,39.2,18.631370849898));
#1363 = VECTOR('',#1364,1.);
#1364 = DIRECTION('',(-1.,5.5E-16,2.2E-16));
#1365 = ORIENTED_EDGE('',*,*,#569,.T.);
#1366 = ORIENTED_EDGE('',*,*,#1345,.F.);
#1367 = PLANE('',#1368);
#1368 = AXIS2_PLACEMENT_3D('',#1369,#1370,#1371);
#1369 = CARTESIAN_POINT('',(95.699831765787,39.2,18.631370849898));
#1370 = DIRECTION('',(-3.4E-16,1.,-5.6E-16));
#1371 = DIRECTION('',(-8.9E-16,5.6E-16,1.));
#1372 = ADVANCED_FACE('',(#1373),#1384,.F.);
#1373 = FACE_BOUND('',#1374,.F.);
#1374 = EDGE_LOOP('',(#1375,#1376,#1382,#1383));
#1375 = ORIENTED_EDGE('',*,*,#750,.F.);
#1376 = ORIENTED_EDGE('',*,*,#1377,.T.);
#1377 = EDGE_CURVE('',#751,#553,#1378,.T.);
#1378 = LINE('',#1379,#1380);
#1379 = CARTESIAN_POINT('',(95.699831765787,38.068629150102,17.5));
#1380 = VECTOR('',#1381,1.);
#1381 = DIRECTION('',(-1.,5.5E-16,2.2E-16));
#1382 = ORIENTED_EDGE('',*,*,#560,.T.);
#1383 = ORIENTED_EDGE('',*,*,#1360,.F.);
#1384 = CYLINDRICAL_SURFACE('',#1385,0.8);
#1385 = AXIS2_PLACEMENT_3D('',#1386,#1387,#1388);
#1386 = CARTESIAN_POINT('',(95.699831765787,38.634314575051,
    18.065685424949));
#1387 = DIRECTION('',(1.,-3.3E-16,0.));
#1388 = DIRECTION('',(3.3E-16,1.,-7.8E-16));
#1389 = ADVANCED_FACE('',(#1390),#1401,.F.);
#1390 = FACE_BOUND('',#1391,.F.);
#1391 = EDGE_LOOP('',(#1392,#1393,#1399,#1400));
#1392 = ORIENTED_EDGE('',*,*,#759,.F.);
#1393 = ORIENTED_EDGE('',*,*,#1394,.T.);
#1394 = EDGE_CURVE('',#760,#544,#1395,.T.);
#1395 = LINE('',#1396,#1397);
#1396 = CARTESIAN_POINT('',(95.699831765787,36.931370849898,17.5));
#1397 = VECTOR('',#1398,1.);
#1398 = DIRECTION('',(-1.,5.5E-16,2.2E-16));
#1399 = ORIENTED_EDGE('',*,*,#552,.T.);
#1400 = ORIENTED_EDGE('',*,*,#1377,.F.);
#1401 = PLANE('',#1402);
#1402 = AXIS2_PLACEMENT_3D('',#1403,#1404,#1405);
#1403 = CARTESIAN_POINT('',(95.699831765787,36.931370849898,17.5));
#1404 = DIRECTION('',(6.7E-16,1.1E-16,-1.));
#1405 = DIRECTION('',(-5.6E-16,1.,1.1E-16));
#1406 = ADVANCED_FACE('',(#1407),#1418,.F.);
#1407 = FACE_BOUND('',#1408,.F.);
#1408 = EDGE_LOOP('',(#1409,#1410,#1416,#1417));
#1409 = ORIENTED_EDGE('',*,*,#767,.F.);
#1410 = ORIENTED_EDGE('',*,*,#1411,.T.);
#1411 = EDGE_CURVE('',#768,#536,#1412,.T.);
#1412 = LINE('',#1413,#1414);
#1413 = CARTESIAN_POINT('',(95.699831765787,35.8,18.631370849898));
#1414 = VECTOR('',#1415,1.);
#1415 = DIRECTION('',(-1.,5.5E-16,2.2E-16));
#1416 = ORIENTED_EDGE('',*,*,#543,.T.);
#1417 = ORIENTED_EDGE('',*,*,#1394,.F.);
#1418 = CYLINDRICAL_SURFACE('',#1419,0.8);
#1419 = AXIS2_PLACEMENT_3D('',#1420,#1421,#1422);
#1420 = CARTESIAN_POINT('',(95.699831765787,36.365685424949,
    18.065685424949));
#1421 = DIRECTION('',(1.,-3.3E-16,0.));
#1422 = DIRECTION('',(3.3E-16,1.,-7.8E-16));
#1423 = ADVANCED_FACE('',(#1424),#1435,.F.);
#1424 = FACE_BOUND('',#1425,.F.);
#1425 = EDGE_LOOP('',(#1426,#1427,#1433,#1434));
#1426 = ORIENTED_EDGE('',*,*,#776,.F.);
#1427 = ORIENTED_EDGE('',*,*,#1428,.T.);
#1428 = EDGE_CURVE('',#777,#528,#1429,.T.);
#1429 = LINE('',#1430,#1431);
#1430 = CARTESIAN_POINT('',(95.699831765787,35.8,35.));
#1431 = VECTOR('',#1432,1.);
#1432 = DIRECTION('',(-1.,5.5E-16,2.2E-16));
#1433 = ORIENTED_EDGE('',*,*,#535,.T.);
#1434 = ORIENTED_EDGE('',*,*,#1411,.F.);
#1435 = PLANE('',#1436);
#1436 = AXIS2_PLACEMENT_3D('',#1437,#1438,#1439);
#1437 = CARTESIAN_POINT('',(95.699831765787,35.8,35.));
#1438 = DIRECTION('',(3.4E-16,-1.,6.7E-16));
#1439 = DIRECTION('',(8.9E-16,-6.7E-16,-1.));
#1440 = ADVANCED_FACE('',(#1441),#1452,.F.);
#1441 = FACE_BOUND('',#1442,.F.);
#1442 = EDGE_LOOP('',(#1443,#1444,#1445,#1446));
#1443 = ORIENTED_EDGE('',*,*,#527,.F.);
#1444 = ORIENTED_EDGE('',*,*,#1428,.F.);
#1445 = ORIENTED_EDGE('',*,*,#784,.T.);
#1446 = ORIENTED_EDGE('',*,*,#1447,.T.);
#1447 = EDGE_CURVE('',#785,#520,#1448,.T.);
#1448 = LINE('',#1449,#1450);
#1449 = CARTESIAN_POINT('',(95.699831765787,14.2,35.));
#1450 = VECTOR('',#1451,1.);
#1451 = DIRECTION('',(-1.,5.5E-16,2.2E-16));
#1452 = PLANE('',#1453);
#1453 = AXIS2_PLACEMENT_3D('',#1454,#1455,#1456);
#1454 = CARTESIAN_POINT('',(-1.5,69.,35.));
#1455 = DIRECTION('',(6.7E-16,1.1E-16,-1.));
#1456 = DIRECTION('',(5.6E-16,-1.,-1.1E-16));
#1457 = ADVANCED_FACE('',(#1458),#1469,.F.);
#1458 = FACE_BOUND('',#1459,.F.);
#1459 = EDGE_LOOP('',(#1460,#1461,#1467,#1468));
#1460 = ORIENTED_EDGE('',*,*,#792,.F.);
#1461 = ORIENTED_EDGE('',*,*,#1462,.T.);
#1462 = EDGE_CURVE('',#793,#511,#1463,.T.);
#1463 = LINE('',#1464,#1465);
#1464 = CARTESIAN_POINT('',(95.699831765787,14.2,18.631370849898));
#1465 = VECTOR('',#1466,1.);
#1466 = DIRECTION('',(-1.,5.5E-16,2.2E-16));
#1467 = ORIENTED_EDGE('',*,*,#519,.T.);
#1468 = ORIENTED_EDGE('',*,*,#1447,.F.);
#1469 = PLANE('',#1470);
#1470 = AXIS2_PLACEMENT_3D('',#1471,#1472,#1473);
#1471 = CARTESIAN_POINT('',(95.699831765787,14.2,18.631370849898));
#1472 = DIRECTION('',(-3.4E-16,1.,-5.6E-16));
#1473 = DIRECTION('',(-8.9E-16,5.6E-16,1.));
#1474 = ADVANCED_FACE('',(#1475),#1486,.F.);
#1475 = FACE_BOUND('',#1476,.F.);
#1476 = EDGE_LOOP('',(#1477,#1478,#1484,#1485));
#1477 = ORIENTED_EDGE('',*,*,#800,.F.);
#1478 = ORIENTED_EDGE('',*,*,#1479,.T.);
#1479 = EDGE_CURVE('',#801,#503,#1480,.T.);
#1480 = LINE('',#1481,#1482);
#1481 = CARTESIAN_POINT('',(95.699831765787,13.068629150101,17.5));
#1482 = VECTOR('',#1483,1.);
#1483 = DIRECTION('',(-1.,5.5E-16,2.2E-16));
#1484 = ORIENTED_EDGE('',*,*,#510,.T.);
#1485 = ORIENTED_EDGE('',*,*,#1462,.F.);
#1486 = CYLINDRICAL_SURFACE('',#1487,0.8);
#1487 = AXIS2_PLACEMENT_3D('',#1488,#1489,#1490);
#1488 = CARTESIAN_POINT('',(95.699831765787,13.634314575051,
    18.065685424949));
#1489 = DIRECTION('',(1.,-3.3E-16,0.));
#1490 = DIRECTION('',(3.3E-16,1.,-7.8E-16));
#1491 = ADVANCED_FACE('',(#1492),#1503,.F.);
#1492 = FACE_BOUND('',#1493,.F.);
#1493 = EDGE_LOOP('',(#1494,#1495,#1501,#1502));
#1494 = ORIENTED_EDGE('',*,*,#809,.F.);
#1495 = ORIENTED_EDGE('',*,*,#1496,.T.);
#1496 = EDGE_CURVE('',#810,#494,#1497,.T.);
#1497 = LINE('',#1498,#1499);
#1498 = CARTESIAN_POINT('',(95.699831765787,11.931370849898,17.5));
#1499 = VECTOR('',#1500,1.);
#1500 = DIRECTION('',(-1.,5.5E-16,2.2E-16));
#1501 = ORIENTED_EDGE('',*,*,#502,.T.);
#1502 = ORIENTED_EDGE('',*,*,#1479,.F.);
#1503 = PLANE('',#1504);
#1504 = AXIS2_PLACEMENT_3D('',#1505,#1506,#1507);
#1505 = CARTESIAN_POINT('',(95.699831765787,11.931370849898,17.5));
#1506 = DIRECTION('',(6.7E-16,1.1E-16,-1.));
#1507 = DIRECTION('',(-5.6E-16,1.,1.1E-16));
#1508 = ADVANCED_FACE('',(#1509),#1520,.F.);
#1509 = FACE_BOUND('',#1510,.F.);
#1510 = EDGE_LOOP('',(#1511,#1512,#1518,#1519));
#1511 = ORIENTED_EDGE('',*,*,#817,.F.);
#1512 = ORIENTED_EDGE('',*,*,#1513,.T.);
#1513 = EDGE_CURVE('',#818,#486,#1514,.T.);
#1514 = LINE('',#1515,#1516);
#1515 = CARTESIAN_POINT('',(95.699831765787,10.8,18.631370849898));
#1516 = VECTOR('',#1517,1.);
#1517 = DIRECTION('',(-1.,5.5E-16,2.2E-16));
#1518 = ORIENTED_EDGE('',*,*,#493,.T.);
#1519 = ORIENTED_EDGE('',*,*,#1496,.F.);
#1520 = CYLINDRICAL_SURFACE('',#1521,0.8);
#1521 = AXIS2_PLACEMENT_3D('',#1522,#1523,#1524);
#1522 = CARTESIAN_POINT('',(95.699831765787,11.365685424949,
    18.065685424949));
#1523 = DIRECTION('',(1.,-3.3E-16,0.));
#1524 = DIRECTION('',(3.3E-16,1.,-7.8E-16));
#1525 = ADVANCED_FACE('',(#1526),#1537,.F.);
#1526 = FACE_BOUND('',#1527,.F.);
#1527 = EDGE_LOOP('',(#1528,#1529,#1535,#1536));
#1528 = ORIENTED_EDGE('',*,*,#826,.F.);
#1529 = ORIENTED_EDGE('',*,*,#1530,.T.);
#1530 = EDGE_CURVE('',#827,#478,#1531,.T.);
#1531 = LINE('',#1532,#1533);
#1532 = CARTESIAN_POINT('',(95.699831765787,10.8,35.));
#1533 = VECTOR('',#1534,1.);
#1534 = DIRECTION('',(-1.,5.5E-16,2.2E-16));
#1535 = ORIENTED_EDGE('',*,*,#485,.T.);
#1536 = ORIENTED_EDGE('',*,*,#1513,.F.);
#1537 = PLANE('',#1538);
#1538 = AXIS2_PLACEMENT_3D('',#1539,#1540,#1541);
#1539 = CARTESIAN_POINT('',(95.699831765787,10.8,35.));
#1540 = DIRECTION('',(3.4E-16,-1.,6.7E-16));
#1541 = DIRECTION('',(8.9E-16,-6.7E-16,-1.));
#1542 = ADVANCED_FACE('',(#1543),#1554,.F.);
#1543 = FACE_BOUND('',#1544,.F.);
#1544 = EDGE_LOOP('',(#1545,#1546,#1547,#1548));
#1545 = ORIENTED_EDGE('',*,*,#477,.F.);
#1546 = ORIENTED_EDGE('',*,*,#1530,.F.);
#1547 = ORIENTED_EDGE('',*,*,#834,.T.);
#1548 = ORIENTED_EDGE('',*,*,#1549,.T.);
#1549 = EDGE_CURVE('',#835,#470,#1550,.T.);
#1550 = LINE('',#1551,#1552);
#1551 = CARTESIAN_POINT('',(95.699831765787,-10.8,35.));
#1552 = VECTOR('',#1553,1.);
#1553 = DIRECTION('',(-1.,5.5E-16,2.2E-16));
#1554 = PLANE('',#1555);
#1555 = AXIS2_PLACEMENT_3D('',#1556,#1557,#1558);
#1556 = CARTESIAN_POINT('',(-1.5,69.,35.));
#1557 = DIRECTION('',(6.7E-16,1.1E-16,-1.));
#1558 = DIRECTION('',(5.6E-16,-1.,-1.1E-16));
#1559 = ADVANCED_FACE('',(#1560),#1571,.F.);
#1560 = FACE_BOUND('',#1561,.F.);
#1561 = EDGE_LOOP('',(#1562,#1563,#1569,#1570));
#1562 = ORIENTED_EDGE('',*,*,#842,.F.);
#1563 = ORIENTED_EDGE('',*,*,#1564,.T.);
#1564 = EDGE_CURVE('',#843,#461,#1565,.T.);
#1565 = LINE('',#1566,#1567);
#1566 = CARTESIAN_POINT('',(95.699831765788,-10.8,18.631370849898));
#1567 = VECTOR('',#1568,1.);
#1568 = DIRECTION('',(-1.,5.5E-16,2.2E-16));
#1569 = ORIENTED_EDGE('',*,*,#469,.T.);
#1570 = ORIENTED_EDGE('',*,*,#1549,.F.);
#1571 = PLANE('',#1572);
#1572 = AXIS2_PLACEMENT_3D('',#1573,#1574,#1575);
#1573 = CARTESIAN_POINT('',(95.699831765788,-10.8,18.631370849898));
#1574 = DIRECTION('',(-3.4E-16,1.,-5.6E-16));
#1575 = DIRECTION('',(-8.9E-16,5.6E-16,1.));
#1576 = ADVANCED_FACE('',(#1577),#1588,.F.);
#1577 = FACE_BOUND('',#1578,.F.);
#1578 = EDGE_LOOP('',(#1579,#1580,#1586,#1587));
#1579 = ORIENTED_EDGE('',*,*,#850,.F.);
#1580 = ORIENTED_EDGE('',*,*,#1581,.T.);
#1581 = EDGE_CURVE('',#851,#453,#1582,.T.);
#1582 = LINE('',#1583,#1584);
#1583 = CARTESIAN_POINT('',(95.699831765788,-11.93137084989,17.5));
#1584 = VECTOR('',#1585,1.);
#1585 = DIRECTION('',(-1.,5.5E-16,2.2E-16));
#1586 = ORIENTED_EDGE('',*,*,#460,.T.);
#1587 = ORIENTED_EDGE('',*,*,#1564,.F.);
#1588 = CYLINDRICAL_SURFACE('',#1589,0.8);
#1589 = AXIS2_PLACEMENT_3D('',#1590,#1591,#1592);
#1590 = CARTESIAN_POINT('',(95.699831765788,-11.36568542494,
    18.065685424949));
#1591 = DIRECTION('',(1.,-3.3E-16,0.));
#1592 = DIRECTION('',(3.3E-16,1.,-7.8E-16));
#1593 = ADVANCED_FACE('',(#1594),#1605,.F.);
#1594 = FACE_BOUND('',#1595,.F.);
#1595 = EDGE_LOOP('',(#1596,#1597,#1603,#1604));
#1596 = ORIENTED_EDGE('',*,*,#859,.F.);
#1597 = ORIENTED_EDGE('',*,*,#1598,.T.);
#1598 = EDGE_CURVE('',#860,#444,#1599,.T.);
#1599 = LINE('',#1600,#1601);
#1600 = CARTESIAN_POINT('',(95.699831765788,-13.0686291501,17.5));
#1601 = VECTOR('',#1602,1.);
#1602 = DIRECTION('',(-1.,5.5E-16,2.2E-16));
#1603 = ORIENTED_EDGE('',*,*,#452,.T.);
#1604 = ORIENTED_EDGE('',*,*,#1581,.F.);
#1605 = PLANE('',#1606);
#1606 = AXIS2_PLACEMENT_3D('',#1607,#1608,#1609);
#1607 = CARTESIAN_POINT('',(95.699831765788,-13.0686291501,17.5));
#1608 = DIRECTION('',(6.7E-16,1.1E-16,-1.));
#1609 = DIRECTION('',(-5.6E-16,1.,1.1E-16));
#1610 = ADVANCED_FACE('',(#1611),#1622,.F.);
#1611 = FACE_BOUND('',#1612,.F.);
#1612 = EDGE_LOOP('',(#1613,#1614,#1620,#1621));
#1613 = ORIENTED_EDGE('',*,*,#867,.F.);
#1614 = ORIENTED_EDGE('',*,*,#1615,.T.);
#1615 = EDGE_CURVE('',#868,#436,#1616,.T.);
#1616 = LINE('',#1617,#1618);
#1617 = CARTESIAN_POINT('',(95.699831765788,-14.2,18.631370849898));
#1618 = VECTOR('',#1619,1.);
#1619 = DIRECTION('',(-1.,5.5E-16,2.2E-16));
#1620 = ORIENTED_EDGE('',*,*,#443,.T.);
#1621 = ORIENTED_EDGE('',*,*,#1598,.F.);
#1622 = CYLINDRICAL_SURFACE('',#1623,0.8);
#1623 = AXIS2_PLACEMENT_3D('',#1624,#1625,#1626);
#1624 = CARTESIAN_POINT('',(95.699831765788,-13.63431457505,
    18.065685424949));
#1625 = DIRECTION('',(1.,-3.3E-16,0.));
#1626 = DIRECTION('',(3.3E-16,1.,-7.8E-16));
#1627 = ADVANCED_FACE('',(#1628),#1639,.F.);
#1628 = FACE_BOUND('',#1629,.F.);
#1629 = EDGE_LOOP('',(#1630,#1631,#1637,#1638));
#1630 = ORIENTED_EDGE('',*,*,#876,.F.);
#1631 = ORIENTED_EDGE('',*,*,#1632,.T.);
#1632 = EDGE_CURVE('',#877,#428,#1633,.T.);
#1633 = LINE('',#1634,#1635);
#1634 = CARTESIAN_POINT('',(95.699831765787,-14.2,35.));
#1635 = VECTOR('',#1636,1.);
#1636 = DIRECTION('',(-1.,5.5E-16,2.2E-16));
#1637 = ORIENTED_EDGE('',*,*,#435,.T.);
#1638 = ORIENTED_EDGE('',*,*,#1615,.F.);
#1639 = PLANE('',#1640);
#1640 = AXIS2_PLACEMENT_3D('',#1641,#1642,#1643);
#1641 = CARTESIAN_POINT('',(95.699831765787,-14.2,35.));
#1642 = DIRECTION('',(3.4E-16,-1.,6.7E-16));
#1643 = DIRECTION('',(8.9E-16,-6.7E-16,-1.));
#1644 = ADVANCED_FACE('',(#1645),#1656,.F.);
#1645 = FACE_BOUND('',#1646,.F.);
#1646 = EDGE_LOOP('',(#1647,#1648,#1649,#1650));
#1647 = ORIENTED_EDGE('',*,*,#427,.F.);
#1648 = ORIENTED_EDGE('',*,*,#1632,.F.);
#1649 = ORIENTED_EDGE('',*,*,#884,.T.);
#1650 = ORIENTED_EDGE('',*,*,#1651,.F.);
#1651 = EDGE_CURVE('',#420,#885,#1652,.T.);
#1652 = LINE('',#1653,#1654);
#1653 = CARTESIAN_POINT('',(-1.5,-19.,35.));
#1654 = VECTOR('',#1655,1.);
#1655 = DIRECTION('',(1.,-5.5E-16,-2.2E-16));
#1656 = PLANE('',#1657);
#1657 = AXIS2_PLACEMENT_3D('',#1658,#1659,#1660);
#1658 = CARTESIAN_POINT('',(-1.5,69.,35.));
#1659 = DIRECTION('',(6.7E-16,1.1E-16,-1.));
#1660 = DIRECTION('',(5.6E-16,-1.,-1.1E-16));
#1661 = ADVANCED_FACE('',(#1662),#1673,.F.);
#1662 = FACE_BOUND('',#1663,.F.);
#1663 = EDGE_LOOP('',(#1664,#1665,#1666,#1672));
#1664 = ORIENTED_EDGE('',*,*,#1651,.T.);
#1665 = ORIENTED_EDGE('',*,*,#892,.T.);
#1666 = ORIENTED_EDGE('',*,*,#1667,.F.);
#1667 = EDGE_CURVE('',#412,#893,#1668,.T.);
#1668 = LINE('',#1669,#1670);
#1669 = CARTESIAN_POINT('',(-1.5,-19.,1.51E-14));
#1670 = VECTOR('',#1671,1.);
#1671 = DIRECTION('',(1.,-5.5E-16,-2.2E-16));
#1672 = ORIENTED_EDGE('',*,*,#419,.F.);
#1673 = PLANE('',#1674);
#1674 = AXIS2_PLACEMENT_3D('',#1675,#1676,#1677);
#1675 = CARTESIAN_POINT('',(-1.5,-19.,35.));
#1676 = DIRECTION('',(-3.4E-16,1.,-5.6E-16));
#1677 = DIRECTION('',(8.9E-16,-5.6E-16,-1.));
#1678 = ADVANCED_FACE('',(#1679),#1690,.F.);
#1679 = FACE_BOUND('',#1680,.F.);
#1680 = EDGE_LOOP('',(#1681,#1682,#1683,#1684));
#1681 = ORIENTED_EDGE('',*,*,#411,.F.);
#1682 = ORIENTED_EDGE('',*,*,#1667,.T.);
#1683 = ORIENTED_EDGE('',*,*,#900,.T.);
#1684 = ORIENTED_EDGE('',*,*,#1685,.F.);
#1685 = EDGE_CURVE('',#404,#901,#1686,.T.);
#1686 = LINE('',#1687,#1688);
#1687 = CARTESIAN_POINT('',(47.930353588798,-5.5,1.467E-14));
#1688 = VECTOR('',#1689,1.);
#1689 = DIRECTION('',(1.,-5.5E-16,1.1E-16));
#1690 = PLANE('',#1691);
#1691 = AXIS2_PLACEMENT_3D('',#1692,#1693,#1694);
#1692 = CARTESIAN_POINT('',(-1.5,-19.,1.51E-14));
#1693 = DIRECTION('',(-6.7E-16,-1.1E-16,1.));
#1694 = DIRECTION('',(-5.6E-16,1.,1.1E-16));
#1695 = ADVANCED_FACE('',(#1696),#1707,.F.);
#1696 = FACE_BOUND('',#1697,.F.);
#1697 = EDGE_LOOP('',(#1698,#1699,#1705,#1706));
#1698 = ORIENTED_EDGE('',*,*,#908,.F.);
#1699 = ORIENTED_EDGE('',*,*,#1700,.T.);
#1700 = EDGE_CURVE('',#909,#395,#1701,.T.);
#1701 = LINE('',#1702,#1703);
#1702 = CARTESIAN_POINT('',(97.360707177596,-5.5,2.868629150102));
#1703 = VECTOR('',#1704,1.);
#1704 = DIRECTION('',(-1.,5.5E-16,2.2E-16));
#1705 = ORIENTED_EDGE('',*,*,#403,.T.);
#1706 = ORIENTED_EDGE('',*,*,#1685,.T.);
#1707 = PLANE('',#1708);
#1708 = AXIS2_PLACEMENT_3D('',#1709,#1710,#1711);
#1709 = CARTESIAN_POINT('',(97.360707177596,-5.5,2.868629150102));
#1710 = DIRECTION('',(3.4E-16,-1.,5.6E-16));
#1711 = DIRECTION('',(8.9E-16,-5.6E-16,-1.));
#1712 = ADVANCED_FACE('',(#1713),#1724,.F.);
#1713 = FACE_BOUND('',#1714,.F.);
#1714 = EDGE_LOOP('',(#1715,#1716,#1722,#1723));
#1715 = ORIENTED_EDGE('',*,*,#916,.F.);
#1716 = ORIENTED_EDGE('',*,*,#1717,.T.);
#1717 = EDGE_CURVE('',#917,#387,#1718,.T.);
#1718 = LINE('',#1719,#1720);
#1719 = CARTESIAN_POINT('',(97.360707177596,-4.368629150102,4.));
#1720 = VECTOR('',#1721,1.);
#1721 = DIRECTION('',(-1.,5.5E-16,2.2E-16));
#1722 = ORIENTED_EDGE('',*,*,#394,.T.);
#1723 = ORIENTED_EDGE('',*,*,#1700,.F.);
#1724 = CYLINDRICAL_SURFACE('',#1725,0.8);
#1725 = AXIS2_PLACEMENT_3D('',#1726,#1727,#1728);
#1726 = CARTESIAN_POINT('',(97.360707177596,-4.934314575051,
    3.434314575051));
#1727 = DIRECTION('',(1.,-3.3E-16,0.));
#1728 = DIRECTION('',(3.3E-16,1.,-7.8E-16));
#1729 = ADVANCED_FACE('',(#1730),#1741,.T.);
#1730 = FACE_BOUND('',#1731,.T.);
#1731 = EDGE_LOOP('',(#1732,#1733,#1734,#1735));
#1732 = ORIENTED_EDGE('',*,*,#925,.F.);
#1733 = ORIENTED_EDGE('',*,*,#1717,.T.);
#1734 = ORIENTED_EDGE('',*,*,#386,.T.);
#1735 = ORIENTED_EDGE('',*,*,#1736,.F.);
#1736 = EDGE_CURVE('',#926,#378,#1737,.T.);
#1737 = LINE('',#1738,#1739);
#1738 = CARTESIAN_POINT('',(97.360707177596,5.368629150101,4.));
#1739 = VECTOR('',#1740,1.);
#1740 = DIRECTION('',(-1.,5.5E-16,2.2E-16));
#1741 = PLANE('',#1742);
#1742 = AXIS2_PLACEMENT_3D('',#1743,#1744,#1745);
#1743 = CARTESIAN_POINT('',(97.360707177596,-4.368629150102,4.));
#1744 = DIRECTION('',(6.7E-16,1.1E-16,-1.));
#1745 = DIRECTION('',(-5.6E-16,1.,1.1E-16));
#1746 = ADVANCED_FACE('',(#1747),#1758,.F.);
#1747 = FACE_BOUND('',#1748,.F.);
#1748 = EDGE_LOOP('',(#1749,#1750,#1756,#1757));
#1749 = ORIENTED_EDGE('',*,*,#933,.F.);
#1750 = ORIENTED_EDGE('',*,*,#1751,.T.);
#1751 = EDGE_CURVE('',#934,#370,#1752,.T.);
#1752 = LINE('',#1753,#1754);
#1753 = CARTESIAN_POINT('',(97.360707177596,6.5,2.868629150101));
#1754 = VECTOR('',#1755,1.);
#1755 = DIRECTION('',(-1.,5.5E-16,2.2E-16));
#1756 = ORIENTED_EDGE('',*,*,#377,.T.);
#1757 = ORIENTED_EDGE('',*,*,#1736,.F.);
#1758 = CYLINDRICAL_SURFACE('',#1759,0.8);
#1759 = AXIS2_PLACEMENT_3D('',#1760,#1761,#1762);
#1760 = CARTESIAN_POINT('',(97.360707177596,5.934314575051,
    3.434314575051));
#1761 = DIRECTION('',(1.,-3.3E-16,0.));
#1762 = DIRECTION('',(3.3E-16,1.,-7.8E-16));
#1763 = ADVANCED_FACE('',(#1764),#1775,.T.);
#1764 = FACE_BOUND('',#1765,.T.);
#1765 = EDGE_LOOP('',(#1766,#1767,#1768,#1769));
#1766 = ORIENTED_EDGE('',*,*,#942,.F.);
#1767 = ORIENTED_EDGE('',*,*,#1751,.T.);
#1768 = ORIENTED_EDGE('',*,*,#369,.T.);
#1769 = ORIENTED_EDGE('',*,*,#1770,.T.);
#1770 = EDGE_CURVE('',#362,#943,#1771,.T.);
#1771 = LINE('',#1772,#1773);
#1772 = CARTESIAN_POINT('',(47.930353588798,6.5,4.01E-15));
#1773 = VECTOR('',#1774,1.);
#1774 = DIRECTION('',(1.,-5.5E-16,1.1E-16));
#1775 = PLANE('',#1776);
#1776 = AXIS2_PLACEMENT_3D('',#1777,#1778,#1779);
#1777 = CARTESIAN_POINT('',(97.360707177596,6.5,2.868629150101));
#1778 = DIRECTION('',(3.4E-16,-1.,5.6E-16));
#1779 = DIRECTION('',(8.9E-16,-5.6E-16,-1.));
#1780 = ADVANCED_FACE('',(#1781),#1792,.F.);
#1781 = FACE_BOUND('',#1782,.F.);
#1782 = EDGE_LOOP('',(#1783,#1784,#1785,#1786));
#1783 = ORIENTED_EDGE('',*,*,#361,.F.);
#1784 = ORIENTED_EDGE('',*,*,#1770,.T.);
#1785 = ORIENTED_EDGE('',*,*,#950,.T.);
#1786 = ORIENTED_EDGE('',*,*,#1787,.F.);
#1787 = EDGE_CURVE('',#353,#951,#1788,.T.);
#1788 = LINE('',#1789,#1790);
#1789 = CARTESIAN_POINT('',(97.678018509796,8.368629150102,7.039E-14));
#1790 = VECTOR('',#1791,1.);
#1791 = DIRECTION('',(1.,0.,3.3E-16));
#1792 = PLANE('',#1793);
#1793 = AXIS2_PLACEMENT_3D('',#1794,#1795,#1796);
#1794 = CARTESIAN_POINT('',(-1.5,-19.,1.51E-14));
#1795 = DIRECTION('',(-6.7E-16,-1.1E-16,1.));
#1796 = DIRECTION('',(-5.6E-16,1.,1.1E-16));
#1797 = ADVANCED_FACE('',(#1798),#1813,.F.);
#1798 = FACE_BOUND('',#1799,.F.);
#1799 = EDGE_LOOP('',(#1800,#1806,#1807,#1808,#1809,#1810,#1811,#1812));
#1800 = ORIENTED_EDGE('',*,*,#1801,.F.);
#1801 = EDGE_CURVE('',#327,#977,#1802,.T.);
#1802 = LINE('',#1803,#1804);
#1803 = CARTESIAN_POINT('',(97.678018509796,9.5,-1.131370849898));
#1804 = VECTOR('',#1805,1.);
#1805 = DIRECTION('',(1.,0.,3.3E-16));
#1806 = ORIENTED_EDGE('',*,*,#334,.T.);
#1807 = ORIENTED_EDGE('',*,*,#343,.T.);
#1808 = ORIENTED_EDGE('',*,*,#352,.T.);
#1809 = ORIENTED_EDGE('',*,*,#1787,.T.);
#1810 = ORIENTED_EDGE('',*,*,#958,.F.);
#1811 = ORIENTED_EDGE('',*,*,#967,.F.);
#1812 = ORIENTED_EDGE('',*,*,#976,.F.);
#1813 = CYLINDRICAL_SURFACE('',#1814,0.8);
#1814 = AXIS2_PLACEMENT_3D('',#1815,#1816,#1817);
#1815 = CARTESIAN_POINT('',(97.678018509796,8.934314575051,
    -0.565685424949));
#1816 = DIRECTION('',(1.,0.,3.3E-16));
#1817 = DIRECTION('',(1.089E-31,1.,-3.3E-16));
#1818 = ADVANCED_FACE('',(#1819),#1830,.F.);
#1819 = FACE_BOUND('',#1820,.F.);
#1820 = EDGE_LOOP('',(#1821,#1822,#1823,#1824));
#1821 = ORIENTED_EDGE('',*,*,#326,.F.);
#1822 = ORIENTED_EDGE('',*,*,#1801,.T.);
#1823 = ORIENTED_EDGE('',*,*,#985,.T.);
#1824 = ORIENTED_EDGE('',*,*,#1825,.F.);
#1825 = EDGE_CURVE('',#319,#986,#1826,.T.);
#1826 = LINE('',#1827,#1828);
#1827 = CARTESIAN_POINT('',(-1.5,9.5,-5.));
#1828 = VECTOR('',#1829,1.);
#1829 = DIRECTION('',(1.,-3.3E-16,0.));
#1830 = PLANE('',#1831);
#1831 = AXIS2_PLACEMENT_3D('',#1832,#1833,#1834);
#1832 = CARTESIAN_POINT('',(-1.5,9.5,-5.27E-15));
#1833 = DIRECTION('',(-1.1E-16,1.,-3.3E-16));
#1834 = DIRECTION('',(6.7E-16,-3.3E-16,-1.));
#1835 = ADVANCED_FACE('',(#1836),#1847,.F.);
#1836 = FACE_BOUND('',#1837,.F.);
#1837 = EDGE_LOOP('',(#1838,#1839,#1840,#1846));
#1838 = ORIENTED_EDGE('',*,*,#1825,.T.);
#1839 = ORIENTED_EDGE('',*,*,#993,.T.);
#1840 = ORIENTED_EDGE('',*,*,#1841,.F.);
#1841 = EDGE_CURVE('',#311,#994,#1842,.T.);
#1842 = LINE('',#1843,#1844);
#1843 = CARTESIAN_POINT('',(-1.5,15.5,-5.));
#1844 = VECTOR('',#1845,1.);
#1845 = DIRECTION('',(1.,-3.3E-16,0.));
#1846 = ORIENTED_EDGE('',*,*,#318,.F.);
#1847 = PLANE('',#1848);
#1848 = AXIS2_PLACEMENT_3D('',#1849,#1850,#1851);
#1849 = CARTESIAN_POINT('',(-1.5,9.5,-5.));
#1850 = DIRECTION('',(-4.4E-16,1.1E-16,1.));
#1851 = DIRECTION('',(-3.3E-16,1.,-1.1E-16));
#1852 = ADVANCED_FACE('',(#1853),#1864,.F.);
#1853 = FACE_BOUND('',#1854,.F.);
#1854 = EDGE_LOOP('',(#1855,#1856,#1857,#1858));
#1855 = ORIENTED_EDGE('',*,*,#310,.F.);
#1856 = ORIENTED_EDGE('',*,*,#1841,.T.);
#1857 = ORIENTED_EDGE('',*,*,#1001,.T.);
#1858 = ORIENTED_EDGE('',*,*,#1859,.F.);
#1859 = EDGE_CURVE('',#302,#1002,#1860,.T.);
#1860 = LINE('',#1861,#1862);
#1861 = CARTESIAN_POINT('',(97.678018509796,15.5,-1.131370849898));
#1862 = VECTOR('',#1863,1.);
#1863 = DIRECTION('',(1.,0.,3.3E-16));
#1864 = PLANE('',#1865);
#1865 = AXIS2_PLACEMENT_3D('',#1866,#1867,#1868);
#1866 = CARTESIAN_POINT('',(-1.5,15.5,-5.));
#1867 = DIRECTION('',(1.1E-16,-1.,3.3E-16));
#1868 = DIRECTION('',(-6.7E-16,3.3E-16,1.));
#1869 = ADVANCED_FACE('',(#1870),#1883,.F.);
#1870 = FACE_BOUND('',#1871,.T.);
#1871 = EDGE_LOOP('',(#1872,#1873,#1874,#1875,#1876,#1877));
#1872 = ORIENTED_EDGE('',*,*,#1018,.T.);
#1873 = ORIENTED_EDGE('',*,*,#1009,.T.);
#1874 = ORIENTED_EDGE('',*,*,#1859,.F.);
#1875 = ORIENTED_EDGE('',*,*,#301,.F.);
#1876 = ORIENTED_EDGE('',*,*,#292,.F.);
#1877 = ORIENTED_EDGE('',*,*,#1878,.T.);
#1878 = EDGE_CURVE('',#285,#1019,#1879,.T.);
#1879 = LINE('',#1880,#1881);
#1880 = CARTESIAN_POINT('',(97.678018509796,16.631370849898,6.676E-14));
#1881 = VECTOR('',#1882,1.);
#1882 = DIRECTION('',(1.,0.,3.3E-16));
#1883 = CYLINDRICAL_SURFACE('',#1884,0.8);
#1884 = AXIS2_PLACEMENT_3D('',#1885,#1886,#1887);
#1885 = CARTESIAN_POINT('',(97.678018509796,16.065685424949,
    -0.565685424949));
#1886 = DIRECTION('',(1.,0.,3.3E-16));
#1887 = DIRECTION('',(1.089E-31,1.,-3.3E-16));
#1888 = ADVANCED_FACE('',(#1889),#1900,.F.);
#1889 = FACE_BOUND('',#1890,.F.);
#1890 = EDGE_LOOP('',(#1891,#1892,#1893,#1894));
#1891 = ORIENTED_EDGE('',*,*,#284,.F.);
#1892 = ORIENTED_EDGE('',*,*,#1878,.T.);
#1893 = ORIENTED_EDGE('',*,*,#1027,.T.);
#1894 = ORIENTED_EDGE('',*,*,#1895,.F.);
#1895 = EDGE_CURVE('',#277,#1028,#1896,.T.);
#1896 = LINE('',#1897,#1898);
#1897 = CARTESIAN_POINT('',(47.930353588798,19.5,-7.59E-15));
#1898 = VECTOR('',#1899,1.);
#1899 = DIRECTION('',(1.,-2.2E-16,1.1E-16));
#1900 = PLANE('',#1901);
#1901 = AXIS2_PLACEMENT_3D('',#1902,#1903,#1904);
#1902 = CARTESIAN_POINT('',(-1.5,-19.,1.51E-14));
#1903 = DIRECTION('',(-6.7E-16,-1.1E-16,1.));
#1904 = DIRECTION('',(-5.6E-16,1.,1.1E-16));
#1905 = ADVANCED_FACE('',(#1906),#1917,.F.);
#1906 = FACE_BOUND('',#1907,.F.);
#1907 = EDGE_LOOP('',(#1908,#1909,#1915,#1916));
#1908 = ORIENTED_EDGE('',*,*,#1035,.F.);
#1909 = ORIENTED_EDGE('',*,*,#1910,.T.);
#1910 = EDGE_CURVE('',#1036,#268,#1911,.T.);
#1911 = LINE('',#1912,#1913);
#1912 = CARTESIAN_POINT('',(97.360707177596,19.5,2.868629150102));
#1913 = VECTOR('',#1914,1.);
#1914 = DIRECTION('',(-1.,5.5E-16,2.2E-16));
#1915 = ORIENTED_EDGE('',*,*,#276,.T.);
#1916 = ORIENTED_EDGE('',*,*,#1895,.T.);
#1917 = PLANE('',#1918);
#1918 = AXIS2_PLACEMENT_3D('',#1919,#1920,#1921);
#1919 = CARTESIAN_POINT('',(97.360707177596,19.5,2.868629150102));
#1920 = DIRECTION('',(3.4E-16,-1.,5.6E-16));
#1921 = DIRECTION('',(8.9E-16,-5.6E-16,-1.));
#1922 = ADVANCED_FACE('',(#1923),#1934,.F.);
#1923 = FACE_BOUND('',#1924,.F.);
#1924 = EDGE_LOOP('',(#1925,#1926,#1932,#1933));
#1925 = ORIENTED_EDGE('',*,*,#1043,.F.);
#1926 = ORIENTED_EDGE('',*,*,#1927,.T.);
#1927 = EDGE_CURVE('',#1044,#260,#1928,.T.);
#1928 = LINE('',#1929,#1930);
#1929 = CARTESIAN_POINT('',(97.360707177596,20.631370849898,4.));
#1930 = VECTOR('',#1931,1.);
#1931 = DIRECTION('',(-1.,5.5E-16,2.2E-16));
#1932 = ORIENTED_EDGE('',*,*,#267,.T.);
#1933 = ORIENTED_EDGE('',*,*,#1910,.F.);
#1934 = CYLINDRICAL_SURFACE('',#1935,0.8);
#1935 = AXIS2_PLACEMENT_3D('',#1936,#1937,#1938);
#1936 = CARTESIAN_POINT('',(97.360707177596,20.065685424949,
    3.434314575051));
#1937 = DIRECTION('',(1.,-3.3E-16,0.));
#1938 = DIRECTION('',(3.3E-16,1.,-7.8E-16));
#1939 = ADVANCED_FACE('',(#1940),#1951,.T.);
#1940 = FACE_BOUND('',#1941,.T.);
#1941 = EDGE_LOOP('',(#1942,#1943,#1944,#1945));
#1942 = ORIENTED_EDGE('',*,*,#1052,.F.);
#1943 = ORIENTED_EDGE('',*,*,#1927,.T.);
#1944 = ORIENTED_EDGE('',*,*,#259,.T.);
#1945 = ORIENTED_EDGE('',*,*,#1946,.F.);
#1946 = EDGE_CURVE('',#1053,#251,#1947,.T.);
#1947 = LINE('',#1948,#1949);
#1948 = CARTESIAN_POINT('',(97.360707177596,30.368629150102,4.));
#1949 = VECTOR('',#1950,1.);
#1950 = DIRECTION('',(-1.,5.5E-16,2.2E-16));
#1951 = PLANE('',#1952);
#1952 = AXIS2_PLACEMENT_3D('',#1953,#1954,#1955);
#1953 = CARTESIAN_POINT('',(97.360707177596,20.631370849898,4.));
#1954 = DIRECTION('',(6.7E-16,1.1E-16,-1.));
#1955 = DIRECTION('',(-5.6E-16,1.,1.1E-16));
#1956 = ADVANCED_FACE('',(#1957),#1963,.F.);
#1957 = FACE_BOUND('',#1958,.F.);
#1958 = EDGE_LOOP('',(#1959,#1960,#1961,#1962));
#1959 = ORIENTED_EDGE('',*,*,#1060,.F.);
#1960 = ORIENTED_EDGE('',*,*,#1185,.T.);
#1961 = ORIENTED_EDGE('',*,*,#250,.T.);
#1962 = ORIENTED_EDGE('',*,*,#1946,.F.);
#1963 = CYLINDRICAL_SURFACE('',#1964,0.8);
#1964 = AXIS2_PLACEMENT_3D('',#1965,#1966,#1967);
#1965 = CARTESIAN_POINT('',(97.360707177596,30.934314575051,
    3.434314575051));
#1966 = DIRECTION('',(1.,-3.3E-16,0.));
#1967 = DIRECTION('',(3.3E-16,1.,-7.8E-16));
#1968 = ADVANCED_FACE('',(#1969),#1985,.F.);
#1969 = FACE_BOUND('',#1970,.F.);
#1970 = EDGE_LOOP('',(#1971,#1972,#1978,#1979));
#1971 = ORIENTED_EDGE('',*,*,#208,.F.);
#1972 = ORIENTED_EDGE('',*,*,#1973,.T.);
#1973 = EDGE_CURVE('',#209,#1095,#1974,.T.);
#1974 = LINE('',#1975,#1976);
#1975 = CARTESIAN_POINT('',(97.678018509796,34.5,-1.131370849898));
#1976 = VECTOR('',#1977,1.);
#1977 = DIRECTION('',(1.,1.1E-16,0.));
#1978 = ORIENTED_EDGE('',*,*,#1103,.T.);
#1979 = ORIENTED_EDGE('',*,*,#1980,.F.);
#1980 = EDGE_CURVE('',#201,#1104,#1981,.T.);
#1981 = LINE('',#1982,#1983);
#1982 = CARTESIAN_POINT('',(-1.5,34.5,-5.));
#1983 = VECTOR('',#1984,1.);
#1984 = DIRECTION('',(1.,-4.4E-16,-2.2E-16));
#1985 = PLANE('',#1986);
#1986 = AXIS2_PLACEMENT_3D('',#1987,#1988,#1989);
#1987 = CARTESIAN_POINT('',(-1.5,34.5,-2.753E-14));
#1988 = DIRECTION('',(-4.4E-16,1.,-6.7E-16));
#1989 = DIRECTION('',(8.9E-16,-6.7E-16,-1.));
#1990 = ADVANCED_FACE('',(#1991),#2002,.F.);
#1991 = FACE_BOUND('',#1992,.F.);
#1992 = EDGE_LOOP('',(#1993,#1994,#1995,#2001));
#1993 = ORIENTED_EDGE('',*,*,#1980,.T.);
#1994 = ORIENTED_EDGE('',*,*,#1111,.T.);
#1995 = ORIENTED_EDGE('',*,*,#1996,.F.);
#1996 = EDGE_CURVE('',#193,#1112,#1997,.T.);
#1997 = LINE('',#1998,#1999);
#1998 = CARTESIAN_POINT('',(-1.5,40.5,-5.));
#1999 = VECTOR('',#2000,1.);
#2000 = DIRECTION('',(1.,-4.4E-16,-2.2E-16));
#2001 = ORIENTED_EDGE('',*,*,#200,.F.);
#2002 = PLANE('',#2003);
#2003 = AXIS2_PLACEMENT_3D('',#2004,#2005,#2006);
#2004 = CARTESIAN_POINT('',(-1.5,34.5,-5.));
#2005 = DIRECTION('',(-6.7E-16,0.,1.));
#2006 = DIRECTION('',(-6.7E-16,1.,-4.489E-31));
#2007 = ADVANCED_FACE('',(#2008),#2019,.F.);
#2008 = FACE_BOUND('',#2009,.F.);
#2009 = EDGE_LOOP('',(#2010,#2011,#2012,#2013));
#2010 = ORIENTED_EDGE('',*,*,#192,.F.);
#2011 = ORIENTED_EDGE('',*,*,#1996,.T.);
#2012 = ORIENTED_EDGE('',*,*,#1119,.T.);
#2013 = ORIENTED_EDGE('',*,*,#2014,.F.);
#2014 = EDGE_CURVE('',#184,#1120,#2015,.T.);
#2015 = LINE('',#2016,#2017);
#2016 = CARTESIAN_POINT('',(97.678018509796,40.5,-1.131370849899));
#2017 = VECTOR('',#2018,1.);
#2018 = DIRECTION('',(1.,1.1E-16,0.));
#2019 = PLANE('',#2020);
#2020 = AXIS2_PLACEMENT_3D('',#2021,#2022,#2023);
#2021 = CARTESIAN_POINT('',(-1.5,40.5,-5.));
#2022 = DIRECTION('',(4.4E-16,-1.,6.7E-16));
#2023 = DIRECTION('',(-8.9E-16,6.7E-16,1.));
#2024 = ADVANCED_FACE('',(#2025),#2041,.F.);
#2025 = FACE_BOUND('',#2026,.F.);
#2026 = EDGE_LOOP('',(#2027,#2028,#2034,#2035));
#2027 = ORIENTED_EDGE('',*,*,#166,.F.);
#2028 = ORIENTED_EDGE('',*,*,#2029,.T.);
#2029 = EDGE_CURVE('',#167,#1137,#2030,.T.);
#2030 = LINE('',#2031,#2032);
#2031 = CARTESIAN_POINT('',(97.678018509796,41.631370849898,5.577E-14));
#2032 = VECTOR('',#2033,1.);
#2033 = DIRECTION('',(1.,1.1E-16,0.));
#2034 = ORIENTED_EDGE('',*,*,#1145,.T.);
#2035 = ORIENTED_EDGE('',*,*,#2036,.F.);
#2036 = EDGE_CURVE('',#159,#1146,#2037,.T.);
#2037 = LINE('',#2038,#2039);
#2038 = CARTESIAN_POINT('',(47.930353588798,44.5,-2.963E-14));
#2039 = VECTOR('',#2040,1.);
#2040 = DIRECTION('',(1.,-2.2E-16,1.1E-16));
#2041 = PLANE('',#2042);
#2042 = AXIS2_PLACEMENT_3D('',#2043,#2044,#2045);
#2043 = CARTESIAN_POINT('',(-1.5,-19.,1.51E-14));
#2044 = DIRECTION('',(-6.7E-16,-1.1E-16,1.));
#2045 = DIRECTION('',(-5.6E-16,1.,1.1E-16));
#2046 = ADVANCED_FACE('',(#2047),#2058,.F.);
#2047 = FACE_BOUND('',#2048,.F.);
#2048 = EDGE_LOOP('',(#2049,#2050,#2056,#2057));
#2049 = ORIENTED_EDGE('',*,*,#1153,.F.);
#2050 = ORIENTED_EDGE('',*,*,#2051,.T.);
#2051 = EDGE_CURVE('',#1154,#150,#2052,.T.);
#2052 = LINE('',#2053,#2054);
#2053 = CARTESIAN_POINT('',(97.360707177596,44.5,2.868629150101));
#2054 = VECTOR('',#2055,1.);
#2055 = DIRECTION('',(-1.,5.5E-16,2.2E-16));
#2056 = ORIENTED_EDGE('',*,*,#158,.T.);
#2057 = ORIENTED_EDGE('',*,*,#2036,.T.);
#2058 = PLANE('',#2059);
#2059 = AXIS2_PLACEMENT_3D('',#2060,#2061,#2062);
#2060 = CARTESIAN_POINT('',(97.360707177596,44.5,2.868629150101));
#2061 = DIRECTION('',(3.4E-16,-1.,5.6E-16));
#2062 = DIRECTION('',(8.9E-16,-5.6E-16,-1.));
#2063 = ADVANCED_FACE('',(#2064),#2075,.F.);
#2064 = FACE_BOUND('',#2065,.F.);
#2065 = EDGE_LOOP('',(#2066,#2067,#2073,#2074));
#2066 = ORIENTED_EDGE('',*,*,#1161,.F.);
#2067 = ORIENTED_EDGE('',*,*,#2068,.T.);
#2068 = EDGE_CURVE('',#1162,#142,#2069,.T.);
#2069 = LINE('',#2070,#2071);
#2070 = CARTESIAN_POINT('',(97.360707177596,45.631370849898,4.));
#2071 = VECTOR('',#2072,1.);
#2072 = DIRECTION('',(-1.,5.5E-16,2.2E-16));
#2073 = ORIENTED_EDGE('',*,*,#149,.T.);
#2074 = ORIENTED_EDGE('',*,*,#2051,.F.);
#2075 = CYLINDRICAL_SURFACE('',#2076,0.8);
#2076 = AXIS2_PLACEMENT_3D('',#2077,#2078,#2079);
#2077 = CARTESIAN_POINT('',(97.360707177596,45.065685424949,
    3.434314575051));
#2078 = DIRECTION('',(1.,-3.3E-16,0.));
#2079 = DIRECTION('',(3.3E-16,1.,-7.8E-16));
#2080 = ADVANCED_FACE('',(#2081),#2092,.T.);
#2081 = FACE_BOUND('',#2082,.T.);
#2082 = EDGE_LOOP('',(#2083,#2084,#2085,#2086));
#2083 = ORIENTED_EDGE('',*,*,#1170,.F.);
#2084 = ORIENTED_EDGE('',*,*,#2068,.T.);
#2085 = ORIENTED_EDGE('',*,*,#141,.T.);
#2086 = ORIENTED_EDGE('',*,*,#2087,.F.);
#2087 = EDGE_CURVE('',#652,#133,#2088,.T.);
#2088 = LINE('',#2089,#2090);
#2089 = CARTESIAN_POINT('',(97.360707177596,55.368629150102,4.));
#2090 = VECTOR('',#2091,1.);
#2091 = DIRECTION('',(-1.,5.5E-16,2.2E-16));
#2092 = PLANE('',#2093);
#2093 = AXIS2_PLACEMENT_3D('',#2094,#2095,#2096);
#2094 = CARTESIAN_POINT('',(97.360707177596,45.631370849898,4.));
#2095 = DIRECTION('',(6.7E-16,1.1E-16,-1.));
#2096 = DIRECTION('',(-5.6E-16,1.,1.1E-16));
#2097 = ADVANCED_FACE('',(#2098),#2109,.F.);
#2098 = FACE_BOUND('',#2099,.F.);
#2099 = EDGE_LOOP('',(#2100,#2101,#2107,#2108));
#2100 = ORIENTED_EDGE('',*,*,#649,.F.);
#2101 = ORIENTED_EDGE('',*,*,#2102,.T.);
#2102 = EDGE_CURVE('',#650,#125,#2103,.T.);
#2103 = LINE('',#2104,#2105);
#2104 = CARTESIAN_POINT('',(97.360707177596,56.5,2.868629150101));
#2105 = VECTOR('',#2106,1.);
#2106 = DIRECTION('',(-1.,5.5E-16,2.2E-16));
#2107 = ORIENTED_EDGE('',*,*,#132,.T.);
#2108 = ORIENTED_EDGE('',*,*,#2087,.F.);
#2109 = CYLINDRICAL_SURFACE('',#2110,0.8);
#2110 = AXIS2_PLACEMENT_3D('',#2111,#2112,#2113);
#2111 = CARTESIAN_POINT('',(97.360707177596,55.934314575051,
    3.434314575051));
#2112 = DIRECTION('',(1.,-3.3E-16,0.));
#2113 = DIRECTION('',(3.3E-16,1.,-7.8E-16));
#2114 = ADVANCED_FACE('',(#2115),#2121,.T.);
#2115 = FACE_BOUND('',#2116,.T.);
#2116 = EDGE_LOOP('',(#2117,#2118,#2119,#2120));
#2117 = ORIENTED_EDGE('',*,*,#660,.F.);
#2118 = ORIENTED_EDGE('',*,*,#2102,.T.);
#2119 = ORIENTED_EDGE('',*,*,#124,.T.);
#2120 = ORIENTED_EDGE('',*,*,#1202,.T.);
#2121 = PLANE('',#2122);
#2122 = AXIS2_PLACEMENT_3D('',#2123,#2124,#2125);
#2123 = CARTESIAN_POINT('',(97.360707177596,56.5,2.868629150101));
#2124 = DIRECTION('',(3.4E-16,-1.,5.6E-16));
#2125 = DIRECTION('',(8.9E-16,-5.6E-16,-1.));
#2126 = ADVANCED_FACE('',(#2127),#2137,.F.);
#2127 = FACE_BOUND('',#2128,.F.);
#2128 = EDGE_LOOP('',(#2129,#2130,#2131,#2132,#2133,#2134,#2135,#2136));
#2129 = ORIENTED_EDGE('',*,*,#1973,.F.);
#2130 = ORIENTED_EDGE('',*,*,#216,.T.);
#2131 = ORIENTED_EDGE('',*,*,#225,.T.);
#2132 = ORIENTED_EDGE('',*,*,#234,.T.);
#2133 = ORIENTED_EDGE('',*,*,#100,.T.);
#2134 = ORIENTED_EDGE('',*,*,#1076,.F.);
#2135 = ORIENTED_EDGE('',*,*,#1085,.F.);
#2136 = ORIENTED_EDGE('',*,*,#1094,.F.);
#2137 = CYLINDRICAL_SURFACE('',#2138,0.8);
#2138 = AXIS2_PLACEMENT_3D('',#2139,#2140,#2141);
#2139 = CARTESIAN_POINT('',(97.678018509796,33.934314575051,
    -0.565685424949));
#2140 = DIRECTION('',(1.,1.1E-16,0.));
#2141 = DIRECTION('',(-1.1E-16,1.,-3.3E-16));
#2142 = ADVANCED_FACE('',(#2143),#2151,.F.);
#2143 = FACE_BOUND('',#2144,.F.);
#2144 = EDGE_LOOP('',(#2145,#2146,#2147,#2148,#2149,#2150));
#2145 = ORIENTED_EDGE('',*,*,#2029,.F.);
#2146 = ORIENTED_EDGE('',*,*,#174,.T.);
#2147 = ORIENTED_EDGE('',*,*,#183,.T.);
#2148 = ORIENTED_EDGE('',*,*,#2014,.T.);
#2149 = ORIENTED_EDGE('',*,*,#1127,.F.);
#2150 = ORIENTED_EDGE('',*,*,#1136,.F.);
#2151 = CYLINDRICAL_SURFACE('',#2152,0.8);
#2152 = AXIS2_PLACEMENT_3D('',#2153,#2154,#2155);
#2153 = CARTESIAN_POINT('',(97.678018509796,41.065685424949,
    -0.565685424949));
#2154 = DIRECTION('',(1.,1.1E-16,0.));
#2155 = DIRECTION('',(-1.1E-16,1.,-3.3E-16));
#2156 = ( GEOMETRIC_REPRESENTATION_CONTEXT(3) 
GLOBAL_UNCERTAINTY_ASSIGNED_CONTEXT((#2160)) 
GLOBAL_UNIT_ASSIGNED_CONTEXT((#2157,#2158,#2159)) REPRESENTATION_CONTEXT
('Context #1','3D Context with UNIT and UNCERTAINTY') );
#2157 = ( LENGTH_UNIT() NAMED_UNIT(*) SI_UNIT(.MILLI.,.METRE.) );
#2158 = ( NAMED_UNIT(*) PLANE_ANGLE_UNIT() SI_UNIT($,.RADIAN.) );
#2159 = ( NAMED_UNIT(*) SI_UNIT($,.STERADIAN.) SOLID_ANGLE_UNIT() );
#2160 = UNCERTAINTY_MEASURE_WITH_UNIT(LENGTH_MEASURE(1.E-04),#2157,
  'distance_accuracy_value','confusion accuracy');
#2161 = CONTEXT_DEPENDENT_SHAPE_REPRESENTATION(#2162,#2164);
#2162 = ( REPRESENTATION_RELATIONSHIP('','',#67,#44) 
REPRESENTATION_RELATIONSHIP_WITH_TRANSFORMATION(#2163) 
SHAPE_REPRESENTATION_RELATIONSHIP() );
#2163 = ITEM_DEFINED_TRANSFORMATION('','',#11,#45);
#2164 = PRODUCT_DEFINITION_SHAPE('Placement','Placement of an item',
  #2165);
#2165 = NEXT_ASSEMBLY_USAGE_OCCURRENCE('1','Body','',#39,#62,$);
#2166 = PRODUCT_RELATED_PRODUCT_CATEGORY('part',$,(#64));
#2167 = SHAPE_DEFINITION_REPRESENTATION(#2168,#2174);
#2168 = PRODUCT_DEFINITION_SHAPE('','',#2169);
#2169 = PRODUCT_DEFINITION('design','',#2170,#2173);
#2170 = PRODUCT_DEFINITION_FORMATION('','',#2171);
#2171 = PRODUCT('Laengswand','Laengswand','',(#2172));
#2172 = PRODUCT_CONTEXT('',#2,'mechanical');
#2173 = PRODUCT_DEFINITION_CONTEXT('part definition',#2,'design');
#2174 = SHAPE_REPRESENTATION('',(#11,#2175),#2179);
#2175 = AXIS2_PLACEMENT_3D('',#2176,#2177,#2178);
#2176 = CARTESIAN_POINT('',(0.,-12.5,0.));
#2177 = DIRECTION('',(0.,0.,1.));
#2178 = DIRECTION('',(1.,0.,0.));
#2179 = ( GEOMETRIC_REPRESENTATION_CONTEXT(3) 
GLOBAL_UNCERTAINTY_ASSIGNED_CONTEXT((#2183)) 
GLOBAL_UNIT_ASSIGNED_CONTEXT((#2180,#2181,#2182)) REPRESENTATION_CONTEXT
('Context #1','3D Context with UNIT and UNCERTAINTY') );
#2180 = ( LENGTH_UNIT() NAMED_UNIT(*) SI_UNIT(.MILLI.,.METRE.) );
#2181 = ( NAMED_UNIT(*) PLANE_ANGLE_UNIT() SI_UNIT($,.RADIAN.) );
#2182 = ( NAMED_UNIT(*) SI_UNIT($,.STERADIAN.) SOLID_ANGLE_UNIT() );
#2183 = UNCERTAINTY_MEASURE_WITH_UNIT(LENGTH_MEASURE(1.E-04),#2180,
  'distance_accuracy_value','confusion accuracy');
#2184 = CONTEXT_DEPENDENT_SHAPE_REPRESENTATION(#2185,#2187);
#2185 = ( REPRESENTATION_RELATIONSHIP('','',#2174,#10) 
REPRESENTATION_RELATIONSHIP_WITH_TRANSFORMATION(#2186) 
SHAPE_REPRESENTATION_RELATIONSHIP() );
#2186 = ITEM_DEFINED_TRANSFORMATION('','',#11,#19);
#2187 = PRODUCT_DEFINITION_SHAPE('Placement','Placement of an item',
  #2188);
#2188 = NEXT_ASSEMBLY_USAGE_OCCURRENCE('4','Laengswand002','',#5,#2169,$
  );
#2189 = PRODUCT_RELATED_PRODUCT_CATEGORY('part',$,(#2171));
#2190 = SHAPE_DEFINITION_REPRESENTATION(#2191,#2197);
#2191 = PRODUCT_DEFINITION_SHAPE('','',#2192);
#2192 = PRODUCT_DEFINITION('design','',#2193,#2196);
#2193 = PRODUCT_DEFINITION_FORMATION('','',#2194);
#2194 = PRODUCT('Body004','Body004','',(#2195));
#2195 = PRODUCT_CONTEXT('',#2,'mechanical');
#2196 = PRODUCT_DEFINITION_CONTEXT('part definition',#2,'design');
#2197 = ADVANCED_BREP_SHAPE_REPRESENTATION('',(#11,#2198),#3942);
#2198 = MANIFOLD_SOLID_BREP('',#2199);
#2199 = CLOSED_SHELL('',(#2200,#2240,#2702,#3164,#3181,#3203,#3220,#3237
    ,#3254,#3271,#3288,#3305,#3326,#3343,#3360,#3377,#3396,#3413,#3430,
    #3447,#3464,#3481,#3498,#3515,#3537,#3554,#3571,#3593,#3610,#3627,
    #3644,#3656,#3678,#3695,#3712,#3734,#3751,#3768,#3785,#3802,#3819,
    #3836,#3853,#3870,#3882,#3898,#3914,#3928));
#2200 = ADVANCED_FACE('',(#2201),#2235,.F.);
#2201 = FACE_BOUND('',#2202,.F.);
#2202 = EDGE_LOOP('',(#2203,#2213,#2221,#2229));
#2203 = ORIENTED_EDGE('',*,*,#2204,.F.);
#2204 = EDGE_CURVE('',#2205,#2207,#2209,.T.);
#2205 = VERTEX_POINT('',#2206);
#2206 = CARTESIAN_POINT('',(63.7,1.5,-1.E-15));
#2207 = VERTEX_POINT('',#2208);
#2208 = CARTESIAN_POINT('',(73.368629150102,1.5,-1.E-15));
#2209 = LINE('',#2210,#2211);
#2210 = CARTESIAN_POINT('',(-6.5,1.5,-6.661338147751E-16));
#2211 = VECTOR('',#2212,1.);
#2212 = DIRECTION('',(1.,0.,0.));
#2213 = ORIENTED_EDGE('',*,*,#2214,.F.);
#2214 = EDGE_CURVE('',#2215,#2205,#2217,.T.);
#2215 = VERTEX_POINT('',#2216);
#2216 = CARTESIAN_POINT('',(63.7,-1.5,1.E-15));
#2217 = LINE('',#2218,#2219);
#2218 = CARTESIAN_POINT('',(63.7,-112.7858457431,2.505E-14));
#2219 = VECTOR('',#2220,1.);
#2220 = DIRECTION('',(0.,1.,-2.2E-16));
#2221 = ORIENTED_EDGE('',*,*,#2222,.T.);
#2222 = EDGE_CURVE('',#2215,#2223,#2225,.T.);
#2223 = VERTEX_POINT('',#2224);
#2224 = CARTESIAN_POINT('',(73.368629150102,-1.5,0.));
#2225 = LINE('',#2226,#2227);
#2226 = CARTESIAN_POINT('',(-6.5,-1.5,-4.440892098501E-16));
#2227 = VECTOR('',#2228,1.);
#2228 = DIRECTION('',(1.,0.,0.));
#2229 = ORIENTED_EDGE('',*,*,#2230,.F.);
#2230 = EDGE_CURVE('',#2207,#2223,#2231,.T.);
#2231 = LINE('',#2232,#2233);
#2232 = CARTESIAN_POINT('',(73.368629150102,-114.46914213,5.03E-14));
#2233 = VECTOR('',#2234,1.);
#2234 = DIRECTION('',(0.,-1.,2.2E-16));
#2235 = PLANE('',#2236);
#2236 = AXIS2_PLACEMENT_3D('',#2237,#2238,#2239);
#2237 = CARTESIAN_POINT('',(-6.5,1.5,-4.5E-16));
#2238 = DIRECTION('',(0.,2.2E-16,1.));
#2239 = DIRECTION('',(1.,0.,0.));
#2240 = ADVANCED_FACE('',(#2241),#2697,.T.);
#2241 = FACE_BOUND('',#2242,.T.);
#2242 = EDGE_LOOP('',(#2243,#2253,#2261,#2269,#2277,#2285,#2293,#2302,
    #2310,#2319,#2327,#2335,#2344,#2353,#2361,#2369,#2377,#2386,#2395,
    #2402,#2403,#2411,#2420,#2428,#2437,#2445,#2453,#2462,#2471,#2479,
    #2487,#2495,#2504,#2513,#2522,#2530,#2538,#2547,#2555,#2564,#2572,
    #2580,#2589,#2598,#2606,#2614,#2622,#2631,#2640,#2649,#2657,#2665,
    #2674,#2682,#2691));
#2243 = ORIENTED_EDGE('',*,*,#2244,.F.);
#2244 = EDGE_CURVE('',#2245,#2247,#2249,.T.);
#2245 = VERTEX_POINT('',#2246);
#2246 = CARTESIAN_POINT('',(-6.5,1.5,-1.E-15));
#2247 = VERTEX_POINT('',#2248);
#2248 = CARTESIAN_POINT('',(-1.7,1.5,-1.E-15));
#2249 = LINE('',#2250,#2251);
#2250 = CARTESIAN_POINT('',(-6.5,1.5,-6.661338147751E-16));
#2251 = VECTOR('',#2252,1.);
#2252 = DIRECTION('',(1.,0.,0.));
#2253 = ORIENTED_EDGE('',*,*,#2254,.F.);
#2254 = EDGE_CURVE('',#2255,#2245,#2257,.T.);
#2255 = VERTEX_POINT('',#2256);
#2256 = CARTESIAN_POINT('',(-6.5,1.5,35.));
#2257 = LINE('',#2258,#2259);
#2258 = CARTESIAN_POINT('',(-6.5,1.5,35.));
#2259 = VECTOR('',#2260,1.);
#2260 = DIRECTION('',(0.,2.2E-16,-1.));
#2261 = ORIENTED_EDGE('',*,*,#2262,.F.);
#2262 = EDGE_CURVE('',#2263,#2255,#2265,.T.);
#2263 = VERTEX_POINT('',#2264);
#2264 = CARTESIAN_POINT('',(99.5,1.5,35.));
#2265 = LINE('',#2266,#2267);
#2266 = CARTESIAN_POINT('',(99.5,1.5,35.));
#2267 = VECTOR('',#2268,1.);
#2268 = DIRECTION('',(-1.,0.,0.));
#2269 = ORIENTED_EDGE('',*,*,#2270,.F.);
#2270 = EDGE_CURVE('',#2271,#2263,#2273,.T.);
#2271 = VERTEX_POINT('',#2272);
#2272 = CARTESIAN_POINT('',(99.5,1.5,-1.E-15));
#2273 = LINE('',#2274,#2275);
#2274 = CARTESIAN_POINT('',(99.5,1.5,-6.661338147751E-16));
#2275 = VECTOR('',#2276,1.);
#2276 = DIRECTION('',(0.,-2.2E-16,1.));
#2277 = ORIENTED_EDGE('',*,*,#2278,.F.);
#2278 = EDGE_CURVE('',#2279,#2271,#2281,.T.);
#2279 = VERTEX_POINT('',#2280);
#2280 = CARTESIAN_POINT('',(94.7,1.5,-1.E-15));
#2281 = LINE('',#2282,#2283);
#2282 = CARTESIAN_POINT('',(-6.5,1.5,-6.661338147751E-16));
#2283 = VECTOR('',#2284,1.);
#2284 = DIRECTION('',(1.,0.,0.));
#2285 = ORIENTED_EDGE('',*,*,#2286,.T.);
#2286 = EDGE_CURVE('',#2279,#2287,#2289,.T.);
#2287 = VERTEX_POINT('',#2288);
#2288 = CARTESIAN_POINT('',(94.7,1.5,16.568629150102));
#2289 = LINE('',#2290,#2291);
#2290 = CARTESIAN_POINT('',(94.7,1.5,17.034314575051));
#2291 = VECTOR('',#2292,1.);
#2292 = DIRECTION('',(0.,0.,1.));
#2293 = ORIENTED_EDGE('',*,*,#2294,.T.);
#2294 = EDGE_CURVE('',#2287,#2295,#2297,.T.);
#2295 = VERTEX_POINT('',#2296);
#2296 = CARTESIAN_POINT('',(93.568629150102,1.5,17.7));
#2297 = CIRCLE('',#2298,0.8);
#2298 = AXIS2_PLACEMENT_3D('',#2299,#2300,#2301);
#2299 = CARTESIAN_POINT('',(94.134314575051,1.5,17.134314575051));
#2300 = DIRECTION('',(0.,-1.,2.2E-16));
#2301 = DIRECTION('',(1.,0.,0.));
#2302 = ORIENTED_EDGE('',*,*,#2303,.T.);
#2303 = EDGE_CURVE('',#2295,#2304,#2306,.T.);
#2304 = VERTEX_POINT('',#2305);
#2305 = CARTESIAN_POINT('',(92.431370849898,1.5,17.7));
#2306 = LINE('',#2307,#2308);
#2307 = CARTESIAN_POINT('',(69.465685424949,1.5,17.7));
#2308 = VECTOR('',#2309,1.);
#2309 = DIRECTION('',(-1.,0.,0.));
#2310 = ORIENTED_EDGE('',*,*,#2311,.T.);
#2311 = EDGE_CURVE('',#2304,#2312,#2314,.T.);
#2312 = VERTEX_POINT('',#2313);
#2313 = CARTESIAN_POINT('',(91.3,1.5,16.568629150102));
#2314 = CIRCLE('',#2315,0.8);
#2315 = AXIS2_PLACEMENT_3D('',#2316,#2317,#2318);
#2316 = CARTESIAN_POINT('',(91.865685424949,1.5,17.134314575051));
#2317 = DIRECTION('',(0.,-1.,2.2E-16));
#2318 = DIRECTION('',(1.,0.,0.));
#2319 = ORIENTED_EDGE('',*,*,#2320,.F.);
#2320 = EDGE_CURVE('',#2321,#2312,#2323,.T.);
#2321 = VERTEX_POINT('',#2322);
#2322 = CARTESIAN_POINT('',(91.3,1.5,-1.E-15));
#2323 = LINE('',#2324,#2325);
#2324 = CARTESIAN_POINT('',(91.3,1.5,17.034314575051));
#2325 = VECTOR('',#2326,1.);
#2326 = DIRECTION('',(0.,0.,1.));
#2327 = ORIENTED_EDGE('',*,*,#2328,.F.);
#2328 = EDGE_CURVE('',#2329,#2321,#2331,.T.);
#2329 = VERTEX_POINT('',#2330);
#2330 = CARTESIAN_POINT('',(81.631370849876,1.5,-1.E-15));
#2331 = LINE('',#2332,#2333);
#2332 = CARTESIAN_POINT('',(-6.5,1.5,-6.661338147751E-16));
#2333 = VECTOR('',#2334,1.);
#2334 = DIRECTION('',(1.,0.,0.));
#2335 = ORIENTED_EDGE('',*,*,#2336,.T.);
#2336 = EDGE_CURVE('',#2329,#2337,#2339,.T.);
#2337 = VERTEX_POINT('',#2338);
#2338 = CARTESIAN_POINT('',(80.5,1.5,0.));
#2339 = CIRCLE('',#2340,0.799999999984);
#2340 = AXIS2_PLACEMENT_3D('',#2341,#2342,#2343);
#2341 = CARTESIAN_POINT('',(81.065685424938,1.5,-0.565685424938));
#2342 = DIRECTION('',(0.,-1.,2.2E-16));
#2343 = DIRECTION('',(1.,0.,0.));
#2344 = ORIENTED_EDGE('',*,*,#2345,.T.);
#2345 = EDGE_CURVE('',#2337,#2346,#2348,.T.);
#2346 = VERTEX_POINT('',#2347);
#2347 = CARTESIAN_POINT('',(80.5,1.5,-1.131370849876));
#2348 = CIRCLE('',#2349,0.799999999984);
#2349 = AXIS2_PLACEMENT_3D('',#2350,#2351,#2352);
#2350 = CARTESIAN_POINT('',(81.065685424938,1.5,-0.565685424938));
#2351 = DIRECTION('',(0.,-1.,2.2E-16));
#2352 = DIRECTION('',(1.,0.,0.));
#2353 = ORIENTED_EDGE('',*,*,#2354,.F.);
#2354 = EDGE_CURVE('',#2355,#2346,#2357,.T.);
#2355 = VERTEX_POINT('',#2356);
#2356 = CARTESIAN_POINT('',(80.5,1.5,-5.));
#2357 = LINE('',#2358,#2359);
#2358 = CARTESIAN_POINT('',(80.5,1.5,-5.));
#2359 = VECTOR('',#2360,1.);
#2360 = DIRECTION('',(0.,-2.2E-16,1.));
#2361 = ORIENTED_EDGE('',*,*,#2362,.F.);
#2362 = EDGE_CURVE('',#2363,#2355,#2365,.T.);
#2363 = VERTEX_POINT('',#2364);
#2364 = CARTESIAN_POINT('',(74.5,1.5,-5.));
#2365 = LINE('',#2366,#2367);
#2366 = CARTESIAN_POINT('',(74.5,1.5,-5.));
#2367 = VECTOR('',#2368,1.);
#2368 = DIRECTION('',(1.,0.,0.));
#2369 = ORIENTED_EDGE('',*,*,#2370,.F.);
#2370 = EDGE_CURVE('',#2371,#2363,#2373,.T.);
#2371 = VERTEX_POINT('',#2372);
#2372 = CARTESIAN_POINT('',(74.5,1.5,-1.131370849898));
#2373 = LINE('',#2374,#2375);
#2374 = CARTESIAN_POINT('',(74.5,1.5,4.440892098501E-16));
#2375 = VECTOR('',#2376,1.);
#2376 = DIRECTION('',(0.,2.2E-16,-1.));
#2377 = ORIENTED_EDGE('',*,*,#2378,.T.);
#2378 = EDGE_CURVE('',#2371,#2379,#2381,.T.);
#2379 = VERTEX_POINT('',#2380);
#2380 = CARTESIAN_POINT('',(74.734314575051,1.5,-0.565685424949));
#2381 = CIRCLE('',#2382,0.8);
#2382 = AXIS2_PLACEMENT_3D('',#2383,#2384,#2385);
#2383 = CARTESIAN_POINT('',(73.934314575051,1.5,-0.565685424949));
#2384 = DIRECTION('',(0.,-1.,2.2E-16));
#2385 = DIRECTION('',(1.,0.,0.));
#2386 = ORIENTED_EDGE('',*,*,#2387,.T.);
#2387 = EDGE_CURVE('',#2379,#2388,#2390,.T.);
#2388 = VERTEX_POINT('',#2389);
#2389 = CARTESIAN_POINT('',(74.5,1.5,0.));
#2390 = CIRCLE('',#2391,0.8);
#2391 = AXIS2_PLACEMENT_3D('',#2392,#2393,#2394);
#2392 = CARTESIAN_POINT('',(73.934314575051,1.5,-0.565685424949));
#2393 = DIRECTION('',(0.,-1.,2.2E-16));
#2394 = DIRECTION('',(1.,0.,0.));
#2395 = ORIENTED_EDGE('',*,*,#2396,.T.);
#2396 = EDGE_CURVE('',#2388,#2207,#2397,.T.);
#2397 = CIRCLE('',#2398,0.8);
#2398 = AXIS2_PLACEMENT_3D('',#2399,#2400,#2401);
#2399 = CARTESIAN_POINT('',(73.934314575051,1.5,-0.565685424949));
#2400 = DIRECTION('',(0.,-1.,2.2E-16));
#2401 = DIRECTION('',(1.,0.,0.));
#2402 = ORIENTED_EDGE('',*,*,#2204,.F.);
#2403 = ORIENTED_EDGE('',*,*,#2404,.T.);
#2404 = EDGE_CURVE('',#2205,#2405,#2407,.T.);
#2405 = VERTEX_POINT('',#2406);
#2406 = CARTESIAN_POINT('',(63.7,1.5,16.568629150102));
#2407 = LINE('',#2408,#2409);
#2408 = CARTESIAN_POINT('',(63.7,1.5,17.034314575051));
#2409 = VECTOR('',#2410,1.);
#2410 = DIRECTION('',(0.,0.,1.));
#2411 = ORIENTED_EDGE('',*,*,#2412,.T.);
#2412 = EDGE_CURVE('',#2405,#2413,#2415,.T.);
#2413 = VERTEX_POINT('',#2414);
#2414 = CARTESIAN_POINT('',(62.568629150102,1.5,17.7));
#2415 = CIRCLE('',#2416,0.8);
#2416 = AXIS2_PLACEMENT_3D('',#2417,#2418,#2419);
#2417 = CARTESIAN_POINT('',(63.134314575051,1.5,17.134314575051));
#2418 = DIRECTION('',(0.,-1.,2.2E-16));
#2419 = DIRECTION('',(1.,0.,0.));
#2420 = ORIENTED_EDGE('',*,*,#2421,.T.);
#2421 = EDGE_CURVE('',#2413,#2422,#2424,.T.);
#2422 = VERTEX_POINT('',#2423);
#2423 = CARTESIAN_POINT('',(61.431370849898,1.5,17.7));
#2424 = LINE('',#2425,#2426);
#2425 = CARTESIAN_POINT('',(53.965685424949,1.5,17.7));
#2426 = VECTOR('',#2427,1.);
#2427 = DIRECTION('',(-1.,0.,0.));
#2428 = ORIENTED_EDGE('',*,*,#2429,.T.);
#2429 = EDGE_CURVE('',#2422,#2430,#2432,.T.);
#2430 = VERTEX_POINT('',#2431);
#2431 = CARTESIAN_POINT('',(60.3,1.5,16.568629150102));
#2432 = CIRCLE('',#2433,0.8);
#2433 = AXIS2_PLACEMENT_3D('',#2434,#2435,#2436);
#2434 = CARTESIAN_POINT('',(60.865685424949,1.5,17.134314575051));
#2435 = DIRECTION('',(0.,-1.,2.2E-16));
#2436 = DIRECTION('',(1.,0.,0.));
#2437 = ORIENTED_EDGE('',*,*,#2438,.F.);
#2438 = EDGE_CURVE('',#2439,#2430,#2441,.T.);
#2439 = VERTEX_POINT('',#2440);
#2440 = CARTESIAN_POINT('',(60.3,1.5,-1.E-15));
#2441 = LINE('',#2442,#2443);
#2442 = CARTESIAN_POINT('',(60.3,1.5,17.034314575051));
#2443 = VECTOR('',#2444,1.);
#2444 = DIRECTION('',(0.,0.,1.));
#2445 = ORIENTED_EDGE('',*,*,#2446,.F.);
#2446 = EDGE_CURVE('',#2447,#2439,#2449,.T.);
#2447 = VERTEX_POINT('',#2448);
#2448 = CARTESIAN_POINT('',(50.631370849876,1.5,-1.E-15));
#2449 = LINE('',#2450,#2451);
#2450 = CARTESIAN_POINT('',(-6.5,1.5,-6.661338147751E-16));
#2451 = VECTOR('',#2452,1.);
#2452 = DIRECTION('',(1.,0.,0.));
#2453 = ORIENTED_EDGE('',*,*,#2454,.T.);
#2454 = EDGE_CURVE('',#2447,#2455,#2457,.T.);
#2455 = VERTEX_POINT('',#2456);
#2456 = CARTESIAN_POINT('',(49.5,1.5,0.));
#2457 = CIRCLE('',#2458,0.799999999984);
#2458 = AXIS2_PLACEMENT_3D('',#2459,#2460,#2461);
#2459 = CARTESIAN_POINT('',(50.065685424938,1.5,-0.565685424938));
#2460 = DIRECTION('',(0.,-1.,2.2E-16));
#2461 = DIRECTION('',(1.,0.,0.));
#2462 = ORIENTED_EDGE('',*,*,#2463,.T.);
#2463 = EDGE_CURVE('',#2455,#2464,#2466,.T.);
#2464 = VERTEX_POINT('',#2465);
#2465 = CARTESIAN_POINT('',(49.5,1.5,-1.131370849876));
#2466 = CIRCLE('',#2467,0.799999999984);
#2467 = AXIS2_PLACEMENT_3D('',#2468,#2469,#2470);
#2468 = CARTESIAN_POINT('',(50.065685424938,1.5,-0.565685424938));
#2469 = DIRECTION('',(0.,-1.,2.2E-16));
#2470 = DIRECTION('',(1.,0.,0.));
#2471 = ORIENTED_EDGE('',*,*,#2472,.F.);
#2472 = EDGE_CURVE('',#2473,#2464,#2475,.T.);
#2473 = VERTEX_POINT('',#2474);
#2474 = CARTESIAN_POINT('',(49.5,1.5,-5.));
#2475 = LINE('',#2476,#2477);
#2476 = CARTESIAN_POINT('',(49.5,1.5,-5.));
#2477 = VECTOR('',#2478,1.);
#2478 = DIRECTION('',(0.,-2.2E-16,1.));
#2479 = ORIENTED_EDGE('',*,*,#2480,.F.);
#2480 = EDGE_CURVE('',#2481,#2473,#2483,.T.);
#2481 = VERTEX_POINT('',#2482);
#2482 = CARTESIAN_POINT('',(43.5,1.5,-5.));
#2483 = LINE('',#2484,#2485);
#2484 = CARTESIAN_POINT('',(43.5,1.5,-5.));
#2485 = VECTOR('',#2486,1.);
#2486 = DIRECTION('',(1.,0.,0.));
#2487 = ORIENTED_EDGE('',*,*,#2488,.F.);
#2488 = EDGE_CURVE('',#2489,#2481,#2491,.T.);
#2489 = VERTEX_POINT('',#2490);
#2490 = CARTESIAN_POINT('',(43.5,1.5,-1.131370849898));
#2491 = LINE('',#2492,#2493);
#2492 = CARTESIAN_POINT('',(43.5,1.5,4.440892098501E-16));
#2493 = VECTOR('',#2494,1.);
#2494 = DIRECTION('',(0.,2.2E-16,-1.));
#2495 = ORIENTED_EDGE('',*,*,#2496,.T.);
#2496 = EDGE_CURVE('',#2489,#2497,#2499,.T.);
#2497 = VERTEX_POINT('',#2498);
#2498 = CARTESIAN_POINT('',(43.734314575051,1.5,-0.565685424949));
#2499 = CIRCLE('',#2500,0.8);
#2500 = AXIS2_PLACEMENT_3D('',#2501,#2502,#2503);
#2501 = CARTESIAN_POINT('',(42.934314575051,1.5,-0.565685424949));
#2502 = DIRECTION('',(0.,-1.,2.2E-16));
#2503 = DIRECTION('',(1.,0.,0.));
#2504 = ORIENTED_EDGE('',*,*,#2505,.T.);
#2505 = EDGE_CURVE('',#2497,#2506,#2508,.T.);
#2506 = VERTEX_POINT('',#2507);
#2507 = CARTESIAN_POINT('',(43.5,1.5,0.));
#2508 = CIRCLE('',#2509,0.8);
#2509 = AXIS2_PLACEMENT_3D('',#2510,#2511,#2512);
#2510 = CARTESIAN_POINT('',(42.934314575051,1.5,-0.565685424949));
#2511 = DIRECTION('',(0.,-1.,2.2E-16));
#2512 = DIRECTION('',(1.,0.,0.));
#2513 = ORIENTED_EDGE('',*,*,#2514,.T.);
#2514 = EDGE_CURVE('',#2506,#2515,#2517,.T.);
#2515 = VERTEX_POINT('',#2516);
#2516 = CARTESIAN_POINT('',(42.368629150101,1.5,-1.E-15));
#2517 = CIRCLE('',#2518,0.8);
#2518 = AXIS2_PLACEMENT_3D('',#2519,#2520,#2521);
#2519 = CARTESIAN_POINT('',(42.934314575051,1.5,-0.565685424949));
#2520 = DIRECTION('',(0.,-1.,2.2E-16));
#2521 = DIRECTION('',(1.,0.,0.));
#2522 = ORIENTED_EDGE('',*,*,#2523,.F.);
#2523 = EDGE_CURVE('',#2524,#2515,#2526,.T.);
#2524 = VERTEX_POINT('',#2525);
#2525 = CARTESIAN_POINT('',(32.7,1.5,-1.E-15));
#2526 = LINE('',#2527,#2528);
#2527 = CARTESIAN_POINT('',(-6.5,1.5,-6.661338147751E-16));
#2528 = VECTOR('',#2529,1.);
#2529 = DIRECTION('',(1.,0.,0.));
#2530 = ORIENTED_EDGE('',*,*,#2531,.T.);
#2531 = EDGE_CURVE('',#2524,#2532,#2534,.T.);
#2532 = VERTEX_POINT('',#2533);
#2533 = CARTESIAN_POINT('',(32.7,1.5,16.568629150102));
#2534 = LINE('',#2535,#2536);
#2535 = CARTESIAN_POINT('',(32.7,1.5,17.034314575051));
#2536 = VECTOR('',#2537,1.);
#2537 = DIRECTION('',(0.,0.,1.));
#2538 = ORIENTED_EDGE('',*,*,#2539,.T.);
#2539 = EDGE_CURVE('',#2532,#2540,#2542,.T.);
#2540 = VERTEX_POINT('',#2541);
#2541 = CARTESIAN_POINT('',(31.568629150102,1.5,17.7));
#2542 = CIRCLE('',#2543,0.8);
#2543 = AXIS2_PLACEMENT_3D('',#2544,#2545,#2546);
#2544 = CARTESIAN_POINT('',(32.134314575051,1.5,17.134314575051));
#2545 = DIRECTION('',(0.,-1.,2.2E-16));
#2546 = DIRECTION('',(1.,0.,0.));
#2547 = ORIENTED_EDGE('',*,*,#2548,.T.);
#2548 = EDGE_CURVE('',#2540,#2549,#2551,.T.);
#2549 = VERTEX_POINT('',#2550);
#2550 = CARTESIAN_POINT('',(30.431370849898,1.5,17.7));
#2551 = LINE('',#2552,#2553);
#2552 = CARTESIAN_POINT('',(38.465685424949,1.5,17.7));
#2553 = VECTOR('',#2554,1.);
#2554 = DIRECTION('',(-1.,0.,0.));
#2555 = ORIENTED_EDGE('',*,*,#2556,.T.);
#2556 = EDGE_CURVE('',#2549,#2557,#2559,.T.);
#2557 = VERTEX_POINT('',#2558);
#2558 = CARTESIAN_POINT('',(29.3,1.5,16.568629150102));
#2559 = CIRCLE('',#2560,0.8);
#2560 = AXIS2_PLACEMENT_3D('',#2561,#2562,#2563);
#2561 = CARTESIAN_POINT('',(29.865685424949,1.5,17.134314575051));
#2562 = DIRECTION('',(0.,-1.,2.2E-16));
#2563 = DIRECTION('',(1.,0.,0.));
#2564 = ORIENTED_EDGE('',*,*,#2565,.F.);
#2565 = EDGE_CURVE('',#2566,#2557,#2568,.T.);
#2566 = VERTEX_POINT('',#2567);
#2567 = CARTESIAN_POINT('',(29.3,1.5,-1.E-15));
#2568 = LINE('',#2569,#2570);
#2569 = CARTESIAN_POINT('',(29.3,1.5,17.034314575051));
#2570 = VECTOR('',#2571,1.);
#2571 = DIRECTION('',(0.,0.,1.));
#2572 = ORIENTED_EDGE('',*,*,#2573,.F.);
#2573 = EDGE_CURVE('',#2574,#2566,#2576,.T.);
#2574 = VERTEX_POINT('',#2575);
#2575 = CARTESIAN_POINT('',(19.631370849876,1.5,-1.E-15));
#2576 = LINE('',#2577,#2578);
#2577 = CARTESIAN_POINT('',(-6.5,1.5,-6.661338147751E-16));
#2578 = VECTOR('',#2579,1.);
#2579 = DIRECTION('',(1.,0.,0.));
#2580 = ORIENTED_EDGE('',*,*,#2581,.T.);
#2581 = EDGE_CURVE('',#2574,#2582,#2584,.T.);
#2582 = VERTEX_POINT('',#2583);
#2583 = CARTESIAN_POINT('',(18.5,1.5,0.));
#2584 = CIRCLE('',#2585,0.799999999984);
#2585 = AXIS2_PLACEMENT_3D('',#2586,#2587,#2588);
#2586 = CARTESIAN_POINT('',(19.065685424938,1.5,-0.565685424938));
#2587 = DIRECTION('',(0.,-1.,2.2E-16));
#2588 = DIRECTION('',(1.,0.,0.));
#2589 = ORIENTED_EDGE('',*,*,#2590,.T.);
#2590 = EDGE_CURVE('',#2582,#2591,#2593,.T.);
#2591 = VERTEX_POINT('',#2592);
#2592 = CARTESIAN_POINT('',(18.5,1.5,-1.131370849876));
#2593 = CIRCLE('',#2594,0.799999999984);
#2594 = AXIS2_PLACEMENT_3D('',#2595,#2596,#2597);
#2595 = CARTESIAN_POINT('',(19.065685424938,1.5,-0.565685424938));
#2596 = DIRECTION('',(0.,-1.,2.2E-16));
#2597 = DIRECTION('',(1.,0.,0.));
#2598 = ORIENTED_EDGE('',*,*,#2599,.F.);
#2599 = EDGE_CURVE('',#2600,#2591,#2602,.T.);
#2600 = VERTEX_POINT('',#2601);
#2601 = CARTESIAN_POINT('',(18.5,1.5,-5.));
#2602 = LINE('',#2603,#2604);
#2603 = CARTESIAN_POINT('',(18.5,1.5,-5.));
#2604 = VECTOR('',#2605,1.);
#2605 = DIRECTION('',(0.,-2.2E-16,1.));
#2606 = ORIENTED_EDGE('',*,*,#2607,.F.);
#2607 = EDGE_CURVE('',#2608,#2600,#2610,.T.);
#2608 = VERTEX_POINT('',#2609);
#2609 = CARTESIAN_POINT('',(12.5,1.5,-5.));
#2610 = LINE('',#2611,#2612);
#2611 = CARTESIAN_POINT('',(12.5,1.5,-5.));
#2612 = VECTOR('',#2613,1.);
#2613 = DIRECTION('',(1.,0.,0.));
#2614 = ORIENTED_EDGE('',*,*,#2615,.F.);
#2615 = EDGE_CURVE('',#2616,#2608,#2618,.T.);
#2616 = VERTEX_POINT('',#2617);
#2617 = CARTESIAN_POINT('',(12.5,1.5,-1.131370849898));
#2618 = LINE('',#2619,#2620);
#2619 = CARTESIAN_POINT('',(12.5,1.5,4.440892098501E-16));
#2620 = VECTOR('',#2621,1.);
#2621 = DIRECTION('',(0.,2.2E-16,-1.));
#2622 = ORIENTED_EDGE('',*,*,#2623,.T.);
#2623 = EDGE_CURVE('',#2616,#2624,#2626,.T.);
#2624 = VERTEX_POINT('',#2625);
#2625 = CARTESIAN_POINT('',(12.734314575051,1.5,-0.565685424949));
#2626 = CIRCLE('',#2627,0.8);
#2627 = AXIS2_PLACEMENT_3D('',#2628,#2629,#2630);
#2628 = CARTESIAN_POINT('',(11.934314575051,1.5,-0.565685424949));
#2629 = DIRECTION('',(0.,-1.,2.2E-16));
#2630 = DIRECTION('',(1.,0.,0.));
#2631 = ORIENTED_EDGE('',*,*,#2632,.T.);
#2632 = EDGE_CURVE('',#2624,#2633,#2635,.T.);
#2633 = VERTEX_POINT('',#2634);
#2634 = CARTESIAN_POINT('',(12.5,1.5,0.));
#2635 = CIRCLE('',#2636,0.8);
#2636 = AXIS2_PLACEMENT_3D('',#2637,#2638,#2639);
#2637 = CARTESIAN_POINT('',(11.934314575051,1.5,-0.565685424949));
#2638 = DIRECTION('',(0.,-1.,2.2E-16));
#2639 = DIRECTION('',(1.,0.,0.));
#2640 = ORIENTED_EDGE('',*,*,#2641,.T.);
#2641 = EDGE_CURVE('',#2633,#2642,#2644,.T.);
#2642 = VERTEX_POINT('',#2643);
#2643 = CARTESIAN_POINT('',(11.368629150101,1.5,-1.E-15));
#2644 = CIRCLE('',#2645,0.8);
#2645 = AXIS2_PLACEMENT_3D('',#2646,#2647,#2648);
#2646 = CARTESIAN_POINT('',(11.934314575051,1.5,-0.565685424949));
#2647 = DIRECTION('',(0.,-1.,2.2E-16));
#2648 = DIRECTION('',(1.,0.,0.));
#2649 = ORIENTED_EDGE('',*,*,#2650,.F.);
#2650 = EDGE_CURVE('',#2651,#2642,#2653,.T.);
#2651 = VERTEX_POINT('',#2652);
#2652 = CARTESIAN_POINT('',(1.7,1.5,-1.E-15));
#2653 = LINE('',#2654,#2655);
#2654 = CARTESIAN_POINT('',(-6.5,1.5,-6.661338147751E-16));
#2655 = VECTOR('',#2656,1.);
#2656 = DIRECTION('',(1.,0.,0.));
#2657 = ORIENTED_EDGE('',*,*,#2658,.T.);
#2658 = EDGE_CURVE('',#2651,#2659,#2661,.T.);
#2659 = VERTEX_POINT('',#2660);
#2660 = CARTESIAN_POINT('',(1.7,1.5,16.568629150102));
#2661 = LINE('',#2662,#2663);
#2662 = CARTESIAN_POINT('',(1.7,1.5,17.034314575051));
#2663 = VECTOR('',#2664,1.);
#2664 = DIRECTION('',(0.,0.,1.));
#2665 = ORIENTED_EDGE('',*,*,#2666,.T.);
#2666 = EDGE_CURVE('',#2659,#2667,#2669,.T.);
#2667 = VERTEX_POINT('',#2668);
#2668 = CARTESIAN_POINT('',(0.568629150102,1.5,17.7));
#2669 = CIRCLE('',#2670,0.8);
#2670 = AXIS2_PLACEMENT_3D('',#2671,#2672,#2673);
#2671 = CARTESIAN_POINT('',(1.134314575051,1.5,17.134314575051));
#2672 = DIRECTION('',(0.,-1.,2.2E-16));
#2673 = DIRECTION('',(1.,0.,0.));
#2674 = ORIENTED_EDGE('',*,*,#2675,.T.);
#2675 = EDGE_CURVE('',#2667,#2676,#2678,.T.);
#2676 = VERTEX_POINT('',#2677);
#2677 = CARTESIAN_POINT('',(-0.568629150102,1.5,17.7));
#2678 = LINE('',#2679,#2680);
#2679 = CARTESIAN_POINT('',(22.965685424949,1.5,17.7));
#2680 = VECTOR('',#2681,1.);
#2681 = DIRECTION('',(-1.,0.,0.));
#2682 = ORIENTED_EDGE('',*,*,#2683,.T.);
#2683 = EDGE_CURVE('',#2676,#2684,#2686,.T.);
#2684 = VERTEX_POINT('',#2685);
#2685 = CARTESIAN_POINT('',(-1.7,1.5,16.568629150102));
#2686 = CIRCLE('',#2687,0.8);
#2687 = AXIS2_PLACEMENT_3D('',#2688,#2689,#2690);
#2688 = CARTESIAN_POINT('',(-1.134314575051,1.5,17.134314575051));
#2689 = DIRECTION('',(0.,-1.,2.2E-16));
#2690 = DIRECTION('',(1.,0.,0.));
#2691 = ORIENTED_EDGE('',*,*,#2692,.F.);
#2692 = EDGE_CURVE('',#2247,#2684,#2693,.T.);
#2693 = LINE('',#2694,#2695);
#2694 = CARTESIAN_POINT('',(-1.7,1.5,17.034314575051));
#2695 = VECTOR('',#2696,1.);
#2696 = DIRECTION('',(0.,0.,1.));
#2697 = PLANE('',#2698);
#2698 = AXIS2_PLACEMENT_3D('',#2699,#2700,#2701);
#2699 = CARTESIAN_POINT('',(46.5,1.5,13.819819729211));
#2700 = DIRECTION('',(0.,1.,-1.E-17));
#2701 = DIRECTION('',(0.,-1.E-17,-1.));
#2702 = ADVANCED_FACE('',(#2703),#3159,.T.);
#2703 = FACE_BOUND('',#2704,.T.);
#2704 = EDGE_LOOP('',(#2705,#2715,#2723,#2731,#2739,#2748,#2756,#2765,
    #2773,#2781,#2790,#2799,#2808,#2816,#2824,#2832,#2841,#2850,#2858,
    #2866,#2875,#2883,#2892,#2900,#2908,#2917,#2926,#2935,#2943,#2951,
    #2959,#2968,#2977,#2985,#2993,#3002,#3010,#3019,#3025,#3026,#3035,
    #3044,#3053,#3061,#3069,#3077,#3086,#3095,#3103,#3111,#3120,#3128,
    #3137,#3145,#3153));
#2705 = ORIENTED_EDGE('',*,*,#2706,.T.);
#2706 = EDGE_CURVE('',#2707,#2709,#2711,.T.);
#2707 = VERTEX_POINT('',#2708);
#2708 = CARTESIAN_POINT('',(99.5,-1.5,35.));
#2709 = VERTEX_POINT('',#2710);
#2710 = CARTESIAN_POINT('',(-6.5,-1.5,35.));
#2711 = LINE('',#2712,#2713);
#2712 = CARTESIAN_POINT('',(99.5,-1.5,35.));
#2713 = VECTOR('',#2714,1.);
#2714 = DIRECTION('',(-1.,0.,0.));
#2715 = ORIENTED_EDGE('',*,*,#2716,.T.);
#2716 = EDGE_CURVE('',#2709,#2717,#2719,.T.);
#2717 = VERTEX_POINT('',#2718);
#2718 = CARTESIAN_POINT('',(-6.5,-1.5,0.));
#2719 = LINE('',#2720,#2721);
#2720 = CARTESIAN_POINT('',(-6.5,-1.5,35.));
#2721 = VECTOR('',#2722,1.);
#2722 = DIRECTION('',(0.,2.2E-16,-1.));
#2723 = ORIENTED_EDGE('',*,*,#2724,.T.);
#2724 = EDGE_CURVE('',#2717,#2725,#2727,.T.);
#2725 = VERTEX_POINT('',#2726);
#2726 = CARTESIAN_POINT('',(-1.7,-1.5,1.E-15));
#2727 = LINE('',#2728,#2729);
#2728 = CARTESIAN_POINT('',(-6.5,-1.5,-4.440892098501E-16));
#2729 = VECTOR('',#2730,1.);
#2730 = DIRECTION('',(1.,0.,0.));
#2731 = ORIENTED_EDGE('',*,*,#2732,.T.);
#2732 = EDGE_CURVE('',#2725,#2733,#2735,.T.);
#2733 = VERTEX_POINT('',#2734);
#2734 = CARTESIAN_POINT('',(-1.7,-1.5,16.568629150102));
#2735 = LINE('',#2736,#2737);
#2736 = CARTESIAN_POINT('',(-1.7,-1.5,17.034314575051));
#2737 = VECTOR('',#2738,1.);
#2738 = DIRECTION('',(0.,0.,1.));
#2739 = ORIENTED_EDGE('',*,*,#2740,.F.);
#2740 = EDGE_CURVE('',#2741,#2733,#2743,.T.);
#2741 = VERTEX_POINT('',#2742);
#2742 = CARTESIAN_POINT('',(-0.568629150102,-1.5,17.7));
#2743 = CIRCLE('',#2744,0.8);
#2744 = AXIS2_PLACEMENT_3D('',#2745,#2746,#2747);
#2745 = CARTESIAN_POINT('',(-1.134314575051,-1.5,17.134314575051));
#2746 = DIRECTION('',(0.,-1.,2.2E-16));
#2747 = DIRECTION('',(1.,0.,0.));
#2748 = ORIENTED_EDGE('',*,*,#2749,.F.);
#2749 = EDGE_CURVE('',#2750,#2741,#2752,.T.);
#2750 = VERTEX_POINT('',#2751);
#2751 = CARTESIAN_POINT('',(0.568629150102,-1.5,17.7));
#2752 = LINE('',#2753,#2754);
#2753 = CARTESIAN_POINT('',(22.965685424949,-1.5,17.7));
#2754 = VECTOR('',#2755,1.);
#2755 = DIRECTION('',(-1.,0.,0.));
#2756 = ORIENTED_EDGE('',*,*,#2757,.F.);
#2757 = EDGE_CURVE('',#2758,#2750,#2760,.T.);
#2758 = VERTEX_POINT('',#2759);
#2759 = CARTESIAN_POINT('',(1.7,-1.5,16.568629150102));
#2760 = CIRCLE('',#2761,0.8);
#2761 = AXIS2_PLACEMENT_3D('',#2762,#2763,#2764);
#2762 = CARTESIAN_POINT('',(1.134314575051,-1.5,17.134314575051));
#2763 = DIRECTION('',(0.,-1.,2.2E-16));
#2764 = DIRECTION('',(1.,0.,0.));
#2765 = ORIENTED_EDGE('',*,*,#2766,.F.);
#2766 = EDGE_CURVE('',#2767,#2758,#2769,.T.);
#2767 = VERTEX_POINT('',#2768);
#2768 = CARTESIAN_POINT('',(1.7,-1.5,1.E-15));
#2769 = LINE('',#2770,#2771);
#2770 = CARTESIAN_POINT('',(1.7,-1.5,17.034314575051));
#2771 = VECTOR('',#2772,1.);
#2772 = DIRECTION('',(0.,0.,1.));
#2773 = ORIENTED_EDGE('',*,*,#2774,.T.);
#2774 = EDGE_CURVE('',#2767,#2775,#2777,.T.);
#2775 = VERTEX_POINT('',#2776);
#2776 = CARTESIAN_POINT('',(11.368629150101,-1.5,0.));
#2777 = LINE('',#2778,#2779);
#2778 = CARTESIAN_POINT('',(-6.5,-1.5,-4.440892098501E-16));
#2779 = VECTOR('',#2780,1.);
#2780 = DIRECTION('',(1.,0.,0.));
#2781 = ORIENTED_EDGE('',*,*,#2782,.F.);
#2782 = EDGE_CURVE('',#2783,#2775,#2785,.T.);
#2783 = VERTEX_POINT('',#2784);
#2784 = CARTESIAN_POINT('',(12.5,-1.5,0.));
#2785 = CIRCLE('',#2786,0.8);
#2786 = AXIS2_PLACEMENT_3D('',#2787,#2788,#2789);
#2787 = CARTESIAN_POINT('',(11.934314575051,-1.5,-0.565685424949));
#2788 = DIRECTION('',(0.,-1.,2.2E-16));
#2789 = DIRECTION('',(1.,0.,0.));
#2790 = ORIENTED_EDGE('',*,*,#2791,.F.);
#2791 = EDGE_CURVE('',#2792,#2783,#2794,.T.);
#2792 = VERTEX_POINT('',#2793);
#2793 = CARTESIAN_POINT('',(12.734314575051,-1.5,-0.565685424949));
#2794 = CIRCLE('',#2795,0.8);
#2795 = AXIS2_PLACEMENT_3D('',#2796,#2797,#2798);
#2796 = CARTESIAN_POINT('',(11.934314575051,-1.5,-0.565685424949));
#2797 = DIRECTION('',(0.,-1.,2.2E-16));
#2798 = DIRECTION('',(1.,0.,0.));
#2799 = ORIENTED_EDGE('',*,*,#2800,.F.);
#2800 = EDGE_CURVE('',#2801,#2792,#2803,.T.);
#2801 = VERTEX_POINT('',#2802);
#2802 = CARTESIAN_POINT('',(12.5,-1.5,-1.131370849898));
#2803 = CIRCLE('',#2804,0.8);
#2804 = AXIS2_PLACEMENT_3D('',#2805,#2806,#2807);
#2805 = CARTESIAN_POINT('',(11.934314575051,-1.5,-0.565685424949));
#2806 = DIRECTION('',(0.,-1.,2.2E-16));
#2807 = DIRECTION('',(1.,0.,0.));
#2808 = ORIENTED_EDGE('',*,*,#2809,.T.);
#2809 = EDGE_CURVE('',#2801,#2810,#2812,.T.);
#2810 = VERTEX_POINT('',#2811);
#2811 = CARTESIAN_POINT('',(12.5,-1.5,-5.));
#2812 = LINE('',#2813,#2814);
#2813 = CARTESIAN_POINT('',(12.5,-1.5,-4.440892098501E-16));
#2814 = VECTOR('',#2815,1.);
#2815 = DIRECTION('',(0.,2.2E-16,-1.));
#2816 = ORIENTED_EDGE('',*,*,#2817,.T.);
#2817 = EDGE_CURVE('',#2810,#2818,#2820,.T.);
#2818 = VERTEX_POINT('',#2819);
#2819 = CARTESIAN_POINT('',(18.5,-1.5,-5.));
#2820 = LINE('',#2821,#2822);
#2821 = CARTESIAN_POINT('',(12.5,-1.5,-5.));
#2822 = VECTOR('',#2823,1.);
#2823 = DIRECTION('',(1.,0.,0.));
#2824 = ORIENTED_EDGE('',*,*,#2825,.T.);
#2825 = EDGE_CURVE('',#2818,#2826,#2828,.T.);
#2826 = VERTEX_POINT('',#2827);
#2827 = CARTESIAN_POINT('',(18.5,-1.5,-1.131370849876));
#2828 = LINE('',#2829,#2830);
#2829 = CARTESIAN_POINT('',(18.5,-1.5,-5.));
#2830 = VECTOR('',#2831,1.);
#2831 = DIRECTION('',(0.,-2.2E-16,1.));
#2832 = ORIENTED_EDGE('',*,*,#2833,.F.);
#2833 = EDGE_CURVE('',#2834,#2826,#2836,.T.);
#2834 = VERTEX_POINT('',#2835);
#2835 = CARTESIAN_POINT('',(18.5,-1.5,0.));
#2836 = CIRCLE('',#2837,0.799999999984);
#2837 = AXIS2_PLACEMENT_3D('',#2838,#2839,#2840);
#2838 = CARTESIAN_POINT('',(19.065685424938,-1.5,-0.565685424938));
#2839 = DIRECTION('',(0.,-1.,2.2E-16));
#2840 = DIRECTION('',(1.,0.,0.));
#2841 = ORIENTED_EDGE('',*,*,#2842,.F.);
#2842 = EDGE_CURVE('',#2843,#2834,#2845,.T.);
#2843 = VERTEX_POINT('',#2844);
#2844 = CARTESIAN_POINT('',(19.631370849876,-1.5,0.));
#2845 = CIRCLE('',#2846,0.799999999984);
#2846 = AXIS2_PLACEMENT_3D('',#2847,#2848,#2849);
#2847 = CARTESIAN_POINT('',(19.065685424938,-1.5,-0.565685424938));
#2848 = DIRECTION('',(0.,-1.,2.2E-16));
#2849 = DIRECTION('',(1.,0.,0.));
#2850 = ORIENTED_EDGE('',*,*,#2851,.T.);
#2851 = EDGE_CURVE('',#2843,#2852,#2854,.T.);
#2852 = VERTEX_POINT('',#2853);
#2853 = CARTESIAN_POINT('',(29.3,-1.5,1.E-15));
#2854 = LINE('',#2855,#2856);
#2855 = CARTESIAN_POINT('',(-6.5,-1.5,-4.440892098501E-16));
#2856 = VECTOR('',#2857,1.);
#2857 = DIRECTION('',(1.,0.,0.));
#2858 = ORIENTED_EDGE('',*,*,#2859,.T.);
#2859 = EDGE_CURVE('',#2852,#2860,#2862,.T.);
#2860 = VERTEX_POINT('',#2861);
#2861 = CARTESIAN_POINT('',(29.3,-1.5,16.568629150102));
#2862 = LINE('',#2863,#2864);
#2863 = CARTESIAN_POINT('',(29.3,-1.5,17.034314575051));
#2864 = VECTOR('',#2865,1.);
#2865 = DIRECTION('',(0.,0.,1.));
#2866 = ORIENTED_EDGE('',*,*,#2867,.F.);
#2867 = EDGE_CURVE('',#2868,#2860,#2870,.T.);
#2868 = VERTEX_POINT('',#2869);
#2869 = CARTESIAN_POINT('',(30.431370849898,-1.5,17.7));
#2870 = CIRCLE('',#2871,0.8);
#2871 = AXIS2_PLACEMENT_3D('',#2872,#2873,#2874);
#2872 = CARTESIAN_POINT('',(29.865685424949,-1.5,17.134314575051));
#2873 = DIRECTION('',(0.,-1.,2.2E-16));
#2874 = DIRECTION('',(1.,0.,0.));
#2875 = ORIENTED_EDGE('',*,*,#2876,.F.);
#2876 = EDGE_CURVE('',#2877,#2868,#2879,.T.);
#2877 = VERTEX_POINT('',#2878);
#2878 = CARTESIAN_POINT('',(31.568629150102,-1.5,17.7));
#2879 = LINE('',#2880,#2881);
#2880 = CARTESIAN_POINT('',(38.465685424949,-1.5,17.7));
#2881 = VECTOR('',#2882,1.);
#2882 = DIRECTION('',(-1.,0.,0.));
#2883 = ORIENTED_EDGE('',*,*,#2884,.F.);
#2884 = EDGE_CURVE('',#2885,#2877,#2887,.T.);
#2885 = VERTEX_POINT('',#2886);
#2886 = CARTESIAN_POINT('',(32.7,-1.5,16.568629150102));
#2887 = CIRCLE('',#2888,0.8);
#2888 = AXIS2_PLACEMENT_3D('',#2889,#2890,#2891);
#2889 = CARTESIAN_POINT('',(32.134314575051,-1.5,17.134314575051));
#2890 = DIRECTION('',(0.,-1.,2.2E-16));
#2891 = DIRECTION('',(1.,0.,0.));
#2892 = ORIENTED_EDGE('',*,*,#2893,.F.);
#2893 = EDGE_CURVE('',#2894,#2885,#2896,.T.);
#2894 = VERTEX_POINT('',#2895);
#2895 = CARTESIAN_POINT('',(32.7,-1.5,1.E-15));
#2896 = LINE('',#2897,#2898);
#2897 = CARTESIAN_POINT('',(32.7,-1.5,17.034314575051));
#2898 = VECTOR('',#2899,1.);
#2899 = DIRECTION('',(0.,0.,1.));
#2900 = ORIENTED_EDGE('',*,*,#2901,.T.);
#2901 = EDGE_CURVE('',#2894,#2902,#2904,.T.);
#2902 = VERTEX_POINT('',#2903);
#2903 = CARTESIAN_POINT('',(42.368629150101,-1.5,0.));
#2904 = LINE('',#2905,#2906);
#2905 = CARTESIAN_POINT('',(-6.5,-1.5,-4.440892098501E-16));
#2906 = VECTOR('',#2907,1.);
#2907 = DIRECTION('',(1.,0.,0.));
#2908 = ORIENTED_EDGE('',*,*,#2909,.F.);
#2909 = EDGE_CURVE('',#2910,#2902,#2912,.T.);
#2910 = VERTEX_POINT('',#2911);
#2911 = CARTESIAN_POINT('',(43.5,-1.5,0.));
#2912 = CIRCLE('',#2913,0.8);
#2913 = AXIS2_PLACEMENT_3D('',#2914,#2915,#2916);
#2914 = CARTESIAN_POINT('',(42.934314575051,-1.5,-0.565685424949));
#2915 = DIRECTION('',(0.,-1.,2.2E-16));
#2916 = DIRECTION('',(1.,0.,0.));
#2917 = ORIENTED_EDGE('',*,*,#2918,.F.);
#2918 = EDGE_CURVE('',#2919,#2910,#2921,.T.);
#2919 = VERTEX_POINT('',#2920);
#2920 = CARTESIAN_POINT('',(43.734314575051,-1.5,-0.565685424949));
#2921 = CIRCLE('',#2922,0.8);
#2922 = AXIS2_PLACEMENT_3D('',#2923,#2924,#2925);
#2923 = CARTESIAN_POINT('',(42.934314575051,-1.5,-0.565685424949));
#2924 = DIRECTION('',(0.,-1.,2.2E-16));
#2925 = DIRECTION('',(1.,0.,0.));
#2926 = ORIENTED_EDGE('',*,*,#2927,.F.);
#2927 = EDGE_CURVE('',#2928,#2919,#2930,.T.);
#2928 = VERTEX_POINT('',#2929);
#2929 = CARTESIAN_POINT('',(43.5,-1.5,-1.131370849898));
#2930 = CIRCLE('',#2931,0.8);
#2931 = AXIS2_PLACEMENT_3D('',#2932,#2933,#2934);
#2932 = CARTESIAN_POINT('',(42.934314575051,-1.5,-0.565685424949));
#2933 = DIRECTION('',(0.,-1.,2.2E-16));
#2934 = DIRECTION('',(1.,0.,0.));
#2935 = ORIENTED_EDGE('',*,*,#2936,.T.);
#2936 = EDGE_CURVE('',#2928,#2937,#2939,.T.);
#2937 = VERTEX_POINT('',#2938);
#2938 = CARTESIAN_POINT('',(43.5,-1.5,-5.));
#2939 = LINE('',#2940,#2941);
#2940 = CARTESIAN_POINT('',(43.5,-1.5,-4.440892098501E-16));
#2941 = VECTOR('',#2942,1.);
#2942 = DIRECTION('',(0.,2.2E-16,-1.));
#2943 = ORIENTED_EDGE('',*,*,#2944,.T.);
#2944 = EDGE_CURVE('',#2937,#2945,#2947,.T.);
#2945 = VERTEX_POINT('',#2946);
#2946 = CARTESIAN_POINT('',(49.5,-1.5,-5.));
#2947 = LINE('',#2948,#2949);
#2948 = CARTESIAN_POINT('',(43.5,-1.5,-5.));
#2949 = VECTOR('',#2950,1.);
#2950 = DIRECTION('',(1.,0.,0.));
#2951 = ORIENTED_EDGE('',*,*,#2952,.T.);
#2952 = EDGE_CURVE('',#2945,#2953,#2955,.T.);
#2953 = VERTEX_POINT('',#2954);
#2954 = CARTESIAN_POINT('',(49.5,-1.5,-1.131370849876));
#2955 = LINE('',#2956,#2957);
#2956 = CARTESIAN_POINT('',(49.5,-1.5,-5.));
#2957 = VECTOR('',#2958,1.);
#2958 = DIRECTION('',(0.,-2.2E-16,1.));
#2959 = ORIENTED_EDGE('',*,*,#2960,.F.);
#2960 = EDGE_CURVE('',#2961,#2953,#2963,.T.);
#2961 = VERTEX_POINT('',#2962);
#2962 = CARTESIAN_POINT('',(49.5,-1.5,0.));
#2963 = CIRCLE('',#2964,0.799999999984);
#2964 = AXIS2_PLACEMENT_3D('',#2965,#2966,#2967);
#2965 = CARTESIAN_POINT('',(50.065685424938,-1.5,-0.565685424938));
#2966 = DIRECTION('',(0.,-1.,2.2E-16));
#2967 = DIRECTION('',(1.,0.,0.));
#2968 = ORIENTED_EDGE('',*,*,#2969,.F.);
#2969 = EDGE_CURVE('',#2970,#2961,#2972,.T.);
#2970 = VERTEX_POINT('',#2971);
#2971 = CARTESIAN_POINT('',(50.631370849876,-1.5,0.));
#2972 = CIRCLE('',#2973,0.799999999984);
#2973 = AXIS2_PLACEMENT_3D('',#2974,#2975,#2976);
#2974 = CARTESIAN_POINT('',(50.065685424938,-1.5,-0.565685424938));
#2975 = DIRECTION('',(0.,-1.,2.2E-16));
#2976 = DIRECTION('',(1.,0.,0.));
#2977 = ORIENTED_EDGE('',*,*,#2978,.T.);
#2978 = EDGE_CURVE('',#2970,#2979,#2981,.T.);
#2979 = VERTEX_POINT('',#2980);
#2980 = CARTESIAN_POINT('',(60.3,-1.5,1.E-15));
#2981 = LINE('',#2982,#2983);
#2982 = CARTESIAN_POINT('',(-6.5,-1.5,-4.440892098501E-16));
#2983 = VECTOR('',#2984,1.);
#2984 = DIRECTION('',(1.,0.,0.));
#2985 = ORIENTED_EDGE('',*,*,#2986,.T.);
#2986 = EDGE_CURVE('',#2979,#2987,#2989,.T.);
#2987 = VERTEX_POINT('',#2988);
#2988 = CARTESIAN_POINT('',(60.3,-1.5,16.568629150102));
#2989 = LINE('',#2990,#2991);
#2990 = CARTESIAN_POINT('',(60.3,-1.5,17.034314575051));
#2991 = VECTOR('',#2992,1.);
#2992 = DIRECTION('',(0.,0.,1.));
#2993 = ORIENTED_EDGE('',*,*,#2994,.F.);
#2994 = EDGE_CURVE('',#2995,#2987,#2997,.T.);
#2995 = VERTEX_POINT('',#2996);
#2996 = CARTESIAN_POINT('',(61.431370849898,-1.5,17.7));
#2997 = CIRCLE('',#2998,0.8);
#2998 = AXIS2_PLACEMENT_3D('',#2999,#3000,#3001);
#2999 = CARTESIAN_POINT('',(60.865685424949,-1.5,17.134314575051));
#3000 = DIRECTION('',(0.,-1.,2.2E-16));
#3001 = DIRECTION('',(1.,0.,0.));
#3002 = ORIENTED_EDGE('',*,*,#3003,.F.);
#3003 = EDGE_CURVE('',#3004,#2995,#3006,.T.);
#3004 = VERTEX_POINT('',#3005);
#3005 = CARTESIAN_POINT('',(62.568629150102,-1.5,17.7));
#3006 = LINE('',#3007,#3008);
#3007 = CARTESIAN_POINT('',(53.965685424949,-1.5,17.7));
#3008 = VECTOR('',#3009,1.);
#3009 = DIRECTION('',(-1.,0.,0.));
#3010 = ORIENTED_EDGE('',*,*,#3011,.F.);
#3011 = EDGE_CURVE('',#3012,#3004,#3014,.T.);
#3012 = VERTEX_POINT('',#3013);
#3013 = CARTESIAN_POINT('',(63.7,-1.5,16.568629150102));
#3014 = CIRCLE('',#3015,0.8);
#3015 = AXIS2_PLACEMENT_3D('',#3016,#3017,#3018);
#3016 = CARTESIAN_POINT('',(63.134314575051,-1.5,17.134314575051));
#3017 = DIRECTION('',(0.,-1.,2.2E-16));
#3018 = DIRECTION('',(1.,0.,0.));
#3019 = ORIENTED_EDGE('',*,*,#3020,.F.);
#3020 = EDGE_CURVE('',#2215,#3012,#3021,.T.);
#3021 = LINE('',#3022,#3023);
#3022 = CARTESIAN_POINT('',(63.7,-1.5,17.034314575051));
#3023 = VECTOR('',#3024,1.);
#3024 = DIRECTION('',(0.,0.,1.));
#3025 = ORIENTED_EDGE('',*,*,#2222,.T.);
#3026 = ORIENTED_EDGE('',*,*,#3027,.F.);
#3027 = EDGE_CURVE('',#3028,#2223,#3030,.T.);
#3028 = VERTEX_POINT('',#3029);
#3029 = CARTESIAN_POINT('',(74.5,-1.5,0.));
#3030 = CIRCLE('',#3031,0.8);
#3031 = AXIS2_PLACEMENT_3D('',#3032,#3033,#3034);
#3032 = CARTESIAN_POINT('',(73.934314575051,-1.5,-0.565685424949));
#3033 = DIRECTION('',(0.,-1.,2.2E-16));
#3034 = DIRECTION('',(1.,0.,0.));
#3035 = ORIENTED_EDGE('',*,*,#3036,.F.);
#3036 = EDGE_CURVE('',#3037,#3028,#3039,.T.);
#3037 = VERTEX_POINT('',#3038);
#3038 = CARTESIAN_POINT('',(74.734314575051,-1.5,-0.565685424949));
#3039 = CIRCLE('',#3040,0.8);
#3040 = AXIS2_PLACEMENT_3D('',#3041,#3042,#3043);
#3041 = CARTESIAN_POINT('',(73.934314575051,-1.5,-0.565685424949));
#3042 = DIRECTION('',(0.,-1.,2.2E-16));
#3043 = DIRECTION('',(1.,0.,0.));
#3044 = ORIENTED_EDGE('',*,*,#3045,.F.);
#3045 = EDGE_CURVE('',#3046,#3037,#3048,.T.);
#3046 = VERTEX_POINT('',#3047);
#3047 = CARTESIAN_POINT('',(74.5,-1.5,-1.131370849898));
#3048 = CIRCLE('',#3049,0.8);
#3049 = AXIS2_PLACEMENT_3D('',#3050,#3051,#3052);
#3050 = CARTESIAN_POINT('',(73.934314575051,-1.5,-0.565685424949));
#3051 = DIRECTION('',(0.,-1.,2.2E-16));
#3052 = DIRECTION('',(1.,0.,0.));
#3053 = ORIENTED_EDGE('',*,*,#3054,.T.);
#3054 = EDGE_CURVE('',#3046,#3055,#3057,.T.);
#3055 = VERTEX_POINT('',#3056);
#3056 = CARTESIAN_POINT('',(74.5,-1.5,-5.));
#3057 = LINE('',#3058,#3059);
#3058 = CARTESIAN_POINT('',(74.5,-1.5,-4.440892098501E-16));
#3059 = VECTOR('',#3060,1.);
#3060 = DIRECTION('',(0.,2.2E-16,-1.));
#3061 = ORIENTED_EDGE('',*,*,#3062,.T.);
#3062 = EDGE_CURVE('',#3055,#3063,#3065,.T.);
#3063 = VERTEX_POINT('',#3064);
#3064 = CARTESIAN_POINT('',(80.5,-1.5,-5.));
#3065 = LINE('',#3066,#3067);
#3066 = CARTESIAN_POINT('',(74.5,-1.5,-5.));
#3067 = VECTOR('',#3068,1.);
#3068 = DIRECTION('',(1.,0.,0.));
#3069 = ORIENTED_EDGE('',*,*,#3070,.T.);
#3070 = EDGE_CURVE('',#3063,#3071,#3073,.T.);
#3071 = VERTEX_POINT('',#3072);
#3072 = CARTESIAN_POINT('',(80.5,-1.5,-1.131370849876));
#3073 = LINE('',#3074,#3075);
#3074 = CARTESIAN_POINT('',(80.5,-1.5,-5.));
#3075 = VECTOR('',#3076,1.);
#3076 = DIRECTION('',(0.,-2.2E-16,1.));
#3077 = ORIENTED_EDGE('',*,*,#3078,.F.);
#3078 = EDGE_CURVE('',#3079,#3071,#3081,.T.);
#3079 = VERTEX_POINT('',#3080);
#3080 = CARTESIAN_POINT('',(80.5,-1.5,0.));
#3081 = CIRCLE('',#3082,0.799999999984);
#3082 = AXIS2_PLACEMENT_3D('',#3083,#3084,#3085);
#3083 = CARTESIAN_POINT('',(81.065685424938,-1.5,-0.565685424938));
#3084 = DIRECTION('',(0.,-1.,2.2E-16));
#3085 = DIRECTION('',(1.,0.,0.));
#3086 = ORIENTED_EDGE('',*,*,#3087,.F.);
#3087 = EDGE_CURVE('',#3088,#3079,#3090,.T.);
#3088 = VERTEX_POINT('',#3089);
#3089 = CARTESIAN_POINT('',(81.631370849876,-1.5,0.));
#3090 = CIRCLE('',#3091,0.799999999984);
#3091 = AXIS2_PLACEMENT_3D('',#3092,#3093,#3094);
#3092 = CARTESIAN_POINT('',(81.065685424938,-1.5,-0.565685424938));
#3093 = DIRECTION('',(0.,-1.,2.2E-16));
#3094 = DIRECTION('',(1.,0.,0.));
#3095 = ORIENTED_EDGE('',*,*,#3096,.T.);
#3096 = EDGE_CURVE('',#3088,#3097,#3099,.T.);
#3097 = VERTEX_POINT('',#3098);
#3098 = CARTESIAN_POINT('',(91.3,-1.5,1.E-15));
#3099 = LINE('',#3100,#3101);
#3100 = CARTESIAN_POINT('',(-6.5,-1.5,-4.440892098501E-16));
#3101 = VECTOR('',#3102,1.);
#3102 = DIRECTION('',(1.,0.,0.));
#3103 = ORIENTED_EDGE('',*,*,#3104,.T.);
#3104 = EDGE_CURVE('',#3097,#3105,#3107,.T.);
#3105 = VERTEX_POINT('',#3106);
#3106 = CARTESIAN_POINT('',(91.3,-1.5,16.568629150102));
#3107 = LINE('',#3108,#3109);
#3108 = CARTESIAN_POINT('',(91.3,-1.5,17.034314575051));
#3109 = VECTOR('',#3110,1.);
#3110 = DIRECTION('',(0.,0.,1.));
#3111 = ORIENTED_EDGE('',*,*,#3112,.F.);
#3112 = EDGE_CURVE('',#3113,#3105,#3115,.T.);
#3113 = VERTEX_POINT('',#3114);
#3114 = CARTESIAN_POINT('',(92.431370849898,-1.5,17.7));
#3115 = CIRCLE('',#3116,0.8);
#3116 = AXIS2_PLACEMENT_3D('',#3117,#3118,#3119);
#3117 = CARTESIAN_POINT('',(91.865685424949,-1.5,17.134314575051));
#3118 = DIRECTION('',(0.,-1.,2.2E-16));
#3119 = DIRECTION('',(1.,0.,0.));
#3120 = ORIENTED_EDGE('',*,*,#3121,.F.);
#3121 = EDGE_CURVE('',#3122,#3113,#3124,.T.);
#3122 = VERTEX_POINT('',#3123);
#3123 = CARTESIAN_POINT('',(93.568629150102,-1.5,17.7));
#3124 = LINE('',#3125,#3126);
#3125 = CARTESIAN_POINT('',(69.465685424949,-1.5,17.7));
#3126 = VECTOR('',#3127,1.);
#3127 = DIRECTION('',(-1.,0.,0.));
#3128 = ORIENTED_EDGE('',*,*,#3129,.F.);
#3129 = EDGE_CURVE('',#3130,#3122,#3132,.T.);
#3130 = VERTEX_POINT('',#3131);
#3131 = CARTESIAN_POINT('',(94.7,-1.5,16.568629150102));
#3132 = CIRCLE('',#3133,0.8);
#3133 = AXIS2_PLACEMENT_3D('',#3134,#3135,#3136);
#3134 = CARTESIAN_POINT('',(94.134314575051,-1.5,17.134314575051));
#3135 = DIRECTION('',(0.,-1.,2.2E-16));
#3136 = DIRECTION('',(1.,0.,0.));
#3137 = ORIENTED_EDGE('',*,*,#3138,.F.);
#3138 = EDGE_CURVE('',#3139,#3130,#3141,.T.);
#3139 = VERTEX_POINT('',#3140);
#3140 = CARTESIAN_POINT('',(94.7,-1.5,1.E-15));
#3141 = LINE('',#3142,#3143);
#3142 = CARTESIAN_POINT('',(94.7,-1.5,17.034314575051));
#3143 = VECTOR('',#3144,1.);
#3144 = DIRECTION('',(0.,0.,1.));
#3145 = ORIENTED_EDGE('',*,*,#3146,.T.);
#3146 = EDGE_CURVE('',#3139,#3147,#3149,.T.);
#3147 = VERTEX_POINT('',#3148);
#3148 = CARTESIAN_POINT('',(99.5,-1.5,0.));
#3149 = LINE('',#3150,#3151);
#3150 = CARTESIAN_POINT('',(-6.5,-1.5,-4.440892098501E-16));
#3151 = VECTOR('',#3152,1.);
#3152 = DIRECTION('',(1.,0.,0.));
#3153 = ORIENTED_EDGE('',*,*,#3154,.T.);
#3154 = EDGE_CURVE('',#3147,#2707,#3155,.T.);
#3155 = LINE('',#3156,#3157);
#3156 = CARTESIAN_POINT('',(99.5,-1.5,-4.440892098501E-16));
#3157 = VECTOR('',#3158,1.);
#3158 = DIRECTION('',(0.,-2.2E-16,1.));
#3159 = PLANE('',#3160);
#3160 = AXIS2_PLACEMENT_3D('',#3161,#3162,#3163);
#3161 = CARTESIAN_POINT('',(46.5,-1.5,13.819819729211));
#3162 = DIRECTION('',(0.,-1.,1.E-17));
#3163 = DIRECTION('',(0.,1.E-17,1.));
#3164 = ADVANCED_FACE('',(#3165),#3176,.T.);
#3165 = FACE_BOUND('',#3166,.T.);
#3166 = EDGE_LOOP('',(#3167,#3168,#3174,#3175));
#3167 = ORIENTED_EDGE('',*,*,#3020,.T.);
#3168 = ORIENTED_EDGE('',*,*,#3169,.T.);
#3169 = EDGE_CURVE('',#3012,#2405,#3170,.T.);
#3170 = LINE('',#3171,#3172);
#3171 = CARTESIAN_POINT('',(63.7,-112.7858457431,16.568629150102));
#3172 = VECTOR('',#3173,1.);
#3173 = DIRECTION('',(0.,1.,-2.2E-16));
#3174 = ORIENTED_EDGE('',*,*,#2404,.F.);
#3175 = ORIENTED_EDGE('',*,*,#2214,.F.);
#3176 = PLANE('',#3177);
#3177 = AXIS2_PLACEMENT_3D('',#3178,#3179,#3180);
#3178 = CARTESIAN_POINT('',(63.7,-112.7858457431,16.568629150102));
#3179 = DIRECTION('',(-1.,0.,0.));
#3180 = DIRECTION('',(0.,-2.2E-16,-1.));
#3181 = ADVANCED_FACE('',(#3182),#3198,.F.);
#3182 = FACE_BOUND('',#3183,.F.);
#3183 = EDGE_LOOP('',(#3184,#3185,#3191,#3192));
#3184 = ORIENTED_EDGE('',*,*,#2244,.F.);
#3185 = ORIENTED_EDGE('',*,*,#3186,.T.);
#3186 = EDGE_CURVE('',#2245,#2717,#3187,.T.);
#3187 = LINE('',#3188,#3189);
#3188 = CARTESIAN_POINT('',(-6.5,1.5,-3.9E-16));
#3189 = VECTOR('',#3190,1.);
#3190 = DIRECTION('',(0.,-1.,2.2E-16));
#3191 = ORIENTED_EDGE('',*,*,#2724,.T.);
#3192 = ORIENTED_EDGE('',*,*,#3193,.T.);
#3193 = EDGE_CURVE('',#2725,#2247,#3194,.T.);
#3194 = LINE('',#3195,#3196);
#3195 = CARTESIAN_POINT('',(-1.7,-112.7858457431,2.505E-14));
#3196 = VECTOR('',#3197,1.);
#3197 = DIRECTION('',(0.,1.,-2.2E-16));
#3198 = PLANE('',#3199);
#3199 = AXIS2_PLACEMENT_3D('',#3200,#3201,#3202);
#3200 = CARTESIAN_POINT('',(-6.5,1.5,-4.5E-16));
#3201 = DIRECTION('',(0.,2.2E-16,1.));
#3202 = DIRECTION('',(1.,0.,0.));
#3203 = ADVANCED_FACE('',(#3204),#3215,.F.);
#3204 = FACE_BOUND('',#3205,.F.);
#3205 = EDGE_LOOP('',(#3206,#3207,#3213,#3214));
#3206 = ORIENTED_EDGE('',*,*,#2732,.T.);
#3207 = ORIENTED_EDGE('',*,*,#3208,.T.);
#3208 = EDGE_CURVE('',#2733,#2684,#3209,.T.);
#3209 = LINE('',#3210,#3211);
#3210 = CARTESIAN_POINT('',(-1.7,-112.7858457431,16.568629150102));
#3211 = VECTOR('',#3212,1.);
#3212 = DIRECTION('',(0.,1.,-2.2E-16));
#3213 = ORIENTED_EDGE('',*,*,#2692,.F.);
#3214 = ORIENTED_EDGE('',*,*,#3193,.F.);
#3215 = PLANE('',#3216);
#3216 = AXIS2_PLACEMENT_3D('',#3217,#3218,#3219);
#3217 = CARTESIAN_POINT('',(-1.7,-112.7858457431,16.568629150102));
#3218 = DIRECTION('',(-1.,0.,0.));
#3219 = DIRECTION('',(0.,-2.2E-16,-1.));
#3220 = ADVANCED_FACE('',(#3221),#3232,.F.);
#3221 = FACE_BOUND('',#3222,.F.);
#3222 = EDGE_LOOP('',(#3223,#3224,#3230,#3231));
#3223 = ORIENTED_EDGE('',*,*,#2740,.F.);
#3224 = ORIENTED_EDGE('',*,*,#3225,.T.);
#3225 = EDGE_CURVE('',#2741,#2676,#3226,.T.);
#3226 = LINE('',#3227,#3228);
#3227 = CARTESIAN_POINT('',(-0.568629150102,-112.7858457431,17.7));
#3228 = VECTOR('',#3229,1.);
#3229 = DIRECTION('',(0.,1.,-2.2E-16));
#3230 = ORIENTED_EDGE('',*,*,#2683,.T.);
#3231 = ORIENTED_EDGE('',*,*,#3208,.F.);
#3232 = CYLINDRICAL_SURFACE('',#3233,0.8);
#3233 = AXIS2_PLACEMENT_3D('',#3234,#3235,#3236);
#3234 = CARTESIAN_POINT('',(-1.134314575051,-112.7858457431,
    17.134314575051));
#3235 = DIRECTION('',(0.,-1.,2.2E-16));
#3236 = DIRECTION('',(1.,0.,0.));
#3237 = ADVANCED_FACE('',(#3238),#3249,.T.);
#3238 = FACE_BOUND('',#3239,.T.);
#3239 = EDGE_LOOP('',(#3240,#3241,#3242,#3243));
#3240 = ORIENTED_EDGE('',*,*,#2749,.T.);
#3241 = ORIENTED_EDGE('',*,*,#3225,.T.);
#3242 = ORIENTED_EDGE('',*,*,#2675,.F.);
#3243 = ORIENTED_EDGE('',*,*,#3244,.F.);
#3244 = EDGE_CURVE('',#2750,#2667,#3245,.T.);
#3245 = LINE('',#3246,#3247);
#3246 = CARTESIAN_POINT('',(0.568629150102,-112.7858457431,17.7));
#3247 = VECTOR('',#3248,1.);
#3248 = DIRECTION('',(0.,1.,-2.2E-16));
#3249 = PLANE('',#3250);
#3250 = AXIS2_PLACEMENT_3D('',#3251,#3252,#3253);
#3251 = CARTESIAN_POINT('',(-0.568629150102,-112.7858457431,17.7));
#3252 = DIRECTION('',(0.,-2.2E-16,-1.));
#3253 = DIRECTION('',(1.,0.,0.));
#3254 = ADVANCED_FACE('',(#3255),#3266,.F.);
#3255 = FACE_BOUND('',#3256,.F.);
#3256 = EDGE_LOOP('',(#3257,#3258,#3264,#3265));
#3257 = ORIENTED_EDGE('',*,*,#2757,.F.);
#3258 = ORIENTED_EDGE('',*,*,#3259,.T.);
#3259 = EDGE_CURVE('',#2758,#2659,#3260,.T.);
#3260 = LINE('',#3261,#3262);
#3261 = CARTESIAN_POINT('',(1.7,-112.7858457431,16.568629150102));
#3262 = VECTOR('',#3263,1.);
#3263 = DIRECTION('',(0.,1.,-2.2E-16));
#3264 = ORIENTED_EDGE('',*,*,#2666,.T.);
#3265 = ORIENTED_EDGE('',*,*,#3244,.F.);
#3266 = CYLINDRICAL_SURFACE('',#3267,0.8);
#3267 = AXIS2_PLACEMENT_3D('',#3268,#3269,#3270);
#3268 = CARTESIAN_POINT('',(1.134314575051,-112.7858457431,
    17.134314575051));
#3269 = DIRECTION('',(0.,-1.,2.2E-16));
#3270 = DIRECTION('',(1.,0.,0.));
#3271 = ADVANCED_FACE('',(#3272),#3283,.T.);
#3272 = FACE_BOUND('',#3273,.T.);
#3273 = EDGE_LOOP('',(#3274,#3275,#3276,#3277));
#3274 = ORIENTED_EDGE('',*,*,#2766,.T.);
#3275 = ORIENTED_EDGE('',*,*,#3259,.T.);
#3276 = ORIENTED_EDGE('',*,*,#2658,.F.);
#3277 = ORIENTED_EDGE('',*,*,#3278,.F.);
#3278 = EDGE_CURVE('',#2767,#2651,#3279,.T.);
#3279 = LINE('',#3280,#3281);
#3280 = CARTESIAN_POINT('',(1.7,-112.7858457431,2.505E-14));
#3281 = VECTOR('',#3282,1.);
#3282 = DIRECTION('',(0.,1.,-2.2E-16));
#3283 = PLANE('',#3284);
#3284 = AXIS2_PLACEMENT_3D('',#3285,#3286,#3287);
#3285 = CARTESIAN_POINT('',(1.7,-112.7858457431,16.568629150102));
#3286 = DIRECTION('',(-1.,0.,0.));
#3287 = DIRECTION('',(0.,-2.2E-16,-1.));
#3288 = ADVANCED_FACE('',(#3289),#3300,.F.);
#3289 = FACE_BOUND('',#3290,.F.);
#3290 = EDGE_LOOP('',(#3291,#3292,#3293,#3294));
#3291 = ORIENTED_EDGE('',*,*,#2650,.F.);
#3292 = ORIENTED_EDGE('',*,*,#3278,.F.);
#3293 = ORIENTED_EDGE('',*,*,#2774,.T.);
#3294 = ORIENTED_EDGE('',*,*,#3295,.F.);
#3295 = EDGE_CURVE('',#2642,#2775,#3296,.T.);
#3296 = LINE('',#3297,#3298);
#3297 = CARTESIAN_POINT('',(11.368629150102,-114.46914213,5.03E-14));
#3298 = VECTOR('',#3299,1.);
#3299 = DIRECTION('',(0.,-1.,2.2E-16));
#3300 = PLANE('',#3301);
#3301 = AXIS2_PLACEMENT_3D('',#3302,#3303,#3304);
#3302 = CARTESIAN_POINT('',(-6.5,1.5,-4.5E-16));
#3303 = DIRECTION('',(0.,2.2E-16,1.));
#3304 = DIRECTION('',(1.,0.,0.));
#3305 = ADVANCED_FACE('',(#3306),#3321,.F.);
#3306 = FACE_BOUND('',#3307,.F.);
#3307 = EDGE_LOOP('',(#3308,#3314,#3315,#3316,#3317,#3318,#3319,#3320));
#3308 = ORIENTED_EDGE('',*,*,#3309,.F.);
#3309 = EDGE_CURVE('',#2616,#2801,#3310,.T.);
#3310 = LINE('',#3311,#3312);
#3311 = CARTESIAN_POINT('',(12.5,-114.46914213,-1.131370849898));
#3312 = VECTOR('',#3313,1.);
#3313 = DIRECTION('',(0.,-1.,2.2E-16));
#3314 = ORIENTED_EDGE('',*,*,#2623,.T.);
#3315 = ORIENTED_EDGE('',*,*,#2632,.T.);
#3316 = ORIENTED_EDGE('',*,*,#2641,.T.);
#3317 = ORIENTED_EDGE('',*,*,#3295,.T.);
#3318 = ORIENTED_EDGE('',*,*,#2782,.F.);
#3319 = ORIENTED_EDGE('',*,*,#2791,.F.);
#3320 = ORIENTED_EDGE('',*,*,#2800,.F.);
#3321 = CYLINDRICAL_SURFACE('',#3322,0.8);
#3322 = AXIS2_PLACEMENT_3D('',#3323,#3324,#3325);
#3323 = CARTESIAN_POINT('',(11.934314575051,-114.46914213,
    -0.565685424949));
#3324 = DIRECTION('',(0.,-1.,2.2E-16));
#3325 = DIRECTION('',(1.,0.,0.));
#3326 = ADVANCED_FACE('',(#3327),#3338,.F.);
#3327 = FACE_BOUND('',#3328,.F.);
#3328 = EDGE_LOOP('',(#3329,#3330,#3331,#3332));
#3329 = ORIENTED_EDGE('',*,*,#2615,.F.);
#3330 = ORIENTED_EDGE('',*,*,#3309,.T.);
#3331 = ORIENTED_EDGE('',*,*,#2809,.T.);
#3332 = ORIENTED_EDGE('',*,*,#3333,.F.);
#3333 = EDGE_CURVE('',#2608,#2810,#3334,.T.);
#3334 = LINE('',#3335,#3336);
#3335 = CARTESIAN_POINT('',(12.5,1.5,-5.));
#3336 = VECTOR('',#3337,1.);
#3337 = DIRECTION('',(0.,-1.,2.2E-16));
#3338 = PLANE('',#3339);
#3339 = AXIS2_PLACEMENT_3D('',#3340,#3341,#3342);
#3340 = CARTESIAN_POINT('',(12.5,1.5,-3.3E-16));
#3341 = DIRECTION('',(1.,0.,0.));
#3342 = DIRECTION('',(0.,-2.2E-16,-1.));
#3343 = ADVANCED_FACE('',(#3344),#3355,.F.);
#3344 = FACE_BOUND('',#3345,.F.);
#3345 = EDGE_LOOP('',(#3346,#3347,#3348,#3354));
#3346 = ORIENTED_EDGE('',*,*,#3333,.T.);
#3347 = ORIENTED_EDGE('',*,*,#2817,.T.);
#3348 = ORIENTED_EDGE('',*,*,#3349,.F.);
#3349 = EDGE_CURVE('',#2600,#2818,#3350,.T.);
#3350 = LINE('',#3351,#3352);
#3351 = CARTESIAN_POINT('',(18.5,1.5,-5.));
#3352 = VECTOR('',#3353,1.);
#3353 = DIRECTION('',(0.,-1.,2.2E-16));
#3354 = ORIENTED_EDGE('',*,*,#2607,.F.);
#3355 = PLANE('',#3356);
#3356 = AXIS2_PLACEMENT_3D('',#3357,#3358,#3359);
#3357 = CARTESIAN_POINT('',(12.5,1.5,-5.));
#3358 = DIRECTION('',(0.,2.2E-16,1.));
#3359 = DIRECTION('',(1.,0.,0.));
#3360 = ADVANCED_FACE('',(#3361),#3372,.F.);
#3361 = FACE_BOUND('',#3362,.F.);
#3362 = EDGE_LOOP('',(#3363,#3364,#3365,#3366));
#3363 = ORIENTED_EDGE('',*,*,#2599,.F.);
#3364 = ORIENTED_EDGE('',*,*,#3349,.T.);
#3365 = ORIENTED_EDGE('',*,*,#2825,.T.);
#3366 = ORIENTED_EDGE('',*,*,#3367,.F.);
#3367 = EDGE_CURVE('',#2591,#2826,#3368,.T.);
#3368 = LINE('',#3369,#3370);
#3369 = CARTESIAN_POINT('',(18.5,-114.46914213,-1.131370849876));
#3370 = VECTOR('',#3371,1.);
#3371 = DIRECTION('',(0.,-1.,2.2E-16));
#3372 = PLANE('',#3373);
#3373 = AXIS2_PLACEMENT_3D('',#3374,#3375,#3376);
#3374 = CARTESIAN_POINT('',(18.5,1.5,-5.));
#3375 = DIRECTION('',(-1.,0.,0.));
#3376 = DIRECTION('',(0.,2.2E-16,1.));
#3377 = ADVANCED_FACE('',(#3378),#3391,.F.);
#3378 = FACE_BOUND('',#3379,.T.);
#3379 = EDGE_LOOP('',(#3380,#3381,#3382,#3383,#3384,#3385));
#3380 = ORIENTED_EDGE('',*,*,#2842,.T.);
#3381 = ORIENTED_EDGE('',*,*,#2833,.T.);
#3382 = ORIENTED_EDGE('',*,*,#3367,.F.);
#3383 = ORIENTED_EDGE('',*,*,#2590,.F.);
#3384 = ORIENTED_EDGE('',*,*,#2581,.F.);
#3385 = ORIENTED_EDGE('',*,*,#3386,.T.);
#3386 = EDGE_CURVE('',#2574,#2843,#3387,.T.);
#3387 = LINE('',#3388,#3389);
#3388 = CARTESIAN_POINT('',(19.631370849876,-114.46914213,5.03E-14));
#3389 = VECTOR('',#3390,1.);
#3390 = DIRECTION('',(0.,-1.,2.2E-16));
#3391 = CYLINDRICAL_SURFACE('',#3392,0.799999999984);
#3392 = AXIS2_PLACEMENT_3D('',#3393,#3394,#3395);
#3393 = CARTESIAN_POINT('',(19.065685424938,-114.46914213,
    -0.565685424938));
#3394 = DIRECTION('',(0.,-1.,2.2E-16));
#3395 = DIRECTION('',(1.,0.,0.));
#3396 = ADVANCED_FACE('',(#3397),#3408,.F.);
#3397 = FACE_BOUND('',#3398,.F.);
#3398 = EDGE_LOOP('',(#3399,#3400,#3401,#3402));
#3399 = ORIENTED_EDGE('',*,*,#2573,.F.);
#3400 = ORIENTED_EDGE('',*,*,#3386,.T.);
#3401 = ORIENTED_EDGE('',*,*,#2851,.T.);
#3402 = ORIENTED_EDGE('',*,*,#3403,.T.);
#3403 = EDGE_CURVE('',#2852,#2566,#3404,.T.);
#3404 = LINE('',#3405,#3406);
#3405 = CARTESIAN_POINT('',(29.3,-112.7858457431,2.505E-14));
#3406 = VECTOR('',#3407,1.);
#3407 = DIRECTION('',(0.,1.,-2.2E-16));
#3408 = PLANE('',#3409);
#3409 = AXIS2_PLACEMENT_3D('',#3410,#3411,#3412);
#3410 = CARTESIAN_POINT('',(-6.5,1.5,-4.5E-16));
#3411 = DIRECTION('',(0.,2.2E-16,1.));
#3412 = DIRECTION('',(1.,0.,0.));
#3413 = ADVANCED_FACE('',(#3414),#3425,.F.);
#3414 = FACE_BOUND('',#3415,.F.);
#3415 = EDGE_LOOP('',(#3416,#3417,#3423,#3424));
#3416 = ORIENTED_EDGE('',*,*,#2859,.T.);
#3417 = ORIENTED_EDGE('',*,*,#3418,.T.);
#3418 = EDGE_CURVE('',#2860,#2557,#3419,.T.);
#3419 = LINE('',#3420,#3421);
#3420 = CARTESIAN_POINT('',(29.3,-112.7858457431,16.568629150102));
#3421 = VECTOR('',#3422,1.);
#3422 = DIRECTION('',(0.,1.,-2.2E-16));
#3423 = ORIENTED_EDGE('',*,*,#2565,.F.);
#3424 = ORIENTED_EDGE('',*,*,#3403,.F.);
#3425 = PLANE('',#3426);
#3426 = AXIS2_PLACEMENT_3D('',#3427,#3428,#3429);
#3427 = CARTESIAN_POINT('',(29.3,-112.7858457431,16.568629150102));
#3428 = DIRECTION('',(-1.,0.,0.));
#3429 = DIRECTION('',(0.,-2.2E-16,-1.));
#3430 = ADVANCED_FACE('',(#3431),#3442,.F.);
#3431 = FACE_BOUND('',#3432,.F.);
#3432 = EDGE_LOOP('',(#3433,#3434,#3440,#3441));
#3433 = ORIENTED_EDGE('',*,*,#2867,.F.);
#3434 = ORIENTED_EDGE('',*,*,#3435,.T.);
#3435 = EDGE_CURVE('',#2868,#2549,#3436,.T.);
#3436 = LINE('',#3437,#3438);
#3437 = CARTESIAN_POINT('',(30.431370849898,-112.7858457431,17.7));
#3438 = VECTOR('',#3439,1.);
#3439 = DIRECTION('',(0.,1.,-2.2E-16));
#3440 = ORIENTED_EDGE('',*,*,#2556,.T.);
#3441 = ORIENTED_EDGE('',*,*,#3418,.F.);
#3442 = CYLINDRICAL_SURFACE('',#3443,0.8);
#3443 = AXIS2_PLACEMENT_3D('',#3444,#3445,#3446);
#3444 = CARTESIAN_POINT('',(29.865685424949,-112.7858457431,
    17.134314575051));
#3445 = DIRECTION('',(0.,-1.,2.2E-16));
#3446 = DIRECTION('',(1.,0.,0.));
#3447 = ADVANCED_FACE('',(#3448),#3459,.T.);
#3448 = FACE_BOUND('',#3449,.T.);
#3449 = EDGE_LOOP('',(#3450,#3451,#3452,#3453));
#3450 = ORIENTED_EDGE('',*,*,#2876,.T.);
#3451 = ORIENTED_EDGE('',*,*,#3435,.T.);
#3452 = ORIENTED_EDGE('',*,*,#2548,.F.);
#3453 = ORIENTED_EDGE('',*,*,#3454,.F.);
#3454 = EDGE_CURVE('',#2877,#2540,#3455,.T.);
#3455 = LINE('',#3456,#3457);
#3456 = CARTESIAN_POINT('',(31.568629150102,-112.7858457431,17.7));
#3457 = VECTOR('',#3458,1.);
#3458 = DIRECTION('',(0.,1.,-2.2E-16));
#3459 = PLANE('',#3460);
#3460 = AXIS2_PLACEMENT_3D('',#3461,#3462,#3463);
#3461 = CARTESIAN_POINT('',(30.431370849898,-112.7858457431,17.7));
#3462 = DIRECTION('',(0.,-2.2E-16,-1.));
#3463 = DIRECTION('',(1.,0.,0.));
#3464 = ADVANCED_FACE('',(#3465),#3476,.F.);
#3465 = FACE_BOUND('',#3466,.F.);
#3466 = EDGE_LOOP('',(#3467,#3468,#3474,#3475));
#3467 = ORIENTED_EDGE('',*,*,#2884,.F.);
#3468 = ORIENTED_EDGE('',*,*,#3469,.T.);
#3469 = EDGE_CURVE('',#2885,#2532,#3470,.T.);
#3470 = LINE('',#3471,#3472);
#3471 = CARTESIAN_POINT('',(32.7,-112.7858457431,16.568629150102));
#3472 = VECTOR('',#3473,1.);
#3473 = DIRECTION('',(0.,1.,-2.2E-16));
#3474 = ORIENTED_EDGE('',*,*,#2539,.T.);
#3475 = ORIENTED_EDGE('',*,*,#3454,.F.);
#3476 = CYLINDRICAL_SURFACE('',#3477,0.8);
#3477 = AXIS2_PLACEMENT_3D('',#3478,#3479,#3480);
#3478 = CARTESIAN_POINT('',(32.134314575051,-112.7858457431,
    17.134314575051));
#3479 = DIRECTION('',(0.,-1.,2.2E-16));
#3480 = DIRECTION('',(1.,0.,0.));
#3481 = ADVANCED_FACE('',(#3482),#3493,.T.);
#3482 = FACE_BOUND('',#3483,.T.);
#3483 = EDGE_LOOP('',(#3484,#3485,#3486,#3487));
#3484 = ORIENTED_EDGE('',*,*,#2893,.T.);
#3485 = ORIENTED_EDGE('',*,*,#3469,.T.);
#3486 = ORIENTED_EDGE('',*,*,#2531,.F.);
#3487 = ORIENTED_EDGE('',*,*,#3488,.F.);
#3488 = EDGE_CURVE('',#2894,#2524,#3489,.T.);
#3489 = LINE('',#3490,#3491);
#3490 = CARTESIAN_POINT('',(32.7,-112.7858457431,2.505E-14));
#3491 = VECTOR('',#3492,1.);
#3492 = DIRECTION('',(0.,1.,-2.2E-16));
#3493 = PLANE('',#3494);
#3494 = AXIS2_PLACEMENT_3D('',#3495,#3496,#3497);
#3495 = CARTESIAN_POINT('',(32.7,-112.7858457431,16.568629150102));
#3496 = DIRECTION('',(-1.,0.,0.));
#3497 = DIRECTION('',(0.,-2.2E-16,-1.));
#3498 = ADVANCED_FACE('',(#3499),#3510,.F.);
#3499 = FACE_BOUND('',#3500,.F.);
#3500 = EDGE_LOOP('',(#3501,#3502,#3503,#3504));
#3501 = ORIENTED_EDGE('',*,*,#2523,.F.);
#3502 = ORIENTED_EDGE('',*,*,#3488,.F.);
#3503 = ORIENTED_EDGE('',*,*,#2901,.T.);
#3504 = ORIENTED_EDGE('',*,*,#3505,.F.);
#3505 = EDGE_CURVE('',#2515,#2902,#3506,.T.);
#3506 = LINE('',#3507,#3508);
#3507 = CARTESIAN_POINT('',(42.368629150102,-114.46914213,5.03E-14));
#3508 = VECTOR('',#3509,1.);
#3509 = DIRECTION('',(0.,-1.,2.2E-16));
#3510 = PLANE('',#3511);
#3511 = AXIS2_PLACEMENT_3D('',#3512,#3513,#3514);
#3512 = CARTESIAN_POINT('',(-6.5,1.5,-4.5E-16));
#3513 = DIRECTION('',(0.,2.2E-16,1.));
#3514 = DIRECTION('',(1.,0.,0.));
#3515 = ADVANCED_FACE('',(#3516),#3532,.F.);
#3516 = FACE_BOUND('',#3517,.F.);
#3517 = EDGE_LOOP('',(#3518,#3519,#3525,#3526));
#3518 = ORIENTED_EDGE('',*,*,#2488,.F.);
#3519 = ORIENTED_EDGE('',*,*,#3520,.T.);
#3520 = EDGE_CURVE('',#2489,#2928,#3521,.T.);
#3521 = LINE('',#3522,#3523);
#3522 = CARTESIAN_POINT('',(43.5,-114.46914213,-1.131370849898));
#3523 = VECTOR('',#3524,1.);
#3524 = DIRECTION('',(0.,-1.,2.2E-16));
#3525 = ORIENTED_EDGE('',*,*,#2936,.T.);
#3526 = ORIENTED_EDGE('',*,*,#3527,.F.);
#3527 = EDGE_CURVE('',#2481,#2937,#3528,.T.);
#3528 = LINE('',#3529,#3530);
#3529 = CARTESIAN_POINT('',(43.5,1.5,-5.));
#3530 = VECTOR('',#3531,1.);
#3531 = DIRECTION('',(0.,-1.,2.2E-16));
#3532 = PLANE('',#3533);
#3533 = AXIS2_PLACEMENT_3D('',#3534,#3535,#3536);
#3534 = CARTESIAN_POINT('',(43.5,1.5,-3.3E-16));
#3535 = DIRECTION('',(1.,0.,0.));
#3536 = DIRECTION('',(0.,-2.2E-16,-1.));
#3537 = ADVANCED_FACE('',(#3538),#3549,.F.);
#3538 = FACE_BOUND('',#3539,.F.);
#3539 = EDGE_LOOP('',(#3540,#3541,#3542,#3548));
#3540 = ORIENTED_EDGE('',*,*,#3527,.T.);
#3541 = ORIENTED_EDGE('',*,*,#2944,.T.);
#3542 = ORIENTED_EDGE('',*,*,#3543,.F.);
#3543 = EDGE_CURVE('',#2473,#2945,#3544,.T.);
#3544 = LINE('',#3545,#3546);
#3545 = CARTESIAN_POINT('',(49.5,1.5,-5.));
#3546 = VECTOR('',#3547,1.);
#3547 = DIRECTION('',(0.,-1.,2.2E-16));
#3548 = ORIENTED_EDGE('',*,*,#2480,.F.);
#3549 = PLANE('',#3550);
#3550 = AXIS2_PLACEMENT_3D('',#3551,#3552,#3553);
#3551 = CARTESIAN_POINT('',(43.5,1.5,-5.));
#3552 = DIRECTION('',(0.,2.2E-16,1.));
#3553 = DIRECTION('',(1.,0.,0.));
#3554 = ADVANCED_FACE('',(#3555),#3566,.F.);
#3555 = FACE_BOUND('',#3556,.F.);
#3556 = EDGE_LOOP('',(#3557,#3558,#3559,#3560));
#3557 = ORIENTED_EDGE('',*,*,#2472,.F.);
#3558 = ORIENTED_EDGE('',*,*,#3543,.T.);
#3559 = ORIENTED_EDGE('',*,*,#2952,.T.);
#3560 = ORIENTED_EDGE('',*,*,#3561,.F.);
#3561 = EDGE_CURVE('',#2464,#2953,#3562,.T.);
#3562 = LINE('',#3563,#3564);
#3563 = CARTESIAN_POINT('',(49.5,-114.46914213,-1.131370849876));
#3564 = VECTOR('',#3565,1.);
#3565 = DIRECTION('',(0.,-1.,2.2E-16));
#3566 = PLANE('',#3567);
#3567 = AXIS2_PLACEMENT_3D('',#3568,#3569,#3570);
#3568 = CARTESIAN_POINT('',(49.5,1.5,-5.));
#3569 = DIRECTION('',(-1.,0.,0.));
#3570 = DIRECTION('',(0.,2.2E-16,1.));
#3571 = ADVANCED_FACE('',(#3572),#3588,.F.);
#3572 = FACE_BOUND('',#3573,.F.);
#3573 = EDGE_LOOP('',(#3574,#3575,#3581,#3582));
#3574 = ORIENTED_EDGE('',*,*,#2446,.F.);
#3575 = ORIENTED_EDGE('',*,*,#3576,.T.);
#3576 = EDGE_CURVE('',#2447,#2970,#3577,.T.);
#3577 = LINE('',#3578,#3579);
#3578 = CARTESIAN_POINT('',(50.631370849876,-114.46914213,5.03E-14));
#3579 = VECTOR('',#3580,1.);
#3580 = DIRECTION('',(0.,-1.,2.2E-16));
#3581 = ORIENTED_EDGE('',*,*,#2978,.T.);
#3582 = ORIENTED_EDGE('',*,*,#3583,.T.);
#3583 = EDGE_CURVE('',#2979,#2439,#3584,.T.);
#3584 = LINE('',#3585,#3586);
#3585 = CARTESIAN_POINT('',(60.3,-112.7858457431,2.505E-14));
#3586 = VECTOR('',#3587,1.);
#3587 = DIRECTION('',(0.,1.,-2.2E-16));
#3588 = PLANE('',#3589);
#3589 = AXIS2_PLACEMENT_3D('',#3590,#3591,#3592);
#3590 = CARTESIAN_POINT('',(-6.5,1.5,-4.5E-16));
#3591 = DIRECTION('',(0.,2.2E-16,1.));
#3592 = DIRECTION('',(1.,0.,0.));
#3593 = ADVANCED_FACE('',(#3594),#3605,.F.);
#3594 = FACE_BOUND('',#3595,.F.);
#3595 = EDGE_LOOP('',(#3596,#3597,#3603,#3604));
#3596 = ORIENTED_EDGE('',*,*,#2986,.T.);
#3597 = ORIENTED_EDGE('',*,*,#3598,.T.);
#3598 = EDGE_CURVE('',#2987,#2430,#3599,.T.);
#3599 = LINE('',#3600,#3601);
#3600 = CARTESIAN_POINT('',(60.3,-112.7858457431,16.568629150102));
#3601 = VECTOR('',#3602,1.);
#3602 = DIRECTION('',(0.,1.,-2.2E-16));
#3603 = ORIENTED_EDGE('',*,*,#2438,.F.);
#3604 = ORIENTED_EDGE('',*,*,#3583,.F.);
#3605 = PLANE('',#3606);
#3606 = AXIS2_PLACEMENT_3D('',#3607,#3608,#3609);
#3607 = CARTESIAN_POINT('',(60.3,-112.7858457431,16.568629150102));
#3608 = DIRECTION('',(-1.,0.,0.));
#3609 = DIRECTION('',(0.,-2.2E-16,-1.));
#3610 = ADVANCED_FACE('',(#3611),#3622,.F.);
#3611 = FACE_BOUND('',#3612,.F.);
#3612 = EDGE_LOOP('',(#3613,#3614,#3620,#3621));
#3613 = ORIENTED_EDGE('',*,*,#2994,.F.);
#3614 = ORIENTED_EDGE('',*,*,#3615,.T.);
#3615 = EDGE_CURVE('',#2995,#2422,#3616,.T.);
#3616 = LINE('',#3617,#3618);
#3617 = CARTESIAN_POINT('',(61.431370849898,-112.7858457431,17.7));
#3618 = VECTOR('',#3619,1.);
#3619 = DIRECTION('',(0.,1.,-2.2E-16));
#3620 = ORIENTED_EDGE('',*,*,#2429,.T.);
#3621 = ORIENTED_EDGE('',*,*,#3598,.F.);
#3622 = CYLINDRICAL_SURFACE('',#3623,0.8);
#3623 = AXIS2_PLACEMENT_3D('',#3624,#3625,#3626);
#3624 = CARTESIAN_POINT('',(60.865685424949,-112.7858457431,
    17.134314575051));
#3625 = DIRECTION('',(0.,-1.,2.2E-16));
#3626 = DIRECTION('',(1.,0.,0.));
#3627 = ADVANCED_FACE('',(#3628),#3639,.T.);
#3628 = FACE_BOUND('',#3629,.T.);
#3629 = EDGE_LOOP('',(#3630,#3631,#3632,#3633));
#3630 = ORIENTED_EDGE('',*,*,#3003,.T.);
#3631 = ORIENTED_EDGE('',*,*,#3615,.T.);
#3632 = ORIENTED_EDGE('',*,*,#2421,.F.);
#3633 = ORIENTED_EDGE('',*,*,#3634,.F.);
#3634 = EDGE_CURVE('',#3004,#2413,#3635,.T.);
#3635 = LINE('',#3636,#3637);
#3636 = CARTESIAN_POINT('',(62.568629150102,-112.7858457431,17.7));
#3637 = VECTOR('',#3638,1.);
#3638 = DIRECTION('',(0.,1.,-2.2E-16));
#3639 = PLANE('',#3640);
#3640 = AXIS2_PLACEMENT_3D('',#3641,#3642,#3643);
#3641 = CARTESIAN_POINT('',(61.431370849898,-112.7858457431,17.7));
#3642 = DIRECTION('',(0.,-2.2E-16,-1.));
#3643 = DIRECTION('',(1.,0.,0.));
#3644 = ADVANCED_FACE('',(#3645),#3651,.F.);
#3645 = FACE_BOUND('',#3646,.F.);
#3646 = EDGE_LOOP('',(#3647,#3648,#3649,#3650));
#3647 = ORIENTED_EDGE('',*,*,#3011,.F.);
#3648 = ORIENTED_EDGE('',*,*,#3169,.T.);
#3649 = ORIENTED_EDGE('',*,*,#2412,.T.);
#3650 = ORIENTED_EDGE('',*,*,#3634,.F.);
#3651 = CYLINDRICAL_SURFACE('',#3652,0.8);
#3652 = AXIS2_PLACEMENT_3D('',#3653,#3654,#3655);
#3653 = CARTESIAN_POINT('',(63.134314575051,-112.7858457431,
    17.134314575051));
#3654 = DIRECTION('',(0.,-1.,2.2E-16));
#3655 = DIRECTION('',(1.,0.,0.));
#3656 = ADVANCED_FACE('',(#3657),#3673,.F.);
#3657 = FACE_BOUND('',#3658,.F.);
#3658 = EDGE_LOOP('',(#3659,#3660,#3666,#3667));
#3659 = ORIENTED_EDGE('',*,*,#2370,.F.);
#3660 = ORIENTED_EDGE('',*,*,#3661,.T.);
#3661 = EDGE_CURVE('',#2371,#3046,#3662,.T.);
#3662 = LINE('',#3663,#3664);
#3663 = CARTESIAN_POINT('',(74.5,-114.46914213,-1.131370849898));
#3664 = VECTOR('',#3665,1.);
#3665 = DIRECTION('',(0.,-1.,2.2E-16));
#3666 = ORIENTED_EDGE('',*,*,#3054,.T.);
#3667 = ORIENTED_EDGE('',*,*,#3668,.F.);
#3668 = EDGE_CURVE('',#2363,#3055,#3669,.T.);
#3669 = LINE('',#3670,#3671);
#3670 = CARTESIAN_POINT('',(74.5,1.5,-5.));
#3671 = VECTOR('',#3672,1.);
#3672 = DIRECTION('',(0.,-1.,2.2E-16));
#3673 = PLANE('',#3674);
#3674 = AXIS2_PLACEMENT_3D('',#3675,#3676,#3677);
#3675 = CARTESIAN_POINT('',(74.5,1.5,-3.3E-16));
#3676 = DIRECTION('',(1.,0.,0.));
#3677 = DIRECTION('',(0.,-2.2E-16,-1.));
#3678 = ADVANCED_FACE('',(#3679),#3690,.F.);
#3679 = FACE_BOUND('',#3680,.F.);
#3680 = EDGE_LOOP('',(#3681,#3682,#3683,#3689));
#3681 = ORIENTED_EDGE('',*,*,#3668,.T.);
#3682 = ORIENTED_EDGE('',*,*,#3062,.T.);
#3683 = ORIENTED_EDGE('',*,*,#3684,.F.);
#3684 = EDGE_CURVE('',#2355,#3063,#3685,.T.);
#3685 = LINE('',#3686,#3687);
#3686 = CARTESIAN_POINT('',(80.5,1.5,-5.));
#3687 = VECTOR('',#3688,1.);
#3688 = DIRECTION('',(0.,-1.,2.2E-16));
#3689 = ORIENTED_EDGE('',*,*,#2362,.F.);
#3690 = PLANE('',#3691);
#3691 = AXIS2_PLACEMENT_3D('',#3692,#3693,#3694);
#3692 = CARTESIAN_POINT('',(74.5,1.5,-5.));
#3693 = DIRECTION('',(0.,2.2E-16,1.));
#3694 = DIRECTION('',(1.,0.,0.));
#3695 = ADVANCED_FACE('',(#3696),#3707,.F.);
#3696 = FACE_BOUND('',#3697,.F.);
#3697 = EDGE_LOOP('',(#3698,#3699,#3700,#3701));
#3698 = ORIENTED_EDGE('',*,*,#2354,.F.);
#3699 = ORIENTED_EDGE('',*,*,#3684,.T.);
#3700 = ORIENTED_EDGE('',*,*,#3070,.T.);
#3701 = ORIENTED_EDGE('',*,*,#3702,.F.);
#3702 = EDGE_CURVE('',#2346,#3071,#3703,.T.);
#3703 = LINE('',#3704,#3705);
#3704 = CARTESIAN_POINT('',(80.5,-114.46914213,-1.131370849876));
#3705 = VECTOR('',#3706,1.);
#3706 = DIRECTION('',(0.,-1.,2.2E-16));
#3707 = PLANE('',#3708);
#3708 = AXIS2_PLACEMENT_3D('',#3709,#3710,#3711);
#3709 = CARTESIAN_POINT('',(80.5,1.5,-5.));
#3710 = DIRECTION('',(-1.,0.,0.));
#3711 = DIRECTION('',(0.,2.2E-16,1.));
#3712 = ADVANCED_FACE('',(#3713),#3729,.F.);
#3713 = FACE_BOUND('',#3714,.F.);
#3714 = EDGE_LOOP('',(#3715,#3716,#3722,#3723));
#3715 = ORIENTED_EDGE('',*,*,#2328,.F.);
#3716 = ORIENTED_EDGE('',*,*,#3717,.T.);
#3717 = EDGE_CURVE('',#2329,#3088,#3718,.T.);
#3718 = LINE('',#3719,#3720);
#3719 = CARTESIAN_POINT('',(81.631370849876,-114.46914213,5.03E-14));
#3720 = VECTOR('',#3721,1.);
#3721 = DIRECTION('',(0.,-1.,2.2E-16));
#3722 = ORIENTED_EDGE('',*,*,#3096,.T.);
#3723 = ORIENTED_EDGE('',*,*,#3724,.T.);
#3724 = EDGE_CURVE('',#3097,#2321,#3725,.T.);
#3725 = LINE('',#3726,#3727);
#3726 = CARTESIAN_POINT('',(91.3,-112.7858457431,2.505E-14));
#3727 = VECTOR('',#3728,1.);
#3728 = DIRECTION('',(0.,1.,-2.2E-16));
#3729 = PLANE('',#3730);
#3730 = AXIS2_PLACEMENT_3D('',#3731,#3732,#3733);
#3731 = CARTESIAN_POINT('',(-6.5,1.5,-4.5E-16));
#3732 = DIRECTION('',(0.,2.2E-16,1.));
#3733 = DIRECTION('',(1.,0.,0.));
#3734 = ADVANCED_FACE('',(#3735),#3746,.F.);
#3735 = FACE_BOUND('',#3736,.F.);
#3736 = EDGE_LOOP('',(#3737,#3738,#3744,#3745));
#3737 = ORIENTED_EDGE('',*,*,#3104,.T.);
#3738 = ORIENTED_EDGE('',*,*,#3739,.T.);
#3739 = EDGE_CURVE('',#3105,#2312,#3740,.T.);
#3740 = LINE('',#3741,#3742);
#3741 = CARTESIAN_POINT('',(91.3,-112.7858457431,16.568629150102));
#3742 = VECTOR('',#3743,1.);
#3743 = DIRECTION('',(0.,1.,-2.2E-16));
#3744 = ORIENTED_EDGE('',*,*,#2320,.F.);
#3745 = ORIENTED_EDGE('',*,*,#3724,.F.);
#3746 = PLANE('',#3747);
#3747 = AXIS2_PLACEMENT_3D('',#3748,#3749,#3750);
#3748 = CARTESIAN_POINT('',(91.3,-112.7858457431,16.568629150102));
#3749 = DIRECTION('',(-1.,0.,0.));
#3750 = DIRECTION('',(0.,-2.2E-16,-1.));
#3751 = ADVANCED_FACE('',(#3752),#3763,.F.);
#3752 = FACE_BOUND('',#3753,.F.);
#3753 = EDGE_LOOP('',(#3754,#3755,#3761,#3762));
#3754 = ORIENTED_EDGE('',*,*,#3112,.F.);
#3755 = ORIENTED_EDGE('',*,*,#3756,.T.);
#3756 = EDGE_CURVE('',#3113,#2304,#3757,.T.);
#3757 = LINE('',#3758,#3759);
#3758 = CARTESIAN_POINT('',(92.431370849898,-112.7858457431,17.7));
#3759 = VECTOR('',#3760,1.);
#3760 = DIRECTION('',(0.,1.,-2.2E-16));
#3761 = ORIENTED_EDGE('',*,*,#2311,.T.);
#3762 = ORIENTED_EDGE('',*,*,#3739,.F.);
#3763 = CYLINDRICAL_SURFACE('',#3764,0.8);
#3764 = AXIS2_PLACEMENT_3D('',#3765,#3766,#3767);
#3765 = CARTESIAN_POINT('',(91.865685424949,-112.7858457431,
    17.134314575051));
#3766 = DIRECTION('',(0.,-1.,2.2E-16));
#3767 = DIRECTION('',(1.,0.,0.));
#3768 = ADVANCED_FACE('',(#3769),#3780,.T.);
#3769 = FACE_BOUND('',#3770,.T.);
#3770 = EDGE_LOOP('',(#3771,#3772,#3773,#3774));
#3771 = ORIENTED_EDGE('',*,*,#3121,.T.);
#3772 = ORIENTED_EDGE('',*,*,#3756,.T.);
#3773 = ORIENTED_EDGE('',*,*,#2303,.F.);
#3774 = ORIENTED_EDGE('',*,*,#3775,.F.);
#3775 = EDGE_CURVE('',#3122,#2295,#3776,.T.);
#3776 = LINE('',#3777,#3778);
#3777 = CARTESIAN_POINT('',(93.568629150102,-112.7858457431,17.7));
#3778 = VECTOR('',#3779,1.);
#3779 = DIRECTION('',(0.,1.,-2.2E-16));
#3780 = PLANE('',#3781);
#3781 = AXIS2_PLACEMENT_3D('',#3782,#3783,#3784);
#3782 = CARTESIAN_POINT('',(92.431370849898,-112.7858457431,17.7));
#3783 = DIRECTION('',(0.,-2.2E-16,-1.));
#3784 = DIRECTION('',(1.,0.,0.));
#3785 = ADVANCED_FACE('',(#3786),#3797,.F.);
#3786 = FACE_BOUND('',#3787,.F.);
#3787 = EDGE_LOOP('',(#3788,#3789,#3795,#3796));
#3788 = ORIENTED_EDGE('',*,*,#3129,.F.);
#3789 = ORIENTED_EDGE('',*,*,#3790,.T.);
#3790 = EDGE_CURVE('',#3130,#2287,#3791,.T.);
#3791 = LINE('',#3792,#3793);
#3792 = CARTESIAN_POINT('',(94.7,-112.7858457431,16.568629150102));
#3793 = VECTOR('',#3794,1.);
#3794 = DIRECTION('',(0.,1.,-2.2E-16));
#3795 = ORIENTED_EDGE('',*,*,#2294,.T.);
#3796 = ORIENTED_EDGE('',*,*,#3775,.F.);
#3797 = CYLINDRICAL_SURFACE('',#3798,0.8);
#3798 = AXIS2_PLACEMENT_3D('',#3799,#3800,#3801);
#3799 = CARTESIAN_POINT('',(94.134314575051,-112.7858457431,
    17.134314575051));
#3800 = DIRECTION('',(0.,-1.,2.2E-16));
#3801 = DIRECTION('',(1.,0.,0.));
#3802 = ADVANCED_FACE('',(#3803),#3814,.T.);
#3803 = FACE_BOUND('',#3804,.T.);
#3804 = EDGE_LOOP('',(#3805,#3806,#3807,#3808));
#3805 = ORIENTED_EDGE('',*,*,#3138,.T.);
#3806 = ORIENTED_EDGE('',*,*,#3790,.T.);
#3807 = ORIENTED_EDGE('',*,*,#2286,.F.);
#3808 = ORIENTED_EDGE('',*,*,#3809,.F.);
#3809 = EDGE_CURVE('',#3139,#2279,#3810,.T.);
#3810 = LINE('',#3811,#3812);
#3811 = CARTESIAN_POINT('',(94.7,-112.7858457431,2.505E-14));
#3812 = VECTOR('',#3813,1.);
#3813 = DIRECTION('',(0.,1.,-2.2E-16));
#3814 = PLANE('',#3815);
#3815 = AXIS2_PLACEMENT_3D('',#3816,#3817,#3818);
#3816 = CARTESIAN_POINT('',(94.7,-112.7858457431,16.568629150102));
#3817 = DIRECTION('',(-1.,0.,0.));
#3818 = DIRECTION('',(0.,-2.2E-16,-1.));
#3819 = ADVANCED_FACE('',(#3820),#3831,.F.);
#3820 = FACE_BOUND('',#3821,.F.);
#3821 = EDGE_LOOP('',(#3822,#3823,#3824,#3825));
#3822 = ORIENTED_EDGE('',*,*,#2278,.F.);
#3823 = ORIENTED_EDGE('',*,*,#3809,.F.);
#3824 = ORIENTED_EDGE('',*,*,#3146,.T.);
#3825 = ORIENTED_EDGE('',*,*,#3826,.F.);
#3826 = EDGE_CURVE('',#2271,#3147,#3827,.T.);
#3827 = LINE('',#3828,#3829);
#3828 = CARTESIAN_POINT('',(99.5,1.5,-4.5E-16));
#3829 = VECTOR('',#3830,1.);
#3830 = DIRECTION('',(0.,-1.,2.2E-16));
#3831 = PLANE('',#3832);
#3832 = AXIS2_PLACEMENT_3D('',#3833,#3834,#3835);
#3833 = CARTESIAN_POINT('',(-6.5,1.5,-4.5E-16));
#3834 = DIRECTION('',(0.,2.2E-16,1.));
#3835 = DIRECTION('',(1.,0.,0.));
#3836 = ADVANCED_FACE('',(#3837),#3848,.F.);
#3837 = FACE_BOUND('',#3838,.F.);
#3838 = EDGE_LOOP('',(#3839,#3840,#3841,#3847));
#3839 = ORIENTED_EDGE('',*,*,#3826,.T.);
#3840 = ORIENTED_EDGE('',*,*,#3154,.T.);
#3841 = ORIENTED_EDGE('',*,*,#3842,.F.);
#3842 = EDGE_CURVE('',#2263,#2707,#3843,.T.);
#3843 = LINE('',#3844,#3845);
#3844 = CARTESIAN_POINT('',(99.5,1.5,35.));
#3845 = VECTOR('',#3846,1.);
#3846 = DIRECTION('',(0.,-1.,2.2E-16));
#3847 = ORIENTED_EDGE('',*,*,#2270,.F.);
#3848 = PLANE('',#3849);
#3849 = AXIS2_PLACEMENT_3D('',#3850,#3851,#3852);
#3850 = CARTESIAN_POINT('',(99.5,1.5,-4.5E-16));
#3851 = DIRECTION('',(-1.,0.,0.));
#3852 = DIRECTION('',(0.,2.2E-16,1.));
#3853 = ADVANCED_FACE('',(#3854),#3865,.F.);
#3854 = FACE_BOUND('',#3855,.F.);
#3855 = EDGE_LOOP('',(#3856,#3857,#3858,#3864));
#3856 = ORIENTED_EDGE('',*,*,#3842,.T.);
#3857 = ORIENTED_EDGE('',*,*,#2706,.T.);
#3858 = ORIENTED_EDGE('',*,*,#3859,.F.);
#3859 = EDGE_CURVE('',#2255,#2709,#3860,.T.);
#3860 = LINE('',#3861,#3862);
#3861 = CARTESIAN_POINT('',(-6.5,1.5,35.));
#3862 = VECTOR('',#3863,1.);
#3863 = DIRECTION('',(0.,-1.,2.2E-16));
#3864 = ORIENTED_EDGE('',*,*,#2262,.F.);
#3865 = PLANE('',#3866);
#3866 = AXIS2_PLACEMENT_3D('',#3867,#3868,#3869);
#3867 = CARTESIAN_POINT('',(99.5,1.5,35.));
#3868 = DIRECTION('',(0.,-2.2E-16,-1.));
#3869 = DIRECTION('',(-1.,0.,0.));
#3870 = ADVANCED_FACE('',(#3871),#3877,.F.);
#3871 = FACE_BOUND('',#3872,.F.);
#3872 = EDGE_LOOP('',(#3873,#3874,#3875,#3876));
#3873 = ORIENTED_EDGE('',*,*,#3859,.T.);
#3874 = ORIENTED_EDGE('',*,*,#2716,.T.);
#3875 = ORIENTED_EDGE('',*,*,#3186,.F.);
#3876 = ORIENTED_EDGE('',*,*,#2254,.F.);
#3877 = PLANE('',#3878);
#3878 = AXIS2_PLACEMENT_3D('',#3879,#3880,#3881);
#3879 = CARTESIAN_POINT('',(-6.5,1.5,35.));
#3880 = DIRECTION('',(1.,0.,0.));
#3881 = DIRECTION('',(0.,-2.2E-16,-1.));
#3882 = ADVANCED_FACE('',(#3883),#3893,.F.);
#3883 = FACE_BOUND('',#3884,.F.);
#3884 = EDGE_LOOP('',(#3885,#3886,#3887,#3888,#3889,#3890,#3891,#3892));
#3885 = ORIENTED_EDGE('',*,*,#3661,.F.);
#3886 = ORIENTED_EDGE('',*,*,#2378,.T.);
#3887 = ORIENTED_EDGE('',*,*,#2387,.T.);
#3888 = ORIENTED_EDGE('',*,*,#2396,.T.);
#3889 = ORIENTED_EDGE('',*,*,#2230,.T.);
#3890 = ORIENTED_EDGE('',*,*,#3027,.F.);
#3891 = ORIENTED_EDGE('',*,*,#3036,.F.);
#3892 = ORIENTED_EDGE('',*,*,#3045,.F.);
#3893 = CYLINDRICAL_SURFACE('',#3894,0.8);
#3894 = AXIS2_PLACEMENT_3D('',#3895,#3896,#3897);
#3895 = CARTESIAN_POINT('',(73.934314575051,-114.46914213,
    -0.565685424949));
#3896 = DIRECTION('',(0.,-1.,2.2E-16));
#3897 = DIRECTION('',(1.,0.,0.));
#3898 = ADVANCED_FACE('',(#3899),#3909,.F.);
#3899 = FACE_BOUND('',#3900,.F.);
#3900 = EDGE_LOOP('',(#3901,#3902,#3903,#3904,#3905,#3906,#3907,#3908));
#3901 = ORIENTED_EDGE('',*,*,#3520,.F.);
#3902 = ORIENTED_EDGE('',*,*,#2496,.T.);
#3903 = ORIENTED_EDGE('',*,*,#2505,.T.);
#3904 = ORIENTED_EDGE('',*,*,#2514,.T.);
#3905 = ORIENTED_EDGE('',*,*,#3505,.T.);
#3906 = ORIENTED_EDGE('',*,*,#2909,.F.);
#3907 = ORIENTED_EDGE('',*,*,#2918,.F.);
#3908 = ORIENTED_EDGE('',*,*,#2927,.F.);
#3909 = CYLINDRICAL_SURFACE('',#3910,0.8);
#3910 = AXIS2_PLACEMENT_3D('',#3911,#3912,#3913);
#3911 = CARTESIAN_POINT('',(42.934314575051,-114.46914213,
    -0.565685424949));
#3912 = DIRECTION('',(0.,-1.,2.2E-16));
#3913 = DIRECTION('',(1.,0.,0.));
#3914 = ADVANCED_FACE('',(#3915),#3923,.F.);
#3915 = FACE_BOUND('',#3916,.F.);
#3916 = EDGE_LOOP('',(#3917,#3918,#3919,#3920,#3921,#3922));
#3917 = ORIENTED_EDGE('',*,*,#3576,.F.);
#3918 = ORIENTED_EDGE('',*,*,#2454,.T.);
#3919 = ORIENTED_EDGE('',*,*,#2463,.T.);
#3920 = ORIENTED_EDGE('',*,*,#3561,.T.);
#3921 = ORIENTED_EDGE('',*,*,#2960,.F.);
#3922 = ORIENTED_EDGE('',*,*,#2969,.F.);
#3923 = CYLINDRICAL_SURFACE('',#3924,0.799999999984);
#3924 = AXIS2_PLACEMENT_3D('',#3925,#3926,#3927);
#3925 = CARTESIAN_POINT('',(50.065685424938,-114.46914213,
    -0.565685424938));
#3926 = DIRECTION('',(0.,-1.,2.2E-16));
#3927 = DIRECTION('',(1.,0.,0.));
#3928 = ADVANCED_FACE('',(#3929),#3937,.F.);
#3929 = FACE_BOUND('',#3930,.F.);
#3930 = EDGE_LOOP('',(#3931,#3932,#3933,#3934,#3935,#3936));
#3931 = ORIENTED_EDGE('',*,*,#3717,.F.);
#3932 = ORIENTED_EDGE('',*,*,#2336,.T.);
#3933 = ORIENTED_EDGE('',*,*,#2345,.T.);
#3934 = ORIENTED_EDGE('',*,*,#3702,.T.);
#3935 = ORIENTED_EDGE('',*,*,#3078,.F.);
#3936 = ORIENTED_EDGE('',*,*,#3087,.F.);
#3937 = CYLINDRICAL_SURFACE('',#3938,0.799999999984);
#3938 = AXIS2_PLACEMENT_3D('',#3939,#3940,#3941);
#3939 = CARTESIAN_POINT('',(81.065685424938,-114.46914213,
    -0.565685424938));
#3940 = DIRECTION('',(0.,-1.,2.2E-16));
#3941 = DIRECTION('',(1.,0.,0.));
#3942 = ( GEOMETRIC_REPRESENTATION_CONTEXT(3) 
GLOBAL_UNCERTAINTY_ASSIGNED_CONTEXT((#3946)) 
GLOBAL_UNIT_ASSIGNED_CONTEXT((#3943,#3944,#3945)) REPRESENTATION_CONTEXT
('Context #1','3D Context with UNIT and UNCERTAINTY') );
#3943 = ( LENGTH_UNIT() NAMED_UNIT(*) SI_UNIT(.MILLI.,.METRE.) );
#3944 = ( NAMED_UNIT(*) PLANE_ANGLE_UNIT() SI_UNIT($,.RADIAN.) );
#3945 = ( NAMED_UNIT(*) SI_UNIT($,.STERADIAN.) SOLID_ANGLE_UNIT() );
#3946 = UNCERTAINTY_MEASURE_WITH_UNIT(LENGTH_MEASURE(1.E-04),#3943,
  'distance_accuracy_value','confusion accuracy');
#3947 = CONTEXT_DEPENDENT_SHAPE_REPRESENTATION(#3948,#3950);
#3948 = ( REPRESENTATION_RELATIONSHIP('','',#2197,#2174) 
REPRESENTATION_RELATIONSHIP_WITH_TRANSFORMATION(#3949) 
SHAPE_REPRESENTATION_RELATIONSHIP() );
#3949 = ITEM_DEFINED_TRANSFORMATION('','',#11,#2175);
#3950 = PRODUCT_DEFINITION_SHAPE('Placement','Placement of an item',
  #3951);
#3951 = NEXT_ASSEMBLY_USAGE_OCCURRENCE('3','Body004','',#2169,#2192,$);
#3952 = PRODUCT_RELATED_PRODUCT_CATEGORY('part',$,(#2194));
#3953 = SHAPE_DEFINITION_REPRESENTATION(#3954,#3960);
#3954 = PRODUCT_DEFINITION_SHAPE('','',#3955);
#3955 = PRODUCT_DEFINITION('design','',#3956,#3959);
#3956 = PRODUCT_DEFINITION_FORMATION('','',#3957);
#3957 = PRODUCT('Grundplatte','Grundplatte','',(#3958));
#3958 = PRODUCT_CONTEXT('',#2,'mechanical');
#3959 = PRODUCT_DEFINITION_CONTEXT('part definition',#2,'design');
#3960 = SHAPE_REPRESENTATION('',(#11,#3961),#3965);
#3961 = AXIS2_PLACEMENT_3D('',#3962,#3963,#3964);
#3962 = CARTESIAN_POINT('',(0.,0.,0.));
#3963 = DIRECTION('',(0.,0.,1.));
#3964 = DIRECTION('',(1.,0.,0.));
#3965 = ( GEOMETRIC_REPRESENTATION_CONTEXT(3) 
GLOBAL_UNCERTAINTY_ASSIGNED_CONTEXT((#3969)) 
GLOBAL_UNIT_ASSIGNED_CONTEXT((#3966,#3967,#3968)) REPRESENTATION_CONTEXT
('Context #1','3D Context with UNIT and UNCERTAINTY') );
#3966 = ( LENGTH_UNIT() NAMED_UNIT(*) SI_UNIT(.MILLI.,.METRE.) );
#3967 = ( NAMED_UNIT(*) PLANE_ANGLE_UNIT() SI_UNIT($,.RADIAN.) );
#3968 = ( NAMED_UNIT(*) SI_UNIT($,.STERADIAN.) SOLID_ANGLE_UNIT() );
#3969 = UNCERTAINTY_MEASURE_WITH_UNIT(LENGTH_MEASURE(1.E-04),#3966,
  'distance_accuracy_value','confusion accuracy');
#3970 = CONTEXT_DEPENDENT_SHAPE_REPRESENTATION(#3971,#3973);
#3971 = ( REPRESENTATION_RELATIONSHIP('','',#3960,#10) 
REPRESENTATION_RELATIONSHIP_WITH_TRANSFORMATION(#3972) 
SHAPE_REPRESENTATION_RELATIONSHIP() );
#3972 = ITEM_DEFINED_TRANSFORMATION('','',#11,#23);
#3973 = PRODUCT_DEFINITION_SHAPE('Placement','Placement of an item',
  #3974);
#3974 = NEXT_ASSEMBLY_USAGE_OCCURRENCE('6','Grundplatte003','',#5,#3955,
  $);
#3975 = PRODUCT_RELATED_PRODUCT_CATEGORY('part',$,(#3957));
#3976 = SHAPE_DEFINITION_REPRESENTATION(#3977,#3983);
#3977 = PRODUCT_DEFINITION_SHAPE('','',#3978);
#3978 = PRODUCT_DEFINITION('design','',#3979,#3982);
#3979 = PRODUCT_DEFINITION_FORMATION('','',#3980);
#3980 = PRODUCT('Body005','Body005','',(#3981));
#3981 = PRODUCT_CONTEXT('',#2,'mechanical');
#3982 = PRODUCT_DEFINITION_CONTEXT('part definition',#2,'design');
#3983 = ADVANCED_BREP_SHAPE_REPRESENTATION('',(#11,#3984),#9654);
#3984 = MANIFOLD_SOLID_BREP('',#3985);
#3985 = CLOSED_SHELL('',(#3986,#4026,#4057,#4088,#5505,#6922,#6934,#6956
    ,#6973,#6990,#7007,#7024,#7041,#7058,#7070,#7092,#7109,#7126,#7143,
    #7160,#7177,#7194,#7206,#7228,#7245,#7262,#7279,#7296,#7313,#7330,
    #7342,#7364,#7381,#7398,#7415,#7432,#7449,#7466,#7478,#7500,#7517,
    #7534,#7551,#7568,#7585,#7602,#7614,#7636,#7653,#7670,#7687,#7704,
    #7721,#7738,#7750,#7772,#7789,#7806,#7823,#7840,#7857,#7874,#7886,
    #7908,#7925,#7942,#7959,#7976,#7993,#8010,#8022,#8044,#8061,#8078,
    #8095,#8112,#8129,#8146,#8158,#8180,#8197,#8214,#8231,#8248,#8265,
    #8282,#8294,#8316,#8333,#8350,#8367,#8384,#8401,#8418,#8430,#8452,
    #8469,#8486,#8503,#8520,#8537,#8554,#8566,#8588,#8605,#8622,#8639,
    #8656,#8673,#8690,#8702,#8724,#8741,#8758,#8775,#8792,#8809,#8826,
    #8838,#8860,#8877,#8894,#8911,#8928,#8945,#8962,#8974,#8996,#9013,
    #9030,#9047,#9064,#9081,#9098,#9110,#9132,#9149,#9166,#9183,#9200,
    #9217,#9234,#9246,#9268,#9285,#9302,#9319,#9336,#9353,#9370,#9382,
    #9404,#9421,#9438,#9455,#9472,#9489,#9506,#9518,#9540,#9557,#9574,
    #9591,#9608,#9625,#9642));
#3986 = ADVANCED_FACE('',(#3987),#4021,.T.);
#3987 = FACE_BOUND('',#3988,.T.);
#3988 = EDGE_LOOP('',(#3989,#3999,#4007,#4015));
#3989 = ORIENTED_EDGE('',*,*,#3990,.T.);
#3990 = EDGE_CURVE('',#3991,#3993,#3995,.T.);
#3991 = VERTEX_POINT('',#3992);
#3992 = CARTESIAN_POINT('',(-45.,-57.5,0.));
#3993 = VERTEX_POINT('',#3994);
#3994 = CARTESIAN_POINT('',(-45.,-57.5,-5.));
#3995 = LINE('',#3996,#3997);
#3996 = CARTESIAN_POINT('',(-45.,-57.5,0.));
#3997 = VECTOR('',#3998,1.);
#3998 = DIRECTION('',(-0.,-0.,-1.));
#3999 = ORIENTED_EDGE('',*,*,#4000,.T.);
#4000 = EDGE_CURVE('',#3993,#4001,#4003,.T.);
#4001 = VERTEX_POINT('',#4002);
#4002 = CARTESIAN_POINT('',(138.,-57.5,-5.));
#4003 = LINE('',#4004,#4005);
#4004 = CARTESIAN_POINT('',(-45.,-57.5,-5.));
#4005 = VECTOR('',#4006,1.);
#4006 = DIRECTION('',(1.,0.,0.));
#4007 = ORIENTED_EDGE('',*,*,#4008,.F.);
#4008 = EDGE_CURVE('',#4009,#4001,#4011,.T.);
#4009 = VERTEX_POINT('',#4010);
#4010 = CARTESIAN_POINT('',(138.,-57.5,0.));
#4011 = LINE('',#4012,#4013);
#4012 = CARTESIAN_POINT('',(138.,-57.5,0.));
#4013 = VECTOR('',#4014,1.);
#4014 = DIRECTION('',(-0.,-0.,-1.));
#4015 = ORIENTED_EDGE('',*,*,#4016,.F.);
#4016 = EDGE_CURVE('',#3991,#4009,#4017,.T.);
#4017 = LINE('',#4018,#4019);
#4018 = CARTESIAN_POINT('',(-45.,-57.5,0.));
#4019 = VECTOR('',#4020,1.);
#4020 = DIRECTION('',(1.,0.,0.));
#4021 = PLANE('',#4022);
#4022 = AXIS2_PLACEMENT_3D('',#4023,#4024,#4025);
#4023 = CARTESIAN_POINT('',(-45.,-57.5,0.));
#4024 = DIRECTION('',(0.,-1.,0.));
#4025 = DIRECTION('',(1.,0.,0.));
#4026 = ADVANCED_FACE('',(#4027),#4052,.T.);
#4027 = FACE_BOUND('',#4028,.T.);
#4028 = EDGE_LOOP('',(#4029,#4039,#4045,#4046));
#4029 = ORIENTED_EDGE('',*,*,#4030,.T.);
#4030 = EDGE_CURVE('',#4031,#4033,#4035,.T.);
#4031 = VERTEX_POINT('',#4032);
#4032 = CARTESIAN_POINT('',(-45.,107.5,0.));
#4033 = VERTEX_POINT('',#4034);
#4034 = CARTESIAN_POINT('',(-45.,107.5,-5.));
#4035 = LINE('',#4036,#4037);
#4036 = CARTESIAN_POINT('',(-45.,107.5,0.));
#4037 = VECTOR('',#4038,1.);
#4038 = DIRECTION('',(-0.,-0.,-1.));
#4039 = ORIENTED_EDGE('',*,*,#4040,.T.);
#4040 = EDGE_CURVE('',#4033,#3993,#4041,.T.);
#4041 = LINE('',#4042,#4043);
#4042 = CARTESIAN_POINT('',(-45.,107.5,-5.));
#4043 = VECTOR('',#4044,1.);
#4044 = DIRECTION('',(0.,-1.,0.));
#4045 = ORIENTED_EDGE('',*,*,#3990,.F.);
#4046 = ORIENTED_EDGE('',*,*,#4047,.F.);
#4047 = EDGE_CURVE('',#4031,#3991,#4048,.T.);
#4048 = LINE('',#4049,#4050);
#4049 = CARTESIAN_POINT('',(-45.,107.5,0.));
#4050 = VECTOR('',#4051,1.);
#4051 = DIRECTION('',(0.,-1.,0.));
#4052 = PLANE('',#4053);
#4053 = AXIS2_PLACEMENT_3D('',#4054,#4055,#4056);
#4054 = CARTESIAN_POINT('',(-45.,107.5,0.));
#4055 = DIRECTION('',(-1.,0.,0.));
#4056 = DIRECTION('',(0.,-1.,0.));
#4057 = ADVANCED_FACE('',(#4058),#4083,.T.);
#4058 = FACE_BOUND('',#4059,.T.);
#4059 = EDGE_LOOP('',(#4060,#4061,#4069,#4077));
#4060 = ORIENTED_EDGE('',*,*,#4008,.T.);
#4061 = ORIENTED_EDGE('',*,*,#4062,.T.);
#4062 = EDGE_CURVE('',#4001,#4063,#4065,.T.);
#4063 = VERTEX_POINT('',#4064);
#4064 = CARTESIAN_POINT('',(138.,107.5,-5.));
#4065 = LINE('',#4066,#4067);
#4066 = CARTESIAN_POINT('',(138.,-57.5,-5.));
#4067 = VECTOR('',#4068,1.);
#4068 = DIRECTION('',(0.,1.,0.));
#4069 = ORIENTED_EDGE('',*,*,#4070,.F.);
#4070 = EDGE_CURVE('',#4071,#4063,#4073,.T.);
#4071 = VERTEX_POINT('',#4072);
#4072 = CARTESIAN_POINT('',(138.,107.5,0.));
#4073 = LINE('',#4074,#4075);
#4074 = CARTESIAN_POINT('',(138.,107.5,0.));
#4075 = VECTOR('',#4076,1.);
#4076 = DIRECTION('',(-0.,-0.,-1.));
#4077 = ORIENTED_EDGE('',*,*,#4078,.F.);
#4078 = EDGE_CURVE('',#4009,#4071,#4079,.T.);
#4079 = LINE('',#4080,#4081);
#4080 = CARTESIAN_POINT('',(138.,-57.5,0.));
#4081 = VECTOR('',#4082,1.);
#4082 = DIRECTION('',(0.,1.,0.));
#4083 = PLANE('',#4084);
#4084 = AXIS2_PLACEMENT_3D('',#4085,#4086,#4087);
#4085 = CARTESIAN_POINT('',(138.,-57.5,0.));
#4086 = DIRECTION('',(1.,0.,0.));
#4087 = DIRECTION('',(0.,1.,0.));
#4088 = ADVANCED_FACE('',(#4089,#4100,#4170,#4240,#4310,#4380,#4450,
    #4520,#4590,#4660,#4730,#4800,#4870,#4940,#5010,#5080,#5150,#5220,
    #5290,#5360,#5430),#5500,.T.);
#4089 = FACE_BOUND('',#4090,.T.);
#4090 = EDGE_LOOP('',(#4091,#4092,#4093,#4099));
#4091 = ORIENTED_EDGE('',*,*,#4016,.T.);
#4092 = ORIENTED_EDGE('',*,*,#4078,.T.);
#4093 = ORIENTED_EDGE('',*,*,#4094,.T.);
#4094 = EDGE_CURVE('',#4071,#4031,#4095,.T.);
#4095 = LINE('',#4096,#4097);
#4096 = CARTESIAN_POINT('',(138.,107.5,0.));
#4097 = VECTOR('',#4098,1.);
#4098 = DIRECTION('',(-1.,0.,0.));
#4099 = ORIENTED_EDGE('',*,*,#4047,.T.);
#4100 = FACE_BOUND('',#4101,.T.);
#4101 = EDGE_LOOP('',(#4102,#4113,#4121,#4130,#4138,#4147,#4155,#4164));
#4102 = ORIENTED_EDGE('',*,*,#4103,.F.);
#4103 = EDGE_CURVE('',#4104,#4106,#4108,.T.);
#4104 = VERTEX_POINT('',#4105);
#4105 = CARTESIAN_POINT('',(18.7,-11.93137084989,0.));
#4106 = VERTEX_POINT('',#4107);
#4107 = CARTESIAN_POINT('',(17.568629150102,-10.8,0.));
#4108 = CIRCLE('',#4109,0.8);
#4109 = AXIS2_PLACEMENT_3D('',#4110,#4111,#4112);
#4110 = CARTESIAN_POINT('',(18.134314575051,-11.36568542494,0.));
#4111 = DIRECTION('',(0.,0.,1.));
#4112 = DIRECTION('',(1.,0.,0.));
#4113 = ORIENTED_EDGE('',*,*,#4114,.T.);
#4114 = EDGE_CURVE('',#4104,#4115,#4117,.T.);
#4115 = VERTEX_POINT('',#4116);
#4116 = CARTESIAN_POINT('',(18.7,-13.0686291501,0.));
#4117 = LINE('',#4118,#4119);
#4118 = CARTESIAN_POINT('',(18.7,-11.93137084989,0.));
#4119 = VECTOR('',#4120,1.);
#4120 = DIRECTION('',(-6.25E-15,-1.,0.));
#4121 = ORIENTED_EDGE('',*,*,#4122,.F.);
#4122 = EDGE_CURVE('',#4123,#4115,#4125,.T.);
#4123 = VERTEX_POINT('',#4124);
#4124 = CARTESIAN_POINT('',(17.568629150102,-14.2,0.));
#4125 = CIRCLE('',#4126,0.8);
#4126 = AXIS2_PLACEMENT_3D('',#4127,#4128,#4129);
#4127 = CARTESIAN_POINT('',(18.134314575051,-13.63431457505,0.));
#4128 = DIRECTION('',(0.,0.,1.));
#4129 = DIRECTION('',(1.,0.,0.));
#4130 = ORIENTED_EDGE('',*,*,#4131,.F.);
#4131 = EDGE_CURVE('',#4132,#4123,#4134,.T.);
#4132 = VERTEX_POINT('',#4133);
#4133 = CARTESIAN_POINT('',(13.431370849898,-14.2,0.));
#4134 = LINE('',#4135,#4136);
#4135 = CARTESIAN_POINT('',(13.431370849898,-14.2,0.));
#4136 = VECTOR('',#4137,1.);
#4137 = DIRECTION('',(1.,-4.3E-16,0.));
#4138 = ORIENTED_EDGE('',*,*,#4139,.F.);
#4139 = EDGE_CURVE('',#4140,#4132,#4142,.T.);
#4140 = VERTEX_POINT('',#4141);
#4141 = CARTESIAN_POINT('',(12.3,-13.0686291501,0.));
#4142 = CIRCLE('',#4143,0.8);
#4143 = AXIS2_PLACEMENT_3D('',#4144,#4145,#4146);
#4144 = CARTESIAN_POINT('',(12.865685424949,-13.63431457505,0.));
#4145 = DIRECTION('',(0.,0.,1.));
#4146 = DIRECTION('',(1.,0.,0.));
#4147 = ORIENTED_EDGE('',*,*,#4148,.F.);
#4148 = EDGE_CURVE('',#4149,#4140,#4151,.T.);
#4149 = VERTEX_POINT('',#4150);
#4150 = CARTESIAN_POINT('',(12.3,-11.93137084989,0.));
#4151 = LINE('',#4152,#4153);
#4152 = CARTESIAN_POINT('',(12.3,-11.93137084989,0.));
#4153 = VECTOR('',#4154,1.);
#4154 = DIRECTION('',(-4.69E-15,-1.,0.));
#4155 = ORIENTED_EDGE('',*,*,#4156,.F.);
#4156 = EDGE_CURVE('',#4157,#4149,#4159,.T.);
#4157 = VERTEX_POINT('',#4158);
#4158 = CARTESIAN_POINT('',(13.431370849898,-10.8,0.));
#4159 = CIRCLE('',#4160,0.8);
#4160 = AXIS2_PLACEMENT_3D('',#4161,#4162,#4163);
#4161 = CARTESIAN_POINT('',(12.865685424949,-11.36568542494,0.));
#4162 = DIRECTION('',(0.,0.,1.));
#4163 = DIRECTION('',(1.,0.,0.));
#4164 = ORIENTED_EDGE('',*,*,#4165,.T.);
#4165 = EDGE_CURVE('',#4157,#4106,#4166,.T.);
#4166 = LINE('',#4167,#4168);
#4167 = CARTESIAN_POINT('',(13.431370849898,-10.8,0.));
#4168 = VECTOR('',#4169,1.);
#4169 = DIRECTION('',(1.,0.,0.));
#4170 = FACE_BOUND('',#4171,.T.);
#4171 = EDGE_LOOP('',(#4172,#4183,#4191,#4200,#4208,#4217,#4225,#4234));
#4172 = ORIENTED_EDGE('',*,*,#4173,.F.);
#4173 = EDGE_CURVE('',#4174,#4176,#4178,.T.);
#4174 = VERTEX_POINT('',#4175);
#4175 = CARTESIAN_POINT('',(49.7,-11.93137084989,0.));
#4176 = VERTEX_POINT('',#4177);
#4177 = CARTESIAN_POINT('',(48.568629150102,-10.8,0.));
#4178 = CIRCLE('',#4179,0.8);
#4179 = AXIS2_PLACEMENT_3D('',#4180,#4181,#4182);
#4180 = CARTESIAN_POINT('',(49.134314575051,-11.36568542494,0.));
#4181 = DIRECTION('',(0.,0.,1.));
#4182 = DIRECTION('',(1.,0.,0.));
#4183 = ORIENTED_EDGE('',*,*,#4184,.T.);
#4184 = EDGE_CURVE('',#4174,#4185,#4187,.T.);
#4185 = VERTEX_POINT('',#4186);
#4186 = CARTESIAN_POINT('',(49.7,-13.0686291501,0.));
#4187 = LINE('',#4188,#4189);
#4188 = CARTESIAN_POINT('',(49.7,-11.93137084989,0.));
#4189 = VECTOR('',#4190,1.);
#4190 = DIRECTION('',(-6.25E-15,-1.,0.));
#4191 = ORIENTED_EDGE('',*,*,#4192,.F.);
#4192 = EDGE_CURVE('',#4193,#4185,#4195,.T.);
#4193 = VERTEX_POINT('',#4194);
#4194 = CARTESIAN_POINT('',(48.568629150102,-14.2,0.));
#4195 = CIRCLE('',#4196,0.8);
#4196 = AXIS2_PLACEMENT_3D('',#4197,#4198,#4199);
#4197 = CARTESIAN_POINT('',(49.134314575051,-13.63431457505,0.));
#4198 = DIRECTION('',(0.,0.,1.));
#4199 = DIRECTION('',(1.,0.,0.));
#4200 = ORIENTED_EDGE('',*,*,#4201,.F.);
#4201 = EDGE_CURVE('',#4202,#4193,#4204,.T.);
#4202 = VERTEX_POINT('',#4203);
#4203 = CARTESIAN_POINT('',(44.431370849898,-14.2,0.));
#4204 = LINE('',#4205,#4206);
#4205 = CARTESIAN_POINT('',(44.431370849898,-14.2,0.));
#4206 = VECTOR('',#4207,1.);
#4207 = DIRECTION('',(1.,-4.3E-16,0.));
#4208 = ORIENTED_EDGE('',*,*,#4209,.F.);
#4209 = EDGE_CURVE('',#4210,#4202,#4212,.T.);
#4210 = VERTEX_POINT('',#4211);
#4211 = CARTESIAN_POINT('',(43.3,-13.0686291501,0.));
#4212 = CIRCLE('',#4213,0.8);
#4213 = AXIS2_PLACEMENT_3D('',#4214,#4215,#4216);
#4214 = CARTESIAN_POINT('',(43.865685424949,-13.63431457505,0.));
#4215 = DIRECTION('',(0.,0.,1.));
#4216 = DIRECTION('',(1.,0.,0.));
#4217 = ORIENTED_EDGE('',*,*,#4218,.F.);
#4218 = EDGE_CURVE('',#4219,#4210,#4221,.T.);
#4219 = VERTEX_POINT('',#4220);
#4220 = CARTESIAN_POINT('',(43.3,-11.93137084989,0.));
#4221 = LINE('',#4222,#4223);
#4222 = CARTESIAN_POINT('',(43.3,-11.93137084989,0.));
#4223 = VECTOR('',#4224,1.);
#4224 = DIRECTION('',(-4.69E-15,-1.,0.));
#4225 = ORIENTED_EDGE('',*,*,#4226,.F.);
#4226 = EDGE_CURVE('',#4227,#4219,#4229,.T.);
#4227 = VERTEX_POINT('',#4228);
#4228 = CARTESIAN_POINT('',(44.431370849898,-10.8,0.));
#4229 = CIRCLE('',#4230,0.8);
#4230 = AXIS2_PLACEMENT_3D('',#4231,#4232,#4233);
#4231 = CARTESIAN_POINT('',(43.865685424949,-11.36568542494,0.));
#4232 = DIRECTION('',(0.,0.,1.));
#4233 = DIRECTION('',(1.,0.,0.));
#4234 = ORIENTED_EDGE('',*,*,#4235,.T.);
#4235 = EDGE_CURVE('',#4227,#4176,#4236,.T.);
#4236 = LINE('',#4237,#4238);
#4237 = CARTESIAN_POINT('',(44.431370849898,-10.8,0.));
#4238 = VECTOR('',#4239,1.);
#4239 = DIRECTION('',(1.,0.,0.));
#4240 = FACE_BOUND('',#4241,.T.);
#4241 = EDGE_LOOP('',(#4242,#4253,#4261,#4270,#4278,#4287,#4295,#4304));
#4242 = ORIENTED_EDGE('',*,*,#4243,.F.);
#4243 = EDGE_CURVE('',#4244,#4246,#4248,.T.);
#4244 = VERTEX_POINT('',#4245);
#4245 = CARTESIAN_POINT('',(-1.7,10.431370849898,0.));
#4246 = VERTEX_POINT('',#4247);
#4247 = CARTESIAN_POINT('',(-0.568629150102,9.3,0.));
#4248 = CIRCLE('',#4249,0.8);
#4249 = AXIS2_PLACEMENT_3D('',#4250,#4251,#4252);
#4250 = CARTESIAN_POINT('',(-1.134314575051,9.865685424949,0.));
#4251 = DIRECTION('',(0.,0.,1.));
#4252 = DIRECTION('',(1.,0.,0.));
#4253 = ORIENTED_EDGE('',*,*,#4254,.T.);
#4254 = EDGE_CURVE('',#4244,#4255,#4257,.T.);
#4255 = VERTEX_POINT('',#4256);
#4256 = CARTESIAN_POINT('',(-1.7,14.568629150102,0.));
#4257 = LINE('',#4258,#4259);
#4258 = CARTESIAN_POINT('',(-1.7,10.431370849898,0.));
#4259 = VECTOR('',#4260,1.);
#4260 = DIRECTION('',(5.E-17,1.,0.));
#4261 = ORIENTED_EDGE('',*,*,#4262,.F.);
#4262 = EDGE_CURVE('',#4263,#4255,#4265,.T.);
#4263 = VERTEX_POINT('',#4264);
#4264 = CARTESIAN_POINT('',(-0.568629150102,15.7,0.));
#4265 = CIRCLE('',#4266,0.8);
#4266 = AXIS2_PLACEMENT_3D('',#4267,#4268,#4269);
#4267 = CARTESIAN_POINT('',(-1.134314575051,15.134314575051,0.));
#4268 = DIRECTION('',(0.,0.,1.));
#4269 = DIRECTION('',(1.,0.,0.));
#4270 = ORIENTED_EDGE('',*,*,#4271,.T.);
#4271 = EDGE_CURVE('',#4263,#4272,#4274,.T.);
#4272 = VERTEX_POINT('',#4273);
#4273 = CARTESIAN_POINT('',(0.568629150102,15.7,0.));
#4274 = LINE('',#4275,#4276);
#4275 = CARTESIAN_POINT('',(-0.568629150102,15.7,0.));
#4276 = VECTOR('',#4277,1.);
#4277 = DIRECTION('',(1.,-1.56E-15,0.));
#4278 = ORIENTED_EDGE('',*,*,#4279,.F.);
#4279 = EDGE_CURVE('',#4280,#4272,#4282,.T.);
#4280 = VERTEX_POINT('',#4281);
#4281 = CARTESIAN_POINT('',(1.7,14.568629150102,0.));
#4282 = CIRCLE('',#4283,0.8);
#4283 = AXIS2_PLACEMENT_3D('',#4284,#4285,#4286);
#4284 = CARTESIAN_POINT('',(1.134314575051,15.134314575051,0.));
#4285 = DIRECTION('',(0.,0.,1.));
#4286 = DIRECTION('',(1.,0.,0.));
#4287 = ORIENTED_EDGE('',*,*,#4288,.F.);
#4288 = EDGE_CURVE('',#4289,#4280,#4291,.T.);
#4289 = VERTEX_POINT('',#4290);
#4290 = CARTESIAN_POINT('',(1.7,10.431370849898,0.));
#4291 = LINE('',#4292,#4293);
#4292 = CARTESIAN_POINT('',(1.7,10.431370849898,0.));
#4293 = VECTOR('',#4294,1.);
#4294 = DIRECTION('',(0.,1.,0.));
#4295 = ORIENTED_EDGE('',*,*,#4296,.F.);
#4296 = EDGE_CURVE('',#4297,#4289,#4299,.T.);
#4297 = VERTEX_POINT('',#4298);
#4298 = CARTESIAN_POINT('',(0.568629150102,9.3,0.));
#4299 = CIRCLE('',#4300,0.8);
#4300 = AXIS2_PLACEMENT_3D('',#4301,#4302,#4303);
#4301 = CARTESIAN_POINT('',(1.134314575051,9.865685424949,0.));
#4302 = DIRECTION('',(0.,0.,1.));
#4303 = DIRECTION('',(1.,0.,0.));
#4304 = ORIENTED_EDGE('',*,*,#4305,.F.);
#4305 = EDGE_CURVE('',#4246,#4297,#4306,.T.);
#4306 = LINE('',#4307,#4308);
#4307 = CARTESIAN_POINT('',(-0.568629150102,9.3,0.));
#4308 = VECTOR('',#4309,1.);
#4309 = DIRECTION('',(1.,1.56E-15,0.));
#4310 = FACE_BOUND('',#4311,.T.);
#4311 = EDGE_LOOP('',(#4312,#4323,#4331,#4340,#4348,#4357,#4365,#4374));
#4312 = ORIENTED_EDGE('',*,*,#4313,.F.);
#4313 = EDGE_CURVE('',#4314,#4316,#4318,.T.);
#4314 = VERTEX_POINT('',#4315);
#4315 = CARTESIAN_POINT('',(18.7,13.068629150102,0.));
#4316 = VERTEX_POINT('',#4317);
#4317 = CARTESIAN_POINT('',(17.568629150102,14.2,0.));
#4318 = CIRCLE('',#4319,0.8);
#4319 = AXIS2_PLACEMENT_3D('',#4320,#4321,#4322);
#4320 = CARTESIAN_POINT('',(18.134314575051,13.634314575051,0.));
#4321 = DIRECTION('',(0.,0.,1.));
#4322 = DIRECTION('',(1.,0.,0.));
#4323 = ORIENTED_EDGE('',*,*,#4324,.T.);
#4324 = EDGE_CURVE('',#4314,#4325,#4327,.T.);
#4325 = VERTEX_POINT('',#4326);
#4326 = CARTESIAN_POINT('',(18.7,11.931370849898,0.));
#4327 = LINE('',#4328,#4329);
#4328 = CARTESIAN_POINT('',(18.7,13.068629150102,0.));
#4329 = VECTOR('',#4330,1.);
#4330 = DIRECTION('',(-6.25E-15,-1.,0.));
#4331 = ORIENTED_EDGE('',*,*,#4332,.F.);
#4332 = EDGE_CURVE('',#4333,#4325,#4335,.T.);
#4333 = VERTEX_POINT('',#4334);
#4334 = CARTESIAN_POINT('',(17.568629150102,10.8,0.));
#4335 = CIRCLE('',#4336,0.8);
#4336 = AXIS2_PLACEMENT_3D('',#4337,#4338,#4339);
#4337 = CARTESIAN_POINT('',(18.134314575051,11.365685424949,0.));
#4338 = DIRECTION('',(0.,0.,1.));
#4339 = DIRECTION('',(1.,0.,0.));
#4340 = ORIENTED_EDGE('',*,*,#4341,.F.);
#4341 = EDGE_CURVE('',#4342,#4333,#4344,.T.);
#4342 = VERTEX_POINT('',#4343);
#4343 = CARTESIAN_POINT('',(13.431370849898,10.8,0.));
#4344 = LINE('',#4345,#4346);
#4345 = CARTESIAN_POINT('',(13.431370849898,10.8,0.));
#4346 = VECTOR('',#4347,1.);
#4347 = DIRECTION('',(1.,-4.3E-16,0.));
#4348 = ORIENTED_EDGE('',*,*,#4349,.F.);
#4349 = EDGE_CURVE('',#4350,#4342,#4352,.T.);
#4350 = VERTEX_POINT('',#4351);
#4351 = CARTESIAN_POINT('',(12.3,11.931370849898,0.));
#4352 = CIRCLE('',#4353,0.8);
#4353 = AXIS2_PLACEMENT_3D('',#4354,#4355,#4356);
#4354 = CARTESIAN_POINT('',(12.865685424949,11.365685424949,0.));
#4355 = DIRECTION('',(0.,0.,1.));
#4356 = DIRECTION('',(1.,0.,0.));
#4357 = ORIENTED_EDGE('',*,*,#4358,.F.);
#4358 = EDGE_CURVE('',#4359,#4350,#4361,.T.);
#4359 = VERTEX_POINT('',#4360);
#4360 = CARTESIAN_POINT('',(12.3,13.068629150102,0.));
#4361 = LINE('',#4362,#4363);
#4362 = CARTESIAN_POINT('',(12.3,13.068629150102,0.));
#4363 = VECTOR('',#4364,1.);
#4364 = DIRECTION('',(-4.69E-15,-1.,0.));
#4365 = ORIENTED_EDGE('',*,*,#4366,.F.);
#4366 = EDGE_CURVE('',#4367,#4359,#4369,.T.);
#4367 = VERTEX_POINT('',#4368);
#4368 = CARTESIAN_POINT('',(13.431370849898,14.2,0.));
#4369 = CIRCLE('',#4370,0.8);
#4370 = AXIS2_PLACEMENT_3D('',#4371,#4372,#4373);
#4371 = CARTESIAN_POINT('',(12.865685424949,13.634314575051,0.));
#4372 = DIRECTION('',(0.,0.,1.));
#4373 = DIRECTION('',(1.,0.,0.));
#4374 = ORIENTED_EDGE('',*,*,#4375,.T.);
#4375 = EDGE_CURVE('',#4367,#4316,#4376,.T.);
#4376 = LINE('',#4377,#4378);
#4377 = CARTESIAN_POINT('',(13.431370849898,14.2,0.));
#4378 = VECTOR('',#4379,1.);
#4379 = DIRECTION('',(1.,0.,0.));
#4380 = FACE_BOUND('',#4381,.T.);
#4381 = EDGE_LOOP('',(#4382,#4393,#4401,#4410,#4418,#4427,#4435,#4444));
#4382 = ORIENTED_EDGE('',*,*,#4383,.F.);
#4383 = EDGE_CURVE('',#4384,#4386,#4388,.T.);
#4384 = VERTEX_POINT('',#4385);
#4385 = CARTESIAN_POINT('',(29.3,10.431370849898,0.));
#4386 = VERTEX_POINT('',#4387);
#4387 = CARTESIAN_POINT('',(30.431370849898,9.3,0.));
#4388 = CIRCLE('',#4389,0.8);
#4389 = AXIS2_PLACEMENT_3D('',#4390,#4391,#4392);
#4390 = CARTESIAN_POINT('',(29.865685424949,9.865685424949,0.));
#4391 = DIRECTION('',(0.,0.,1.));
#4392 = DIRECTION('',(1.,0.,0.));
#4393 = ORIENTED_EDGE('',*,*,#4394,.T.);
#4394 = EDGE_CURVE('',#4384,#4395,#4397,.T.);
#4395 = VERTEX_POINT('',#4396);
#4396 = CARTESIAN_POINT('',(29.3,14.568629150102,0.));
#4397 = LINE('',#4398,#4399);
#4398 = CARTESIAN_POINT('',(29.3,10.431370849898,0.));
#4399 = VECTOR('',#4400,1.);
#4400 = DIRECTION('',(5.E-17,1.,0.));
#4401 = ORIENTED_EDGE('',*,*,#4402,.F.);
#4402 = EDGE_CURVE('',#4403,#4395,#4405,.T.);
#4403 = VERTEX_POINT('',#4404);
#4404 = CARTESIAN_POINT('',(30.431370849898,15.7,0.));
#4405 = CIRCLE('',#4406,0.8);
#4406 = AXIS2_PLACEMENT_3D('',#4407,#4408,#4409);
#4407 = CARTESIAN_POINT('',(29.865685424949,15.134314575051,0.));
#4408 = DIRECTION('',(0.,0.,1.));
#4409 = DIRECTION('',(1.,0.,0.));
#4410 = ORIENTED_EDGE('',*,*,#4411,.T.);
#4411 = EDGE_CURVE('',#4403,#4412,#4414,.T.);
#4412 = VERTEX_POINT('',#4413);
#4413 = CARTESIAN_POINT('',(31.568629150102,15.7,0.));
#4414 = LINE('',#4415,#4416);
#4415 = CARTESIAN_POINT('',(30.431370849898,15.7,0.));
#4416 = VECTOR('',#4417,1.);
#4417 = DIRECTION('',(1.,-1.56E-15,0.));
#4418 = ORIENTED_EDGE('',*,*,#4419,.F.);
#4419 = EDGE_CURVE('',#4420,#4412,#4422,.T.);
#4420 = VERTEX_POINT('',#4421);
#4421 = CARTESIAN_POINT('',(32.7,14.568629150102,0.));
#4422 = CIRCLE('',#4423,0.8);
#4423 = AXIS2_PLACEMENT_3D('',#4424,#4425,#4426);
#4424 = CARTESIAN_POINT('',(32.134314575051,15.134314575051,0.));
#4425 = DIRECTION('',(0.,0.,1.));
#4426 = DIRECTION('',(1.,0.,0.));
#4427 = ORIENTED_EDGE('',*,*,#4428,.F.);
#4428 = EDGE_CURVE('',#4429,#4420,#4431,.T.);
#4429 = VERTEX_POINT('',#4430);
#4430 = CARTESIAN_POINT('',(32.7,10.431370849898,0.));
#4431 = LINE('',#4432,#4433);
#4432 = CARTESIAN_POINT('',(32.7,10.431370849898,0.));
#4433 = VECTOR('',#4434,1.);
#4434 = DIRECTION('',(0.,1.,0.));
#4435 = ORIENTED_EDGE('',*,*,#4436,.F.);
#4436 = EDGE_CURVE('',#4437,#4429,#4439,.T.);
#4437 = VERTEX_POINT('',#4438);
#4438 = CARTESIAN_POINT('',(31.568629150102,9.3,0.));
#4439 = CIRCLE('',#4440,0.8);
#4440 = AXIS2_PLACEMENT_3D('',#4441,#4442,#4443);
#4441 = CARTESIAN_POINT('',(32.134314575051,9.865685424949,0.));
#4442 = DIRECTION('',(0.,0.,1.));
#4443 = DIRECTION('',(1.,0.,0.));
#4444 = ORIENTED_EDGE('',*,*,#4445,.F.);
#4445 = EDGE_CURVE('',#4386,#4437,#4446,.T.);
#4446 = LINE('',#4447,#4448);
#4447 = CARTESIAN_POINT('',(30.431370849898,9.3,0.));
#4448 = VECTOR('',#4449,1.);
#4449 = DIRECTION('',(1.,1.56E-15,0.));
#4450 = FACE_BOUND('',#4451,.T.);
#4451 = EDGE_LOOP('',(#4452,#4463,#4471,#4480,#4488,#4497,#4505,#4514));
#4452 = ORIENTED_EDGE('',*,*,#4453,.F.);
#4453 = EDGE_CURVE('',#4454,#4456,#4458,.T.);
#4454 = VERTEX_POINT('',#4455);
#4455 = CARTESIAN_POINT('',(49.7,13.068629150102,0.));
#4456 = VERTEX_POINT('',#4457);
#4457 = CARTESIAN_POINT('',(48.568629150102,14.2,0.));
#4458 = CIRCLE('',#4459,0.8);
#4459 = AXIS2_PLACEMENT_3D('',#4460,#4461,#4462);
#4460 = CARTESIAN_POINT('',(49.134314575051,13.634314575051,0.));
#4461 = DIRECTION('',(0.,0.,1.));
#4462 = DIRECTION('',(1.,0.,0.));
#4463 = ORIENTED_EDGE('',*,*,#4464,.T.);
#4464 = EDGE_CURVE('',#4454,#4465,#4467,.T.);
#4465 = VERTEX_POINT('',#4466);
#4466 = CARTESIAN_POINT('',(49.7,11.931370849898,0.));
#4467 = LINE('',#4468,#4469);
#4468 = CARTESIAN_POINT('',(49.7,13.068629150102,0.));
#4469 = VECTOR('',#4470,1.);
#4470 = DIRECTION('',(-6.25E-15,-1.,0.));
#4471 = ORIENTED_EDGE('',*,*,#4472,.F.);
#4472 = EDGE_CURVE('',#4473,#4465,#4475,.T.);
#4473 = VERTEX_POINT('',#4474);
#4474 = CARTESIAN_POINT('',(48.568629150102,10.8,0.));
#4475 = CIRCLE('',#4476,0.8);
#4476 = AXIS2_PLACEMENT_3D('',#4477,#4478,#4479);
#4477 = CARTESIAN_POINT('',(49.134314575051,11.365685424949,0.));
#4478 = DIRECTION('',(0.,0.,1.));
#4479 = DIRECTION('',(1.,0.,0.));
#4480 = ORIENTED_EDGE('',*,*,#4481,.F.);
#4481 = EDGE_CURVE('',#4482,#4473,#4484,.T.);
#4482 = VERTEX_POINT('',#4483);
#4483 = CARTESIAN_POINT('',(44.431370849898,10.8,0.));
#4484 = LINE('',#4485,#4486);
#4485 = CARTESIAN_POINT('',(44.431370849898,10.8,0.));
#4486 = VECTOR('',#4487,1.);
#4487 = DIRECTION('',(1.,-4.3E-16,0.));
#4488 = ORIENTED_EDGE('',*,*,#4489,.F.);
#4489 = EDGE_CURVE('',#4490,#4482,#4492,.T.);
#4490 = VERTEX_POINT('',#4491);
#4491 = CARTESIAN_POINT('',(43.3,11.931370849898,0.));
#4492 = CIRCLE('',#4493,0.8);
#4493 = AXIS2_PLACEMENT_3D('',#4494,#4495,#4496);
#4494 = CARTESIAN_POINT('',(43.865685424949,11.365685424949,0.));
#4495 = DIRECTION('',(0.,0.,1.));
#4496 = DIRECTION('',(1.,0.,0.));
#4497 = ORIENTED_EDGE('',*,*,#4498,.F.);
#4498 = EDGE_CURVE('',#4499,#4490,#4501,.T.);
#4499 = VERTEX_POINT('',#4500);
#4500 = CARTESIAN_POINT('',(43.3,13.068629150102,0.));
#4501 = LINE('',#4502,#4503);
#4502 = CARTESIAN_POINT('',(43.3,13.068629150102,0.));
#4503 = VECTOR('',#4504,1.);
#4504 = DIRECTION('',(-4.69E-15,-1.,0.));
#4505 = ORIENTED_EDGE('',*,*,#4506,.F.);
#4506 = EDGE_CURVE('',#4507,#4499,#4509,.T.);
#4507 = VERTEX_POINT('',#4508);
#4508 = CARTESIAN_POINT('',(44.431370849898,14.2,0.));
#4509 = CIRCLE('',#4510,0.8);
#4510 = AXIS2_PLACEMENT_3D('',#4511,#4512,#4513);
#4511 = CARTESIAN_POINT('',(43.865685424949,13.634314575051,0.));
#4512 = DIRECTION('',(0.,0.,1.));
#4513 = DIRECTION('',(1.,0.,0.));
#4514 = ORIENTED_EDGE('',*,*,#4515,.T.);
#4515 = EDGE_CURVE('',#4507,#4456,#4516,.T.);
#4516 = LINE('',#4517,#4518);
#4517 = CARTESIAN_POINT('',(44.431370849898,14.2,0.));
#4518 = VECTOR('',#4519,1.);
#4519 = DIRECTION('',(1.,0.,0.));
#4520 = FACE_BOUND('',#4521,.T.);
#4521 = EDGE_LOOP('',(#4522,#4533,#4541,#4550,#4558,#4567,#4575,#4584));
#4522 = ORIENTED_EDGE('',*,*,#4523,.F.);
#4523 = EDGE_CURVE('',#4524,#4526,#4528,.T.);
#4524 = VERTEX_POINT('',#4525);
#4525 = CARTESIAN_POINT('',(80.7,-11.93137084989,0.));
#4526 = VERTEX_POINT('',#4527);
#4527 = CARTESIAN_POINT('',(79.568629150102,-10.8,0.));
#4528 = CIRCLE('',#4529,0.8);
#4529 = AXIS2_PLACEMENT_3D('',#4530,#4531,#4532);
#4530 = CARTESIAN_POINT('',(80.134314575051,-11.36568542494,0.));
#4531 = DIRECTION('',(0.,0.,1.));
#4532 = DIRECTION('',(1.,0.,0.));
#4533 = ORIENTED_EDGE('',*,*,#4534,.T.);
#4534 = EDGE_CURVE('',#4524,#4535,#4537,.T.);
#4535 = VERTEX_POINT('',#4536);
#4536 = CARTESIAN_POINT('',(80.7,-13.0686291501,0.));
#4537 = LINE('',#4538,#4539);
#4538 = CARTESIAN_POINT('',(80.7,-11.93137084989,0.));
#4539 = VECTOR('',#4540,1.);
#4540 = DIRECTION('',(-6.25E-15,-1.,0.));
#4541 = ORIENTED_EDGE('',*,*,#4542,.F.);
#4542 = EDGE_CURVE('',#4543,#4535,#4545,.T.);
#4543 = VERTEX_POINT('',#4544);
#4544 = CARTESIAN_POINT('',(79.568629150102,-14.2,0.));
#4545 = CIRCLE('',#4546,0.8);
#4546 = AXIS2_PLACEMENT_3D('',#4547,#4548,#4549);
#4547 = CARTESIAN_POINT('',(80.134314575051,-13.63431457505,0.));
#4548 = DIRECTION('',(0.,0.,1.));
#4549 = DIRECTION('',(1.,0.,0.));
#4550 = ORIENTED_EDGE('',*,*,#4551,.F.);
#4551 = EDGE_CURVE('',#4552,#4543,#4554,.T.);
#4552 = VERTEX_POINT('',#4553);
#4553 = CARTESIAN_POINT('',(75.431370849898,-14.2,0.));
#4554 = LINE('',#4555,#4556);
#4555 = CARTESIAN_POINT('',(75.431370849898,-14.2,0.));
#4556 = VECTOR('',#4557,1.);
#4557 = DIRECTION('',(1.,-4.3E-16,0.));
#4558 = ORIENTED_EDGE('',*,*,#4559,.F.);
#4559 = EDGE_CURVE('',#4560,#4552,#4562,.T.);
#4560 = VERTEX_POINT('',#4561);
#4561 = CARTESIAN_POINT('',(74.3,-13.0686291501,0.));
#4562 = CIRCLE('',#4563,0.8);
#4563 = AXIS2_PLACEMENT_3D('',#4564,#4565,#4566);
#4564 = CARTESIAN_POINT('',(74.865685424949,-13.63431457505,0.));
#4565 = DIRECTION('',(0.,0.,1.));
#4566 = DIRECTION('',(1.,0.,0.));
#4567 = ORIENTED_EDGE('',*,*,#4568,.F.);
#4568 = EDGE_CURVE('',#4569,#4560,#4571,.T.);
#4569 = VERTEX_POINT('',#4570);
#4570 = CARTESIAN_POINT('',(74.3,-11.93137084989,0.));
#4571 = LINE('',#4572,#4573);
#4572 = CARTESIAN_POINT('',(74.3,-11.93137084989,0.));
#4573 = VECTOR('',#4574,1.);
#4574 = DIRECTION('',(-4.69E-15,-1.,0.));
#4575 = ORIENTED_EDGE('',*,*,#4576,.F.);
#4576 = EDGE_CURVE('',#4577,#4569,#4579,.T.);
#4577 = VERTEX_POINT('',#4578);
#4578 = CARTESIAN_POINT('',(75.431370849898,-10.8,0.));
#4579 = CIRCLE('',#4580,0.8);
#4580 = AXIS2_PLACEMENT_3D('',#4581,#4582,#4583);
#4581 = CARTESIAN_POINT('',(74.865685424949,-11.36568542494,0.));
#4582 = DIRECTION('',(0.,0.,1.));
#4583 = DIRECTION('',(1.,0.,0.));
#4584 = ORIENTED_EDGE('',*,*,#4585,.T.);
#4585 = EDGE_CURVE('',#4577,#4526,#4586,.T.);
#4586 = LINE('',#4587,#4588);
#4587 = CARTESIAN_POINT('',(75.431370849898,-10.8,0.));
#4588 = VECTOR('',#4589,1.);
#4589 = DIRECTION('',(1.,0.,0.));
#4590 = FACE_BOUND('',#4591,.T.);
#4591 = EDGE_LOOP('',(#4592,#4603,#4611,#4620,#4628,#4637,#4645,#4654));
#4592 = ORIENTED_EDGE('',*,*,#4593,.F.);
#4593 = EDGE_CURVE('',#4594,#4596,#4598,.T.);
#4594 = VERTEX_POINT('',#4595);
#4595 = CARTESIAN_POINT('',(60.3,10.431370849898,0.));
#4596 = VERTEX_POINT('',#4597);
#4597 = CARTESIAN_POINT('',(61.431370849898,9.3,0.));
#4598 = CIRCLE('',#4599,0.8);
#4599 = AXIS2_PLACEMENT_3D('',#4600,#4601,#4602);
#4600 = CARTESIAN_POINT('',(60.865685424949,9.865685424949,0.));
#4601 = DIRECTION('',(0.,0.,1.));
#4602 = DIRECTION('',(1.,0.,0.));
#4603 = ORIENTED_EDGE('',*,*,#4604,.T.);
#4604 = EDGE_CURVE('',#4594,#4605,#4607,.T.);
#4605 = VERTEX_POINT('',#4606);
#4606 = CARTESIAN_POINT('',(60.3,14.568629150102,0.));
#4607 = LINE('',#4608,#4609);
#4608 = CARTESIAN_POINT('',(60.3,10.431370849898,0.));
#4609 = VECTOR('',#4610,1.);
#4610 = DIRECTION('',(5.E-17,1.,0.));
#4611 = ORIENTED_EDGE('',*,*,#4612,.F.);
#4612 = EDGE_CURVE('',#4613,#4605,#4615,.T.);
#4613 = VERTEX_POINT('',#4614);
#4614 = CARTESIAN_POINT('',(61.431370849898,15.7,0.));
#4615 = CIRCLE('',#4616,0.8);
#4616 = AXIS2_PLACEMENT_3D('',#4617,#4618,#4619);
#4617 = CARTESIAN_POINT('',(60.865685424949,15.134314575051,0.));
#4618 = DIRECTION('',(0.,0.,1.));
#4619 = DIRECTION('',(1.,0.,0.));
#4620 = ORIENTED_EDGE('',*,*,#4621,.T.);
#4621 = EDGE_CURVE('',#4613,#4622,#4624,.T.);
#4622 = VERTEX_POINT('',#4623);
#4623 = CARTESIAN_POINT('',(62.568629150102,15.7,0.));
#4624 = LINE('',#4625,#4626);
#4625 = CARTESIAN_POINT('',(61.431370849898,15.7,0.));
#4626 = VECTOR('',#4627,1.);
#4627 = DIRECTION('',(1.,-1.56E-15,0.));
#4628 = ORIENTED_EDGE('',*,*,#4629,.F.);
#4629 = EDGE_CURVE('',#4630,#4622,#4632,.T.);
#4630 = VERTEX_POINT('',#4631);
#4631 = CARTESIAN_POINT('',(63.7,14.568629150102,0.));
#4632 = CIRCLE('',#4633,0.8);
#4633 = AXIS2_PLACEMENT_3D('',#4634,#4635,#4636);
#4634 = CARTESIAN_POINT('',(63.134314575051,15.134314575051,0.));
#4635 = DIRECTION('',(0.,0.,1.));
#4636 = DIRECTION('',(1.,0.,0.));
#4637 = ORIENTED_EDGE('',*,*,#4638,.F.);
#4638 = EDGE_CURVE('',#4639,#4630,#4641,.T.);
#4639 = VERTEX_POINT('',#4640);
#4640 = CARTESIAN_POINT('',(63.7,10.431370849898,0.));
#4641 = LINE('',#4642,#4643);
#4642 = CARTESIAN_POINT('',(63.7,10.431370849898,0.));
#4643 = VECTOR('',#4644,1.);
#4644 = DIRECTION('',(0.,1.,0.));
#4645 = ORIENTED_EDGE('',*,*,#4646,.F.);
#4646 = EDGE_CURVE('',#4647,#4639,#4649,.T.);
#4647 = VERTEX_POINT('',#4648);
#4648 = CARTESIAN_POINT('',(62.568629150102,9.3,0.));
#4649 = CIRCLE('',#4650,0.8);
#4650 = AXIS2_PLACEMENT_3D('',#4651,#4652,#4653);
#4651 = CARTESIAN_POINT('',(63.134314575051,9.865685424949,0.));
#4652 = DIRECTION('',(0.,0.,1.));
#4653 = DIRECTION('',(1.,0.,0.));
#4654 = ORIENTED_EDGE('',*,*,#4655,.F.);
#4655 = EDGE_CURVE('',#4596,#4647,#4656,.T.);
#4656 = LINE('',#4657,#4658);
#4657 = CARTESIAN_POINT('',(61.431370849898,9.3,0.));
#4658 = VECTOR('',#4659,1.);
#4659 = DIRECTION('',(1.,1.56E-15,0.));
#4660 = FACE_BOUND('',#4661,.T.);
#4661 = EDGE_LOOP('',(#4662,#4673,#4681,#4690,#4698,#4707,#4715,#4724));
#4662 = ORIENTED_EDGE('',*,*,#4663,.F.);
#4663 = EDGE_CURVE('',#4664,#4666,#4668,.T.);
#4664 = VERTEX_POINT('',#4665);
#4665 = CARTESIAN_POINT('',(80.7,13.068629150102,0.));
#4666 = VERTEX_POINT('',#4667);
#4667 = CARTESIAN_POINT('',(79.568629150102,14.2,0.));
#4668 = CIRCLE('',#4669,0.8);
#4669 = AXIS2_PLACEMENT_3D('',#4670,#4671,#4672);
#4670 = CARTESIAN_POINT('',(80.134314575051,13.634314575051,0.));
#4671 = DIRECTION('',(0.,0.,1.));
#4672 = DIRECTION('',(1.,0.,0.));
#4673 = ORIENTED_EDGE('',*,*,#4674,.T.);
#4674 = EDGE_CURVE('',#4664,#4675,#4677,.T.);
#4675 = VERTEX_POINT('',#4676);
#4676 = CARTESIAN_POINT('',(80.7,11.931370849898,0.));
#4677 = LINE('',#4678,#4679);
#4678 = CARTESIAN_POINT('',(80.7,13.068629150102,0.));
#4679 = VECTOR('',#4680,1.);
#4680 = DIRECTION('',(-6.25E-15,-1.,0.));
#4681 = ORIENTED_EDGE('',*,*,#4682,.F.);
#4682 = EDGE_CURVE('',#4683,#4675,#4685,.T.);
#4683 = VERTEX_POINT('',#4684);
#4684 = CARTESIAN_POINT('',(79.568629150102,10.8,0.));
#4685 = CIRCLE('',#4686,0.8);
#4686 = AXIS2_PLACEMENT_3D('',#4687,#4688,#4689);
#4687 = CARTESIAN_POINT('',(80.134314575051,11.365685424949,0.));
#4688 = DIRECTION('',(0.,0.,1.));
#4689 = DIRECTION('',(1.,0.,0.));
#4690 = ORIENTED_EDGE('',*,*,#4691,.F.);
#4691 = EDGE_CURVE('',#4692,#4683,#4694,.T.);
#4692 = VERTEX_POINT('',#4693);
#4693 = CARTESIAN_POINT('',(75.431370849898,10.8,0.));
#4694 = LINE('',#4695,#4696);
#4695 = CARTESIAN_POINT('',(75.431370849898,10.8,0.));
#4696 = VECTOR('',#4697,1.);
#4697 = DIRECTION('',(1.,-4.3E-16,0.));
#4698 = ORIENTED_EDGE('',*,*,#4699,.F.);
#4699 = EDGE_CURVE('',#4700,#4692,#4702,.T.);
#4700 = VERTEX_POINT('',#4701);
#4701 = CARTESIAN_POINT('',(74.3,11.931370849898,0.));
#4702 = CIRCLE('',#4703,0.8);
#4703 = AXIS2_PLACEMENT_3D('',#4704,#4705,#4706);
#4704 = CARTESIAN_POINT('',(74.865685424949,11.365685424949,0.));
#4705 = DIRECTION('',(0.,0.,1.));
#4706 = DIRECTION('',(1.,0.,0.));
#4707 = ORIENTED_EDGE('',*,*,#4708,.F.);
#4708 = EDGE_CURVE('',#4709,#4700,#4711,.T.);
#4709 = VERTEX_POINT('',#4710);
#4710 = CARTESIAN_POINT('',(74.3,13.068629150102,0.));
#4711 = LINE('',#4712,#4713);
#4712 = CARTESIAN_POINT('',(74.3,13.068629150102,0.));
#4713 = VECTOR('',#4714,1.);
#4714 = DIRECTION('',(-4.69E-15,-1.,0.));
#4715 = ORIENTED_EDGE('',*,*,#4716,.F.);
#4716 = EDGE_CURVE('',#4717,#4709,#4719,.T.);
#4717 = VERTEX_POINT('',#4718);
#4718 = CARTESIAN_POINT('',(75.431370849898,14.2,0.));
#4719 = CIRCLE('',#4720,0.8);
#4720 = AXIS2_PLACEMENT_3D('',#4721,#4722,#4723);
#4721 = CARTESIAN_POINT('',(74.865685424949,13.634314575051,0.));
#4722 = DIRECTION('',(0.,0.,1.));
#4723 = DIRECTION('',(1.,0.,0.));
#4724 = ORIENTED_EDGE('',*,*,#4725,.T.);
#4725 = EDGE_CURVE('',#4717,#4666,#4726,.T.);
#4726 = LINE('',#4727,#4728);
#4727 = CARTESIAN_POINT('',(75.431370849898,14.2,0.));
#4728 = VECTOR('',#4729,1.);
#4729 = DIRECTION('',(1.,0.,0.));
#4730 = FACE_BOUND('',#4731,.T.);
#4731 = EDGE_LOOP('',(#4732,#4743,#4751,#4760,#4768,#4777,#4785,#4794));
#4732 = ORIENTED_EDGE('',*,*,#4733,.F.);
#4733 = EDGE_CURVE('',#4734,#4736,#4738,.T.);
#4734 = VERTEX_POINT('',#4735);
#4735 = CARTESIAN_POINT('',(91.3,10.431370849898,0.));
#4736 = VERTEX_POINT('',#4737);
#4737 = CARTESIAN_POINT('',(92.431370849898,9.3,0.));
#4738 = CIRCLE('',#4739,0.8);
#4739 = AXIS2_PLACEMENT_3D('',#4740,#4741,#4742);
#4740 = CARTESIAN_POINT('',(91.865685424949,9.865685424949,0.));
#4741 = DIRECTION('',(0.,0.,1.));
#4742 = DIRECTION('',(1.,0.,0.));
#4743 = ORIENTED_EDGE('',*,*,#4744,.T.);
#4744 = EDGE_CURVE('',#4734,#4745,#4747,.T.);
#4745 = VERTEX_POINT('',#4746);
#4746 = CARTESIAN_POINT('',(91.3,14.568629150102,0.));
#4747 = LINE('',#4748,#4749);
#4748 = CARTESIAN_POINT('',(91.3,10.431370849898,0.));
#4749 = VECTOR('',#4750,1.);
#4750 = DIRECTION('',(5.E-17,1.,0.));
#4751 = ORIENTED_EDGE('',*,*,#4752,.F.);
#4752 = EDGE_CURVE('',#4753,#4745,#4755,.T.);
#4753 = VERTEX_POINT('',#4754);
#4754 = CARTESIAN_POINT('',(92.431370849898,15.7,0.));
#4755 = CIRCLE('',#4756,0.8);
#4756 = AXIS2_PLACEMENT_3D('',#4757,#4758,#4759);
#4757 = CARTESIAN_POINT('',(91.865685424949,15.134314575051,0.));
#4758 = DIRECTION('',(0.,0.,1.));
#4759 = DIRECTION('',(1.,0.,0.));
#4760 = ORIENTED_EDGE('',*,*,#4761,.T.);
#4761 = EDGE_CURVE('',#4753,#4762,#4764,.T.);
#4762 = VERTEX_POINT('',#4763);
#4763 = CARTESIAN_POINT('',(93.568629150102,15.7,0.));
#4764 = LINE('',#4765,#4766);
#4765 = CARTESIAN_POINT('',(92.431370849898,15.7,0.));
#4766 = VECTOR('',#4767,1.);
#4767 = DIRECTION('',(1.,-1.56E-15,0.));
#4768 = ORIENTED_EDGE('',*,*,#4769,.F.);
#4769 = EDGE_CURVE('',#4770,#4762,#4772,.T.);
#4770 = VERTEX_POINT('',#4771);
#4771 = CARTESIAN_POINT('',(94.7,14.568629150102,0.));
#4772 = CIRCLE('',#4773,0.8);
#4773 = AXIS2_PLACEMENT_3D('',#4774,#4775,#4776);
#4774 = CARTESIAN_POINT('',(94.134314575051,15.134314575051,0.));
#4775 = DIRECTION('',(0.,0.,1.));
#4776 = DIRECTION('',(1.,0.,0.));
#4777 = ORIENTED_EDGE('',*,*,#4778,.F.);
#4778 = EDGE_CURVE('',#4779,#4770,#4781,.T.);
#4779 = VERTEX_POINT('',#4780);
#4780 = CARTESIAN_POINT('',(94.7,10.431370849898,0.));
#4781 = LINE('',#4782,#4783);
#4782 = CARTESIAN_POINT('',(94.7,10.431370849898,0.));
#4783 = VECTOR('',#4784,1.);
#4784 = DIRECTION('',(0.,1.,0.));
#4785 = ORIENTED_EDGE('',*,*,#4786,.F.);
#4786 = EDGE_CURVE('',#4787,#4779,#4789,.T.);
#4787 = VERTEX_POINT('',#4788);
#4788 = CARTESIAN_POINT('',(93.568629150102,9.3,0.));
#4789 = CIRCLE('',#4790,0.8);
#4790 = AXIS2_PLACEMENT_3D('',#4791,#4792,#4793);
#4791 = CARTESIAN_POINT('',(94.134314575051,9.865685424949,0.));
#4792 = DIRECTION('',(0.,0.,1.));
#4793 = DIRECTION('',(1.,0.,0.));
#4794 = ORIENTED_EDGE('',*,*,#4795,.F.);
#4795 = EDGE_CURVE('',#4736,#4787,#4796,.T.);
#4796 = LINE('',#4797,#4798);
#4797 = CARTESIAN_POINT('',(92.431370849898,9.3,0.));
#4798 = VECTOR('',#4799,1.);
#4799 = DIRECTION('',(1.,1.56E-15,0.));
#4800 = FACE_BOUND('',#4801,.T.);
#4801 = EDGE_LOOP('',(#4802,#4813,#4821,#4830,#4838,#4847,#4855,#4864));
#4802 = ORIENTED_EDGE('',*,*,#4803,.F.);
#4803 = EDGE_CURVE('',#4804,#4806,#4808,.T.);
#4804 = VERTEX_POINT('',#4805);
#4805 = CARTESIAN_POINT('',(-1.7,35.431370849898,0.));
#4806 = VERTEX_POINT('',#4807);
#4807 = CARTESIAN_POINT('',(-0.568629150102,34.3,0.));
#4808 = CIRCLE('',#4809,0.8);
#4809 = AXIS2_PLACEMENT_3D('',#4810,#4811,#4812);
#4810 = CARTESIAN_POINT('',(-1.134314575051,34.865685424949,0.));
#4811 = DIRECTION('',(0.,0.,1.));
#4812 = DIRECTION('',(1.,0.,0.));
#4813 = ORIENTED_EDGE('',*,*,#4814,.T.);
#4814 = EDGE_CURVE('',#4804,#4815,#4817,.T.);
#4815 = VERTEX_POINT('',#4816);
#4816 = CARTESIAN_POINT('',(-1.7,39.568629150102,0.));
#4817 = LINE('',#4818,#4819);
#4818 = CARTESIAN_POINT('',(-1.7,35.431370849898,0.));
#4819 = VECTOR('',#4820,1.);
#4820 = DIRECTION('',(5.E-17,1.,0.));
#4821 = ORIENTED_EDGE('',*,*,#4822,.F.);
#4822 = EDGE_CURVE('',#4823,#4815,#4825,.T.);
#4823 = VERTEX_POINT('',#4824);
#4824 = CARTESIAN_POINT('',(-0.568629150102,40.7,0.));
#4825 = CIRCLE('',#4826,0.8);
#4826 = AXIS2_PLACEMENT_3D('',#4827,#4828,#4829);
#4827 = CARTESIAN_POINT('',(-1.134314575051,40.134314575051,0.));
#4828 = DIRECTION('',(0.,0.,1.));
#4829 = DIRECTION('',(1.,0.,0.));
#4830 = ORIENTED_EDGE('',*,*,#4831,.T.);
#4831 = EDGE_CURVE('',#4823,#4832,#4834,.T.);
#4832 = VERTEX_POINT('',#4833);
#4833 = CARTESIAN_POINT('',(0.568629150102,40.7,0.));
#4834 = LINE('',#4835,#4836);
#4835 = CARTESIAN_POINT('',(-0.568629150102,40.7,0.));
#4836 = VECTOR('',#4837,1.);
#4837 = DIRECTION('',(1.,-1.56E-15,0.));
#4838 = ORIENTED_EDGE('',*,*,#4839,.F.);
#4839 = EDGE_CURVE('',#4840,#4832,#4842,.T.);
#4840 = VERTEX_POINT('',#4841);
#4841 = CARTESIAN_POINT('',(1.7,39.568629150102,0.));
#4842 = CIRCLE('',#4843,0.8);
#4843 = AXIS2_PLACEMENT_3D('',#4844,#4845,#4846);
#4844 = CARTESIAN_POINT('',(1.134314575051,40.134314575051,0.));
#4845 = DIRECTION('',(0.,0.,1.));
#4846 = DIRECTION('',(1.,0.,0.));
#4847 = ORIENTED_EDGE('',*,*,#4848,.F.);
#4848 = EDGE_CURVE('',#4849,#4840,#4851,.T.);
#4849 = VERTEX_POINT('',#4850);
#4850 = CARTESIAN_POINT('',(1.7,35.431370849898,0.));
#4851 = LINE('',#4852,#4853);
#4852 = CARTESIAN_POINT('',(1.7,35.431370849898,0.));
#4853 = VECTOR('',#4854,1.);
#4854 = DIRECTION('',(0.,1.,0.));
#4855 = ORIENTED_EDGE('',*,*,#4856,.F.);
#4856 = EDGE_CURVE('',#4857,#4849,#4859,.T.);
#4857 = VERTEX_POINT('',#4858);
#4858 = CARTESIAN_POINT('',(0.568629150102,34.3,0.));
#4859 = CIRCLE('',#4860,0.8);
#4860 = AXIS2_PLACEMENT_3D('',#4861,#4862,#4863);
#4861 = CARTESIAN_POINT('',(1.134314575051,34.865685424949,0.));
#4862 = DIRECTION('',(0.,0.,1.));
#4863 = DIRECTION('',(1.,0.,0.));
#4864 = ORIENTED_EDGE('',*,*,#4865,.F.);
#4865 = EDGE_CURVE('',#4806,#4857,#4866,.T.);
#4866 = LINE('',#4867,#4868);
#4867 = CARTESIAN_POINT('',(-0.568629150102,34.3,0.));
#4868 = VECTOR('',#4869,1.);
#4869 = DIRECTION('',(1.,1.56E-15,0.));
#4870 = FACE_BOUND('',#4871,.T.);
#4871 = EDGE_LOOP('',(#4872,#4883,#4891,#4900,#4908,#4917,#4925,#4934));
#4872 = ORIENTED_EDGE('',*,*,#4873,.F.);
#4873 = EDGE_CURVE('',#4874,#4876,#4878,.T.);
#4874 = VERTEX_POINT('',#4875);
#4875 = CARTESIAN_POINT('',(18.7,38.068629150102,0.));
#4876 = VERTEX_POINT('',#4877);
#4877 = CARTESIAN_POINT('',(17.568629150102,39.2,0.));
#4878 = CIRCLE('',#4879,0.8);
#4879 = AXIS2_PLACEMENT_3D('',#4880,#4881,#4882);
#4880 = CARTESIAN_POINT('',(18.134314575051,38.634314575051,0.));
#4881 = DIRECTION('',(0.,0.,1.));
#4882 = DIRECTION('',(1.,0.,0.));
#4883 = ORIENTED_EDGE('',*,*,#4884,.T.);
#4884 = EDGE_CURVE('',#4874,#4885,#4887,.T.);
#4885 = VERTEX_POINT('',#4886);
#4886 = CARTESIAN_POINT('',(18.7,36.931370849898,0.));
#4887 = LINE('',#4888,#4889);
#4888 = CARTESIAN_POINT('',(18.7,38.068629150102,0.));
#4889 = VECTOR('',#4890,1.);
#4890 = DIRECTION('',(-6.25E-15,-1.,0.));
#4891 = ORIENTED_EDGE('',*,*,#4892,.F.);
#4892 = EDGE_CURVE('',#4893,#4885,#4895,.T.);
#4893 = VERTEX_POINT('',#4894);
#4894 = CARTESIAN_POINT('',(17.568629150102,35.8,0.));
#4895 = CIRCLE('',#4896,0.8);
#4896 = AXIS2_PLACEMENT_3D('',#4897,#4898,#4899);
#4897 = CARTESIAN_POINT('',(18.134314575051,36.365685424949,0.));
#4898 = DIRECTION('',(0.,0.,1.));
#4899 = DIRECTION('',(1.,0.,0.));
#4900 = ORIENTED_EDGE('',*,*,#4901,.F.);
#4901 = EDGE_CURVE('',#4902,#4893,#4904,.T.);
#4902 = VERTEX_POINT('',#4903);
#4903 = CARTESIAN_POINT('',(13.431370849898,35.8,0.));
#4904 = LINE('',#4905,#4906);
#4905 = CARTESIAN_POINT('',(13.431370849898,35.8,0.));
#4906 = VECTOR('',#4907,1.);
#4907 = DIRECTION('',(1.,-4.3E-16,0.));
#4908 = ORIENTED_EDGE('',*,*,#4909,.F.);
#4909 = EDGE_CURVE('',#4910,#4902,#4912,.T.);
#4910 = VERTEX_POINT('',#4911);
#4911 = CARTESIAN_POINT('',(12.3,36.931370849898,0.));
#4912 = CIRCLE('',#4913,0.8);
#4913 = AXIS2_PLACEMENT_3D('',#4914,#4915,#4916);
#4914 = CARTESIAN_POINT('',(12.865685424949,36.365685424949,0.));
#4915 = DIRECTION('',(0.,0.,1.));
#4916 = DIRECTION('',(1.,0.,0.));
#4917 = ORIENTED_EDGE('',*,*,#4918,.F.);
#4918 = EDGE_CURVE('',#4919,#4910,#4921,.T.);
#4919 = VERTEX_POINT('',#4920);
#4920 = CARTESIAN_POINT('',(12.3,38.068629150102,0.));
#4921 = LINE('',#4922,#4923);
#4922 = CARTESIAN_POINT('',(12.3,38.068629150102,0.));
#4923 = VECTOR('',#4924,1.);
#4924 = DIRECTION('',(-4.69E-15,-1.,0.));
#4925 = ORIENTED_EDGE('',*,*,#4926,.F.);
#4926 = EDGE_CURVE('',#4927,#4919,#4929,.T.);
#4927 = VERTEX_POINT('',#4928);
#4928 = CARTESIAN_POINT('',(13.431370849898,39.2,0.));
#4929 = CIRCLE('',#4930,0.8);
#4930 = AXIS2_PLACEMENT_3D('',#4931,#4932,#4933);
#4931 = CARTESIAN_POINT('',(12.865685424949,38.634314575051,0.));
#4932 = DIRECTION('',(0.,0.,1.));
#4933 = DIRECTION('',(1.,0.,0.));
#4934 = ORIENTED_EDGE('',*,*,#4935,.T.);
#4935 = EDGE_CURVE('',#4927,#4876,#4936,.T.);
#4936 = LINE('',#4937,#4938);
#4937 = CARTESIAN_POINT('',(13.431370849898,39.2,0.));
#4938 = VECTOR('',#4939,1.);
#4939 = DIRECTION('',(1.,0.,0.));
#4940 = FACE_BOUND('',#4941,.T.);
#4941 = EDGE_LOOP('',(#4942,#4953,#4961,#4970,#4978,#4987,#4995,#5004));
#4942 = ORIENTED_EDGE('',*,*,#4943,.F.);
#4943 = EDGE_CURVE('',#4944,#4946,#4948,.T.);
#4944 = VERTEX_POINT('',#4945);
#4945 = CARTESIAN_POINT('',(29.3,35.431370849898,0.));
#4946 = VERTEX_POINT('',#4947);
#4947 = CARTESIAN_POINT('',(30.431370849898,34.3,0.));
#4948 = CIRCLE('',#4949,0.8);
#4949 = AXIS2_PLACEMENT_3D('',#4950,#4951,#4952);
#4950 = CARTESIAN_POINT('',(29.865685424949,34.865685424949,0.));
#4951 = DIRECTION('',(0.,0.,1.));
#4952 = DIRECTION('',(1.,0.,0.));
#4953 = ORIENTED_EDGE('',*,*,#4954,.T.);
#4954 = EDGE_CURVE('',#4944,#4955,#4957,.T.);
#4955 = VERTEX_POINT('',#4956);
#4956 = CARTESIAN_POINT('',(29.3,39.568629150102,0.));
#4957 = LINE('',#4958,#4959);
#4958 = CARTESIAN_POINT('',(29.3,35.431370849898,0.));
#4959 = VECTOR('',#4960,1.);
#4960 = DIRECTION('',(5.E-17,1.,0.));
#4961 = ORIENTED_EDGE('',*,*,#4962,.F.);
#4962 = EDGE_CURVE('',#4963,#4955,#4965,.T.);
#4963 = VERTEX_POINT('',#4964);
#4964 = CARTESIAN_POINT('',(30.431370849898,40.7,0.));
#4965 = CIRCLE('',#4966,0.8);
#4966 = AXIS2_PLACEMENT_3D('',#4967,#4968,#4969);
#4967 = CARTESIAN_POINT('',(29.865685424949,40.134314575051,0.));
#4968 = DIRECTION('',(0.,0.,1.));
#4969 = DIRECTION('',(1.,0.,0.));
#4970 = ORIENTED_EDGE('',*,*,#4971,.T.);
#4971 = EDGE_CURVE('',#4963,#4972,#4974,.T.);
#4972 = VERTEX_POINT('',#4973);
#4973 = CARTESIAN_POINT('',(31.568629150102,40.7,0.));
#4974 = LINE('',#4975,#4976);
#4975 = CARTESIAN_POINT('',(30.431370849898,40.7,0.));
#4976 = VECTOR('',#4977,1.);
#4977 = DIRECTION('',(1.,-1.56E-15,0.));
#4978 = ORIENTED_EDGE('',*,*,#4979,.F.);
#4979 = EDGE_CURVE('',#4980,#4972,#4982,.T.);
#4980 = VERTEX_POINT('',#4981);
#4981 = CARTESIAN_POINT('',(32.7,39.568629150102,0.));
#4982 = CIRCLE('',#4983,0.8);
#4983 = AXIS2_PLACEMENT_3D('',#4984,#4985,#4986);
#4984 = CARTESIAN_POINT('',(32.134314575051,40.134314575051,0.));
#4985 = DIRECTION('',(0.,0.,1.));
#4986 = DIRECTION('',(1.,0.,0.));
#4987 = ORIENTED_EDGE('',*,*,#4988,.F.);
#4988 = EDGE_CURVE('',#4989,#4980,#4991,.T.);
#4989 = VERTEX_POINT('',#4990);
#4990 = CARTESIAN_POINT('',(32.7,35.431370849898,0.));
#4991 = LINE('',#4992,#4993);
#4992 = CARTESIAN_POINT('',(32.7,35.431370849898,0.));
#4993 = VECTOR('',#4994,1.);
#4994 = DIRECTION('',(0.,1.,0.));
#4995 = ORIENTED_EDGE('',*,*,#4996,.F.);
#4996 = EDGE_CURVE('',#4997,#4989,#4999,.T.);
#4997 = VERTEX_POINT('',#4998);
#4998 = CARTESIAN_POINT('',(31.568629150102,34.3,0.));
#4999 = CIRCLE('',#5000,0.8);
#5000 = AXIS2_PLACEMENT_3D('',#5001,#5002,#5003);
#5001 = CARTESIAN_POINT('',(32.134314575051,34.865685424949,0.));
#5002 = DIRECTION('',(0.,0.,1.));
#5003 = DIRECTION('',(1.,0.,0.));
#5004 = ORIENTED_EDGE('',*,*,#5005,.F.);
#5005 = EDGE_CURVE('',#4946,#4997,#5006,.T.);
#5006 = LINE('',#5007,#5008);
#5007 = CARTESIAN_POINT('',(30.431370849898,34.3,0.));
#5008 = VECTOR('',#5009,1.);
#5009 = DIRECTION('',(1.,1.56E-15,0.));
#5010 = FACE_BOUND('',#5011,.T.);
#5011 = EDGE_LOOP('',(#5012,#5023,#5031,#5040,#5048,#5057,#5065,#5074));
#5012 = ORIENTED_EDGE('',*,*,#5013,.F.);
#5013 = EDGE_CURVE('',#5014,#5016,#5018,.T.);
#5014 = VERTEX_POINT('',#5015);
#5015 = CARTESIAN_POINT('',(49.7,38.068629150102,0.));
#5016 = VERTEX_POINT('',#5017);
#5017 = CARTESIAN_POINT('',(48.568629150102,39.2,0.));
#5018 = CIRCLE('',#5019,0.8);
#5019 = AXIS2_PLACEMENT_3D('',#5020,#5021,#5022);
#5020 = CARTESIAN_POINT('',(49.134314575051,38.634314575051,0.));
#5021 = DIRECTION('',(0.,0.,1.));
#5022 = DIRECTION('',(1.,0.,0.));
#5023 = ORIENTED_EDGE('',*,*,#5024,.T.);
#5024 = EDGE_CURVE('',#5014,#5025,#5027,.T.);
#5025 = VERTEX_POINT('',#5026);
#5026 = CARTESIAN_POINT('',(49.7,36.931370849898,0.));
#5027 = LINE('',#5028,#5029);
#5028 = CARTESIAN_POINT('',(49.7,38.068629150102,0.));
#5029 = VECTOR('',#5030,1.);
#5030 = DIRECTION('',(-6.25E-15,-1.,0.));
#5031 = ORIENTED_EDGE('',*,*,#5032,.F.);
#5032 = EDGE_CURVE('',#5033,#5025,#5035,.T.);
#5033 = VERTEX_POINT('',#5034);
#5034 = CARTESIAN_POINT('',(48.568629150102,35.8,0.));
#5035 = CIRCLE('',#5036,0.8);
#5036 = AXIS2_PLACEMENT_3D('',#5037,#5038,#5039);
#5037 = CARTESIAN_POINT('',(49.134314575051,36.365685424949,0.));
#5038 = DIRECTION('',(0.,0.,1.));
#5039 = DIRECTION('',(1.,0.,0.));
#5040 = ORIENTED_EDGE('',*,*,#5041,.F.);
#5041 = EDGE_CURVE('',#5042,#5033,#5044,.T.);
#5042 = VERTEX_POINT('',#5043);
#5043 = CARTESIAN_POINT('',(44.431370849898,35.8,0.));
#5044 = LINE('',#5045,#5046);
#5045 = CARTESIAN_POINT('',(44.431370849898,35.8,0.));
#5046 = VECTOR('',#5047,1.);
#5047 = DIRECTION('',(1.,-4.3E-16,0.));
#5048 = ORIENTED_EDGE('',*,*,#5049,.F.);
#5049 = EDGE_CURVE('',#5050,#5042,#5052,.T.);
#5050 = VERTEX_POINT('',#5051);
#5051 = CARTESIAN_POINT('',(43.3,36.931370849898,0.));
#5052 = CIRCLE('',#5053,0.8);
#5053 = AXIS2_PLACEMENT_3D('',#5054,#5055,#5056);
#5054 = CARTESIAN_POINT('',(43.865685424949,36.365685424949,0.));
#5055 = DIRECTION('',(0.,0.,1.));
#5056 = DIRECTION('',(1.,0.,0.));
#5057 = ORIENTED_EDGE('',*,*,#5058,.F.);
#5058 = EDGE_CURVE('',#5059,#5050,#5061,.T.);
#5059 = VERTEX_POINT('',#5060);
#5060 = CARTESIAN_POINT('',(43.3,38.068629150102,0.));
#5061 = LINE('',#5062,#5063);
#5062 = CARTESIAN_POINT('',(43.3,38.068629150102,0.));
#5063 = VECTOR('',#5064,1.);
#5064 = DIRECTION('',(-4.69E-15,-1.,0.));
#5065 = ORIENTED_EDGE('',*,*,#5066,.F.);
#5066 = EDGE_CURVE('',#5067,#5059,#5069,.T.);
#5067 = VERTEX_POINT('',#5068);
#5068 = CARTESIAN_POINT('',(44.431370849898,39.2,0.));
#5069 = CIRCLE('',#5070,0.8);
#5070 = AXIS2_PLACEMENT_3D('',#5071,#5072,#5073);
#5071 = CARTESIAN_POINT('',(43.865685424949,38.634314575051,0.));
#5072 = DIRECTION('',(0.,0.,1.));
#5073 = DIRECTION('',(1.,0.,0.));
#5074 = ORIENTED_EDGE('',*,*,#5075,.T.);
#5075 = EDGE_CURVE('',#5067,#5016,#5076,.T.);
#5076 = LINE('',#5077,#5078);
#5077 = CARTESIAN_POINT('',(44.431370849898,39.2,0.));
#5078 = VECTOR('',#5079,1.);
#5079 = DIRECTION('',(1.,0.,0.));
#5080 = FACE_BOUND('',#5081,.T.);
#5081 = EDGE_LOOP('',(#5082,#5093,#5101,#5110,#5118,#5127,#5135,#5144));
#5082 = ORIENTED_EDGE('',*,*,#5083,.F.);
#5083 = EDGE_CURVE('',#5084,#5086,#5088,.T.);
#5084 = VERTEX_POINT('',#5085);
#5085 = CARTESIAN_POINT('',(18.7,63.068629150102,0.));
#5086 = VERTEX_POINT('',#5087);
#5087 = CARTESIAN_POINT('',(17.568629150102,64.2,0.));
#5088 = CIRCLE('',#5089,0.8);
#5089 = AXIS2_PLACEMENT_3D('',#5090,#5091,#5092);
#5090 = CARTESIAN_POINT('',(18.134314575051,63.634314575051,0.));
#5091 = DIRECTION('',(0.,0.,1.));
#5092 = DIRECTION('',(1.,0.,0.));
#5093 = ORIENTED_EDGE('',*,*,#5094,.T.);
#5094 = EDGE_CURVE('',#5084,#5095,#5097,.T.);
#5095 = VERTEX_POINT('',#5096);
#5096 = CARTESIAN_POINT('',(18.7,61.931370849898,0.));
#5097 = LINE('',#5098,#5099);
#5098 = CARTESIAN_POINT('',(18.7,63.068629150102,0.));
#5099 = VECTOR('',#5100,1.);
#5100 = DIRECTION('',(-6.25E-15,-1.,0.));
#5101 = ORIENTED_EDGE('',*,*,#5102,.F.);
#5102 = EDGE_CURVE('',#5103,#5095,#5105,.T.);
#5103 = VERTEX_POINT('',#5104);
#5104 = CARTESIAN_POINT('',(17.568629150102,60.8,0.));
#5105 = CIRCLE('',#5106,0.8);
#5106 = AXIS2_PLACEMENT_3D('',#5107,#5108,#5109);
#5107 = CARTESIAN_POINT('',(18.134314575051,61.365685424949,0.));
#5108 = DIRECTION('',(0.,0.,1.));
#5109 = DIRECTION('',(1.,0.,0.));
#5110 = ORIENTED_EDGE('',*,*,#5111,.F.);
#5111 = EDGE_CURVE('',#5112,#5103,#5114,.T.);
#5112 = VERTEX_POINT('',#5113);
#5113 = CARTESIAN_POINT('',(13.431370849898,60.8,0.));
#5114 = LINE('',#5115,#5116);
#5115 = CARTESIAN_POINT('',(13.431370849898,60.8,0.));
#5116 = VECTOR('',#5117,1.);
#5117 = DIRECTION('',(1.,-4.3E-16,0.));
#5118 = ORIENTED_EDGE('',*,*,#5119,.F.);
#5119 = EDGE_CURVE('',#5120,#5112,#5122,.T.);
#5120 = VERTEX_POINT('',#5121);
#5121 = CARTESIAN_POINT('',(12.3,61.931370849898,0.));
#5122 = CIRCLE('',#5123,0.8);
#5123 = AXIS2_PLACEMENT_3D('',#5124,#5125,#5126);
#5124 = CARTESIAN_POINT('',(12.865685424949,61.365685424949,0.));
#5125 = DIRECTION('',(0.,0.,1.));
#5126 = DIRECTION('',(1.,0.,0.));
#5127 = ORIENTED_EDGE('',*,*,#5128,.F.);
#5128 = EDGE_CURVE('',#5129,#5120,#5131,.T.);
#5129 = VERTEX_POINT('',#5130);
#5130 = CARTESIAN_POINT('',(12.3,63.068629150102,0.));
#5131 = LINE('',#5132,#5133);
#5132 = CARTESIAN_POINT('',(12.3,63.068629150102,0.));
#5133 = VECTOR('',#5134,1.);
#5134 = DIRECTION('',(-4.69E-15,-1.,0.));
#5135 = ORIENTED_EDGE('',*,*,#5136,.F.);
#5136 = EDGE_CURVE('',#5137,#5129,#5139,.T.);
#5137 = VERTEX_POINT('',#5138);
#5138 = CARTESIAN_POINT('',(13.431370849898,64.2,0.));
#5139 = CIRCLE('',#5140,0.8);
#5140 = AXIS2_PLACEMENT_3D('',#5141,#5142,#5143);
#5141 = CARTESIAN_POINT('',(12.865685424949,63.634314575051,0.));
#5142 = DIRECTION('',(0.,0.,1.));
#5143 = DIRECTION('',(1.,0.,0.));
#5144 = ORIENTED_EDGE('',*,*,#5145,.T.);
#5145 = EDGE_CURVE('',#5137,#5086,#5146,.T.);
#5146 = LINE('',#5147,#5148);
#5147 = CARTESIAN_POINT('',(13.431370849898,64.2,0.));
#5148 = VECTOR('',#5149,1.);
#5149 = DIRECTION('',(1.,0.,0.));
#5150 = FACE_BOUND('',#5151,.T.);
#5151 = EDGE_LOOP('',(#5152,#5163,#5171,#5180,#5188,#5197,#5205,#5214));
#5152 = ORIENTED_EDGE('',*,*,#5153,.F.);
#5153 = EDGE_CURVE('',#5154,#5156,#5158,.T.);
#5154 = VERTEX_POINT('',#5155);
#5155 = CARTESIAN_POINT('',(49.7,63.068629150102,0.));
#5156 = VERTEX_POINT('',#5157);
#5157 = CARTESIAN_POINT('',(48.568629150102,64.2,0.));
#5158 = CIRCLE('',#5159,0.8);
#5159 = AXIS2_PLACEMENT_3D('',#5160,#5161,#5162);
#5160 = CARTESIAN_POINT('',(49.134314575051,63.634314575051,0.));
#5161 = DIRECTION('',(0.,0.,1.));
#5162 = DIRECTION('',(1.,0.,0.));
#5163 = ORIENTED_EDGE('',*,*,#5164,.T.);
#5164 = EDGE_CURVE('',#5154,#5165,#5167,.T.);
#5165 = VERTEX_POINT('',#5166);
#5166 = CARTESIAN_POINT('',(49.7,61.931370849898,0.));
#5167 = LINE('',#5168,#5169);
#5168 = CARTESIAN_POINT('',(49.7,63.068629150102,0.));
#5169 = VECTOR('',#5170,1.);
#5170 = DIRECTION('',(-6.25E-15,-1.,0.));
#5171 = ORIENTED_EDGE('',*,*,#5172,.F.);
#5172 = EDGE_CURVE('',#5173,#5165,#5175,.T.);
#5173 = VERTEX_POINT('',#5174);
#5174 = CARTESIAN_POINT('',(48.568629150102,60.8,0.));
#5175 = CIRCLE('',#5176,0.8);
#5176 = AXIS2_PLACEMENT_3D('',#5177,#5178,#5179);
#5177 = CARTESIAN_POINT('',(49.134314575051,61.365685424949,0.));
#5178 = DIRECTION('',(0.,0.,1.));
#5179 = DIRECTION('',(1.,0.,0.));
#5180 = ORIENTED_EDGE('',*,*,#5181,.F.);
#5181 = EDGE_CURVE('',#5182,#5173,#5184,.T.);
#5182 = VERTEX_POINT('',#5183);
#5183 = CARTESIAN_POINT('',(44.431370849898,60.8,0.));
#5184 = LINE('',#5185,#5186);
#5185 = CARTESIAN_POINT('',(44.431370849898,60.8,0.));
#5186 = VECTOR('',#5187,1.);
#5187 = DIRECTION('',(1.,-4.3E-16,0.));
#5188 = ORIENTED_EDGE('',*,*,#5189,.F.);
#5189 = EDGE_CURVE('',#5190,#5182,#5192,.T.);
#5190 = VERTEX_POINT('',#5191);
#5191 = CARTESIAN_POINT('',(43.3,61.931370849898,0.));
#5192 = CIRCLE('',#5193,0.8);
#5193 = AXIS2_PLACEMENT_3D('',#5194,#5195,#5196);
#5194 = CARTESIAN_POINT('',(43.865685424949,61.365685424949,0.));
#5195 = DIRECTION('',(0.,0.,1.));
#5196 = DIRECTION('',(1.,0.,0.));
#5197 = ORIENTED_EDGE('',*,*,#5198,.F.);
#5198 = EDGE_CURVE('',#5199,#5190,#5201,.T.);
#5199 = VERTEX_POINT('',#5200);
#5200 = CARTESIAN_POINT('',(43.3,63.068629150102,0.));
#5201 = LINE('',#5202,#5203);
#5202 = CARTESIAN_POINT('',(43.3,63.068629150102,0.));
#5203 = VECTOR('',#5204,1.);
#5204 = DIRECTION('',(-4.69E-15,-1.,0.));
#5205 = ORIENTED_EDGE('',*,*,#5206,.F.);
#5206 = EDGE_CURVE('',#5207,#5199,#5209,.T.);
#5207 = VERTEX_POINT('',#5208);
#5208 = CARTESIAN_POINT('',(44.431370849898,64.2,0.));
#5209 = CIRCLE('',#5210,0.8);
#5210 = AXIS2_PLACEMENT_3D('',#5211,#5212,#5213);
#5211 = CARTESIAN_POINT('',(43.865685424949,63.634314575051,0.));
#5212 = DIRECTION('',(0.,0.,1.));
#5213 = DIRECTION('',(1.,0.,0.));
#5214 = ORIENTED_EDGE('',*,*,#5215,.T.);
#5215 = EDGE_CURVE('',#5207,#5156,#5216,.T.);
#5216 = LINE('',#5217,#5218);
#5217 = CARTESIAN_POINT('',(44.431370849898,64.2,0.));
#5218 = VECTOR('',#5219,1.);
#5219 = DIRECTION('',(1.,0.,0.));
#5220 = FACE_BOUND('',#5221,.T.);
#5221 = EDGE_LOOP('',(#5222,#5233,#5241,#5250,#5258,#5267,#5275,#5284));
#5222 = ORIENTED_EDGE('',*,*,#5223,.F.);
#5223 = EDGE_CURVE('',#5224,#5226,#5228,.T.);
#5224 = VERTEX_POINT('',#5225);
#5225 = CARTESIAN_POINT('',(60.3,35.431370849898,0.));
#5226 = VERTEX_POINT('',#5227);
#5227 = CARTESIAN_POINT('',(61.431370849898,34.3,0.));
#5228 = CIRCLE('',#5229,0.8);
#5229 = AXIS2_PLACEMENT_3D('',#5230,#5231,#5232);
#5230 = CARTESIAN_POINT('',(60.865685424949,34.865685424949,0.));
#5231 = DIRECTION('',(0.,0.,1.));
#5232 = DIRECTION('',(1.,0.,0.));
#5233 = ORIENTED_EDGE('',*,*,#5234,.T.);
#5234 = EDGE_CURVE('',#5224,#5235,#5237,.T.);
#5235 = VERTEX_POINT('',#5236);
#5236 = CARTESIAN_POINT('',(60.3,39.568629150102,0.));
#5237 = LINE('',#5238,#5239);
#5238 = CARTESIAN_POINT('',(60.3,35.431370849898,0.));
#5239 = VECTOR('',#5240,1.);
#5240 = DIRECTION('',(5.E-17,1.,0.));
#5241 = ORIENTED_EDGE('',*,*,#5242,.F.);
#5242 = EDGE_CURVE('',#5243,#5235,#5245,.T.);
#5243 = VERTEX_POINT('',#5244);
#5244 = CARTESIAN_POINT('',(61.431370849898,40.7,0.));
#5245 = CIRCLE('',#5246,0.8);
#5246 = AXIS2_PLACEMENT_3D('',#5247,#5248,#5249);
#5247 = CARTESIAN_POINT('',(60.865685424949,40.134314575051,0.));
#5248 = DIRECTION('',(0.,0.,1.));
#5249 = DIRECTION('',(1.,0.,0.));
#5250 = ORIENTED_EDGE('',*,*,#5251,.T.);
#5251 = EDGE_CURVE('',#5243,#5252,#5254,.T.);
#5252 = VERTEX_POINT('',#5253);
#5253 = CARTESIAN_POINT('',(62.568629150102,40.7,0.));
#5254 = LINE('',#5255,#5256);
#5255 = CARTESIAN_POINT('',(61.431370849898,40.7,0.));
#5256 = VECTOR('',#5257,1.);
#5257 = DIRECTION('',(1.,-1.56E-15,0.));
#5258 = ORIENTED_EDGE('',*,*,#5259,.F.);
#5259 = EDGE_CURVE('',#5260,#5252,#5262,.T.);
#5260 = VERTEX_POINT('',#5261);
#5261 = CARTESIAN_POINT('',(63.7,39.568629150102,0.));
#5262 = CIRCLE('',#5263,0.8);
#5263 = AXIS2_PLACEMENT_3D('',#5264,#5265,#5266);
#5264 = CARTESIAN_POINT('',(63.134314575051,40.134314575051,0.));
#5265 = DIRECTION('',(0.,0.,1.));
#5266 = DIRECTION('',(1.,0.,0.));
#5267 = ORIENTED_EDGE('',*,*,#5268,.F.);
#5268 = EDGE_CURVE('',#5269,#5260,#5271,.T.);
#5269 = VERTEX_POINT('',#5270);
#5270 = CARTESIAN_POINT('',(63.7,35.431370849898,0.));
#5271 = LINE('',#5272,#5273);
#5272 = CARTESIAN_POINT('',(63.7,35.431370849898,0.));
#5273 = VECTOR('',#5274,1.);
#5274 = DIRECTION('',(0.,1.,0.));
#5275 = ORIENTED_EDGE('',*,*,#5276,.F.);
#5276 = EDGE_CURVE('',#5277,#5269,#5279,.T.);
#5277 = VERTEX_POINT('',#5278);
#5278 = CARTESIAN_POINT('',(62.568629150102,34.3,0.));
#5279 = CIRCLE('',#5280,0.8);
#5280 = AXIS2_PLACEMENT_3D('',#5281,#5282,#5283);
#5281 = CARTESIAN_POINT('',(63.134314575051,34.865685424949,0.));
#5282 = DIRECTION('',(0.,0.,1.));
#5283 = DIRECTION('',(1.,0.,0.));
#5284 = ORIENTED_EDGE('',*,*,#5285,.F.);
#5285 = EDGE_CURVE('',#5226,#5277,#5286,.T.);
#5286 = LINE('',#5287,#5288);
#5287 = CARTESIAN_POINT('',(61.431370849898,34.3,0.));
#5288 = VECTOR('',#5289,1.);
#5289 = DIRECTION('',(1.,1.56E-15,0.));
#5290 = FACE_BOUND('',#5291,.T.);
#5291 = EDGE_LOOP('',(#5292,#5303,#5311,#5320,#5328,#5337,#5345,#5354));
#5292 = ORIENTED_EDGE('',*,*,#5293,.F.);
#5293 = EDGE_CURVE('',#5294,#5296,#5298,.T.);
#5294 = VERTEX_POINT('',#5295);
#5295 = CARTESIAN_POINT('',(80.7,38.068629150102,0.));
#5296 = VERTEX_POINT('',#5297);
#5297 = CARTESIAN_POINT('',(79.568629150102,39.2,0.));
#5298 = CIRCLE('',#5299,0.8);
#5299 = AXIS2_PLACEMENT_3D('',#5300,#5301,#5302);
#5300 = CARTESIAN_POINT('',(80.134314575051,38.634314575051,0.));
#5301 = DIRECTION('',(0.,0.,1.));
#5302 = DIRECTION('',(1.,0.,0.));
#5303 = ORIENTED_EDGE('',*,*,#5304,.T.);
#5304 = EDGE_CURVE('',#5294,#5305,#5307,.T.);
#5305 = VERTEX_POINT('',#5306);
#5306 = CARTESIAN_POINT('',(80.7,36.931370849898,0.));
#5307 = LINE('',#5308,#5309);
#5308 = CARTESIAN_POINT('',(80.7,38.068629150102,0.));
#5309 = VECTOR('',#5310,1.);
#5310 = DIRECTION('',(-6.25E-15,-1.,0.));
#5311 = ORIENTED_EDGE('',*,*,#5312,.F.);
#5312 = EDGE_CURVE('',#5313,#5305,#5315,.T.);
#5313 = VERTEX_POINT('',#5314);
#5314 = CARTESIAN_POINT('',(79.568629150102,35.8,0.));
#5315 = CIRCLE('',#5316,0.8);
#5316 = AXIS2_PLACEMENT_3D('',#5317,#5318,#5319);
#5317 = CARTESIAN_POINT('',(80.134314575051,36.365685424949,0.));
#5318 = DIRECTION('',(0.,0.,1.));
#5319 = DIRECTION('',(1.,0.,0.));
#5320 = ORIENTED_EDGE('',*,*,#5321,.F.);
#5321 = EDGE_CURVE('',#5322,#5313,#5324,.T.);
#5322 = VERTEX_POINT('',#5323);
#5323 = CARTESIAN_POINT('',(75.431370849898,35.8,0.));
#5324 = LINE('',#5325,#5326);
#5325 = CARTESIAN_POINT('',(75.431370849898,35.8,0.));
#5326 = VECTOR('',#5327,1.);
#5327 = DIRECTION('',(1.,-4.3E-16,0.));
#5328 = ORIENTED_EDGE('',*,*,#5329,.F.);
#5329 = EDGE_CURVE('',#5330,#5322,#5332,.T.);
#5330 = VERTEX_POINT('',#5331);
#5331 = CARTESIAN_POINT('',(74.3,36.931370849898,0.));
#5332 = CIRCLE('',#5333,0.8);
#5333 = AXIS2_PLACEMENT_3D('',#5334,#5335,#5336);
#5334 = CARTESIAN_POINT('',(74.865685424949,36.365685424949,0.));
#5335 = DIRECTION('',(0.,0.,1.));
#5336 = DIRECTION('',(1.,0.,0.));
#5337 = ORIENTED_EDGE('',*,*,#5338,.F.);
#5338 = EDGE_CURVE('',#5339,#5330,#5341,.T.);
#5339 = VERTEX_POINT('',#5340);
#5340 = CARTESIAN_POINT('',(74.3,38.068629150102,0.));
#5341 = LINE('',#5342,#5343);
#5342 = CARTESIAN_POINT('',(74.3,38.068629150102,0.));
#5343 = VECTOR('',#5344,1.);
#5344 = DIRECTION('',(-4.69E-15,-1.,0.));
#5345 = ORIENTED_EDGE('',*,*,#5346,.F.);
#5346 = EDGE_CURVE('',#5347,#5339,#5349,.T.);
#5347 = VERTEX_POINT('',#5348);
#5348 = CARTESIAN_POINT('',(75.431370849898,39.2,0.));
#5349 = CIRCLE('',#5350,0.8);
#5350 = AXIS2_PLACEMENT_3D('',#5351,#5352,#5353);
#5351 = CARTESIAN_POINT('',(74.865685424949,38.634314575051,0.));
#5352 = DIRECTION('',(0.,0.,1.));
#5353 = DIRECTION('',(1.,0.,0.));
#5354 = ORIENTED_EDGE('',*,*,#5355,.T.);
#5355 = EDGE_CURVE('',#5347,#5296,#5356,.T.);
#5356 = LINE('',#5357,#5358);
#5357 = CARTESIAN_POINT('',(75.431370849898,39.2,0.));
#5358 = VECTOR('',#5359,1.);
#5359 = DIRECTION('',(1.,0.,0.));
#5360 = FACE_BOUND('',#5361,.T.);
#5361 = EDGE_LOOP('',(#5362,#5373,#5381,#5390,#5398,#5407,#5415,#5424));
#5362 = ORIENTED_EDGE('',*,*,#5363,.F.);
#5363 = EDGE_CURVE('',#5364,#5366,#5368,.T.);
#5364 = VERTEX_POINT('',#5365);
#5365 = CARTESIAN_POINT('',(91.3,35.431370849898,0.));
#5366 = VERTEX_POINT('',#5367);
#5367 = CARTESIAN_POINT('',(92.431370849898,34.3,0.));
#5368 = CIRCLE('',#5369,0.8);
#5369 = AXIS2_PLACEMENT_3D('',#5370,#5371,#5372);
#5370 = CARTESIAN_POINT('',(91.865685424949,34.865685424949,0.));
#5371 = DIRECTION('',(0.,0.,1.));
#5372 = DIRECTION('',(1.,0.,0.));
#5373 = ORIENTED_EDGE('',*,*,#5374,.T.);
#5374 = EDGE_CURVE('',#5364,#5375,#5377,.T.);
#5375 = VERTEX_POINT('',#5376);
#5376 = CARTESIAN_POINT('',(91.3,39.568629150102,0.));
#5377 = LINE('',#5378,#5379);
#5378 = CARTESIAN_POINT('',(91.3,35.431370849898,0.));
#5379 = VECTOR('',#5380,1.);
#5380 = DIRECTION('',(5.E-17,1.,0.));
#5381 = ORIENTED_EDGE('',*,*,#5382,.F.);
#5382 = EDGE_CURVE('',#5383,#5375,#5385,.T.);
#5383 = VERTEX_POINT('',#5384);
#5384 = CARTESIAN_POINT('',(92.431370849898,40.7,0.));
#5385 = CIRCLE('',#5386,0.8);
#5386 = AXIS2_PLACEMENT_3D('',#5387,#5388,#5389);
#5387 = CARTESIAN_POINT('',(91.865685424949,40.134314575051,0.));
#5388 = DIRECTION('',(0.,0.,1.));
#5389 = DIRECTION('',(1.,0.,0.));
#5390 = ORIENTED_EDGE('',*,*,#5391,.T.);
#5391 = EDGE_CURVE('',#5383,#5392,#5394,.T.);
#5392 = VERTEX_POINT('',#5393);
#5393 = CARTESIAN_POINT('',(93.568629150102,40.7,0.));
#5394 = LINE('',#5395,#5396);
#5395 = CARTESIAN_POINT('',(92.431370849898,40.7,0.));
#5396 = VECTOR('',#5397,1.);
#5397 = DIRECTION('',(1.,-1.56E-15,0.));
#5398 = ORIENTED_EDGE('',*,*,#5399,.F.);
#5399 = EDGE_CURVE('',#5400,#5392,#5402,.T.);
#5400 = VERTEX_POINT('',#5401);
#5401 = CARTESIAN_POINT('',(94.7,39.568629150102,0.));
#5402 = CIRCLE('',#5403,0.8);
#5403 = AXIS2_PLACEMENT_3D('',#5404,#5405,#5406);
#5404 = CARTESIAN_POINT('',(94.134314575051,40.134314575051,0.));
#5405 = DIRECTION('',(0.,0.,1.));
#5406 = DIRECTION('',(1.,0.,0.));
#5407 = ORIENTED_EDGE('',*,*,#5408,.F.);
#5408 = EDGE_CURVE('',#5409,#5400,#5411,.T.);
#5409 = VERTEX_POINT('',#5410);
#5410 = CARTESIAN_POINT('',(94.7,35.431370849898,0.));
#5411 = LINE('',#5412,#5413);
#5412 = CARTESIAN_POINT('',(94.7,35.431370849898,0.));
#5413 = VECTOR('',#5414,1.);
#5414 = DIRECTION('',(0.,1.,0.));
#5415 = ORIENTED_EDGE('',*,*,#5416,.F.);
#5416 = EDGE_CURVE('',#5417,#5409,#5419,.T.);
#5417 = VERTEX_POINT('',#5418);
#5418 = CARTESIAN_POINT('',(93.568629150102,34.3,0.));
#5419 = CIRCLE('',#5420,0.8);
#5420 = AXIS2_PLACEMENT_3D('',#5421,#5422,#5423);
#5421 = CARTESIAN_POINT('',(94.134314575051,34.865685424949,0.));
#5422 = DIRECTION('',(0.,0.,1.));
#5423 = DIRECTION('',(1.,0.,0.));
#5424 = ORIENTED_EDGE('',*,*,#5425,.F.);
#5425 = EDGE_CURVE('',#5366,#5417,#5426,.T.);
#5426 = LINE('',#5427,#5428);
#5427 = CARTESIAN_POINT('',(92.431370849898,34.3,0.));
#5428 = VECTOR('',#5429,1.);
#5429 = DIRECTION('',(1.,1.56E-15,0.));
#5430 = FACE_BOUND('',#5431,.T.);
#5431 = EDGE_LOOP('',(#5432,#5443,#5451,#5460,#5468,#5477,#5485,#5494));
#5432 = ORIENTED_EDGE('',*,*,#5433,.F.);
#5433 = EDGE_CURVE('',#5434,#5436,#5438,.T.);
#5434 = VERTEX_POINT('',#5435);
#5435 = CARTESIAN_POINT('',(80.7,63.068629150102,0.));
#5436 = VERTEX_POINT('',#5437);
#5437 = CARTESIAN_POINT('',(79.568629150102,64.2,0.));
#5438 = CIRCLE('',#5439,0.8);
#5439 = AXIS2_PLACEMENT_3D('',#5440,#5441,#5442);
#5440 = CARTESIAN_POINT('',(80.134314575051,63.634314575051,0.));
#5441 = DIRECTION('',(0.,0.,1.));
#5442 = DIRECTION('',(1.,0.,0.));
#5443 = ORIENTED_EDGE('',*,*,#5444,.T.);
#5444 = EDGE_CURVE('',#5434,#5445,#5447,.T.);
#5445 = VERTEX_POINT('',#5446);
#5446 = CARTESIAN_POINT('',(80.7,61.931370849898,0.));
#5447 = LINE('',#5448,#5449);
#5448 = CARTESIAN_POINT('',(80.7,63.068629150102,0.));
#5449 = VECTOR('',#5450,1.);
#5450 = DIRECTION('',(-6.25E-15,-1.,0.));
#5451 = ORIENTED_EDGE('',*,*,#5452,.F.);
#5452 = EDGE_CURVE('',#5453,#5445,#5455,.T.);
#5453 = VERTEX_POINT('',#5454);
#5454 = CARTESIAN_POINT('',(79.568629150102,60.8,0.));
#5455 = CIRCLE('',#5456,0.8);
#5456 = AXIS2_PLACEMENT_3D('',#5457,#5458,#5459);
#5457 = CARTESIAN_POINT('',(80.134314575051,61.365685424949,0.));
#5458 = DIRECTION('',(0.,0.,1.));
#5459 = DIRECTION('',(1.,0.,0.));
#5460 = ORIENTED_EDGE('',*,*,#5461,.F.);
#5461 = EDGE_CURVE('',#5462,#5453,#5464,.T.);
#5462 = VERTEX_POINT('',#5463);
#5463 = CARTESIAN_POINT('',(75.431370849898,60.8,0.));
#5464 = LINE('',#5465,#5466);
#5465 = CARTESIAN_POINT('',(75.431370849898,60.8,0.));
#5466 = VECTOR('',#5467,1.);
#5467 = DIRECTION('',(1.,-4.3E-16,0.));
#5468 = ORIENTED_EDGE('',*,*,#5469,.F.);
#5469 = EDGE_CURVE('',#5470,#5462,#5472,.T.);
#5470 = VERTEX_POINT('',#5471);
#5471 = CARTESIAN_POINT('',(74.3,61.931370849898,0.));
#5472 = CIRCLE('',#5473,0.8);
#5473 = AXIS2_PLACEMENT_3D('',#5474,#5475,#5476);
#5474 = CARTESIAN_POINT('',(74.865685424949,61.365685424949,0.));
#5475 = DIRECTION('',(0.,0.,1.));
#5476 = DIRECTION('',(1.,0.,0.));
#5477 = ORIENTED_EDGE('',*,*,#5478,.F.);
#5478 = EDGE_CURVE('',#5479,#5470,#5481,.T.);
#5479 = VERTEX_POINT('',#5480);
#5480 = CARTESIAN_POINT('',(74.3,63.068629150102,0.));
#5481 = LINE('',#5482,#5483);
#5482 = CARTESIAN_POINT('',(74.3,63.068629150102,0.));
#5483 = VECTOR('',#5484,1.);
#5484 = DIRECTION('',(-4.69E-15,-1.,0.));
#5485 = ORIENTED_EDGE('',*,*,#5486,.F.);
#5486 = EDGE_CURVE('',#5487,#5479,#5489,.T.);
#5487 = VERTEX_POINT('',#5488);
#5488 = CARTESIAN_POINT('',(75.431370849898,64.2,0.));
#5489 = CIRCLE('',#5490,0.8);
#5490 = AXIS2_PLACEMENT_3D('',#5491,#5492,#5493);
#5491 = CARTESIAN_POINT('',(74.865685424949,63.634314575051,0.));
#5492 = DIRECTION('',(0.,0.,1.));
#5493 = DIRECTION('',(1.,0.,0.));
#5494 = ORIENTED_EDGE('',*,*,#5495,.T.);
#5495 = EDGE_CURVE('',#5487,#5436,#5496,.T.);
#5496 = LINE('',#5497,#5498);
#5497 = CARTESIAN_POINT('',(75.431370849898,64.2,0.));
#5498 = VECTOR('',#5499,1.);
#5499 = DIRECTION('',(1.,0.,0.));
#5500 = PLANE('',#5501);
#5501 = AXIS2_PLACEMENT_3D('',#5502,#5503,#5504);
#5502 = CARTESIAN_POINT('',(46.5,25.,0.));
#5503 = DIRECTION('',(0.,0.,1.));
#5504 = DIRECTION('',(1.,0.,0.));
#5505 = ADVANCED_FACE('',(#5506,#5517,#5587,#5657,#5727,#5797,#5867,
    #5937,#6007,#6077,#6147,#6217,#6287,#6357,#6427,#6497,#6567,#6637,
    #6707,#6777,#6847),#6917,.F.);
#5506 = FACE_BOUND('',#5507,.F.);
#5507 = EDGE_LOOP('',(#5508,#5509,#5510,#5516));
#5508 = ORIENTED_EDGE('',*,*,#4000,.T.);
#5509 = ORIENTED_EDGE('',*,*,#4062,.T.);
#5510 = ORIENTED_EDGE('',*,*,#5511,.T.);
#5511 = EDGE_CURVE('',#4063,#4033,#5512,.T.);
#5512 = LINE('',#5513,#5514);
#5513 = CARTESIAN_POINT('',(138.,107.5,-5.));
#5514 = VECTOR('',#5515,1.);
#5515 = DIRECTION('',(-1.,0.,0.));
#5516 = ORIENTED_EDGE('',*,*,#4040,.T.);
#5517 = FACE_BOUND('',#5518,.F.);
#5518 = EDGE_LOOP('',(#5519,#5530,#5538,#5547,#5555,#5564,#5572,#5581));
#5519 = ORIENTED_EDGE('',*,*,#5520,.F.);
#5520 = EDGE_CURVE('',#5521,#5523,#5525,.T.);
#5521 = VERTEX_POINT('',#5522);
#5522 = CARTESIAN_POINT('',(18.7,-11.93137084989,-5.));
#5523 = VERTEX_POINT('',#5524);
#5524 = CARTESIAN_POINT('',(17.568629150102,-10.8,-5.));
#5525 = CIRCLE('',#5526,0.8);
#5526 = AXIS2_PLACEMENT_3D('',#5527,#5528,#5529);
#5527 = CARTESIAN_POINT('',(18.134314575051,-11.36568542494,-5.));
#5528 = DIRECTION('',(0.,0.,1.));
#5529 = DIRECTION('',(1.,0.,0.));
#5530 = ORIENTED_EDGE('',*,*,#5531,.T.);
#5531 = EDGE_CURVE('',#5521,#5532,#5534,.T.);
#5532 = VERTEX_POINT('',#5533);
#5533 = CARTESIAN_POINT('',(18.7,-13.0686291501,-5.));
#5534 = LINE('',#5535,#5536);
#5535 = CARTESIAN_POINT('',(18.7,6.534314575051,-5.));
#5536 = VECTOR('',#5537,1.);
#5537 = DIRECTION('',(-6.25E-15,-1.,0.));
#5538 = ORIENTED_EDGE('',*,*,#5539,.F.);
#5539 = EDGE_CURVE('',#5540,#5532,#5542,.T.);
#5540 = VERTEX_POINT('',#5541);
#5541 = CARTESIAN_POINT('',(17.568629150102,-14.2,-5.));
#5542 = CIRCLE('',#5543,0.8);
#5543 = AXIS2_PLACEMENT_3D('',#5544,#5545,#5546);
#5544 = CARTESIAN_POINT('',(18.134314575051,-13.63431457505,-5.));
#5545 = DIRECTION('',(0.,0.,1.));
#5546 = DIRECTION('',(1.,0.,0.));
#5547 = ORIENTED_EDGE('',*,*,#5548,.F.);
#5548 = EDGE_CURVE('',#5549,#5540,#5551,.T.);
#5549 = VERTEX_POINT('',#5550);
#5550 = CARTESIAN_POINT('',(13.431370849898,-14.2,-5.));
#5551 = LINE('',#5552,#5553);
#5552 = CARTESIAN_POINT('',(29.965685424949,-14.2,-5.));
#5553 = VECTOR('',#5554,1.);
#5554 = DIRECTION('',(1.,-4.3E-16,0.));
#5555 = ORIENTED_EDGE('',*,*,#5556,.F.);
#5556 = EDGE_CURVE('',#5557,#5549,#5559,.T.);
#5557 = VERTEX_POINT('',#5558);
#5558 = CARTESIAN_POINT('',(12.3,-13.0686291501,-5.));
#5559 = CIRCLE('',#5560,0.8);
#5560 = AXIS2_PLACEMENT_3D('',#5561,#5562,#5563);
#5561 = CARTESIAN_POINT('',(12.865685424949,-13.63431457505,-5.));
#5562 = DIRECTION('',(0.,0.,1.));
#5563 = DIRECTION('',(1.,0.,0.));
#5564 = ORIENTED_EDGE('',*,*,#5565,.F.);
#5565 = EDGE_CURVE('',#5566,#5557,#5568,.T.);
#5566 = VERTEX_POINT('',#5567);
#5567 = CARTESIAN_POINT('',(12.3,-11.93137084989,-5.));
#5568 = LINE('',#5569,#5570);
#5569 = CARTESIAN_POINT('',(12.3,6.534314575051,-5.));
#5570 = VECTOR('',#5571,1.);
#5571 = DIRECTION('',(-4.69E-15,-1.,0.));
#5572 = ORIENTED_EDGE('',*,*,#5573,.F.);
#5573 = EDGE_CURVE('',#5574,#5566,#5576,.T.);
#5574 = VERTEX_POINT('',#5575);
#5575 = CARTESIAN_POINT('',(13.431370849898,-10.8,-5.));
#5576 = CIRCLE('',#5577,0.8);
#5577 = AXIS2_PLACEMENT_3D('',#5578,#5579,#5580);
#5578 = CARTESIAN_POINT('',(12.865685424949,-11.36568542494,-5.));
#5579 = DIRECTION('',(0.,0.,1.));
#5580 = DIRECTION('',(1.,0.,0.));
#5581 = ORIENTED_EDGE('',*,*,#5582,.T.);
#5582 = EDGE_CURVE('',#5574,#5523,#5583,.T.);
#5583 = LINE('',#5584,#5585);
#5584 = CARTESIAN_POINT('',(29.965685424949,-10.8,-5.));
#5585 = VECTOR('',#5586,1.);
#5586 = DIRECTION('',(1.,0.,0.));
#5587 = FACE_BOUND('',#5588,.F.);
#5588 = EDGE_LOOP('',(#5589,#5600,#5608,#5617,#5625,#5634,#5642,#5651));
#5589 = ORIENTED_EDGE('',*,*,#5590,.F.);
#5590 = EDGE_CURVE('',#5591,#5593,#5595,.T.);
#5591 = VERTEX_POINT('',#5592);
#5592 = CARTESIAN_POINT('',(49.7,-11.93137084989,-5.));
#5593 = VERTEX_POINT('',#5594);
#5594 = CARTESIAN_POINT('',(48.568629150102,-10.8,-5.));
#5595 = CIRCLE('',#5596,0.8);
#5596 = AXIS2_PLACEMENT_3D('',#5597,#5598,#5599);
#5597 = CARTESIAN_POINT('',(49.134314575051,-11.36568542494,-5.));
#5598 = DIRECTION('',(0.,0.,1.));
#5599 = DIRECTION('',(1.,0.,-0.));
#5600 = ORIENTED_EDGE('',*,*,#5601,.T.);
#5601 = EDGE_CURVE('',#5591,#5602,#5604,.T.);
#5602 = VERTEX_POINT('',#5603);
#5603 = CARTESIAN_POINT('',(49.7,-13.0686291501,-5.));
#5604 = LINE('',#5605,#5606);
#5605 = CARTESIAN_POINT('',(49.7,6.534314575051,-5.));
#5606 = VECTOR('',#5607,1.);
#5607 = DIRECTION('',(-6.25E-15,-1.,0.));
#5608 = ORIENTED_EDGE('',*,*,#5609,.F.);
#5609 = EDGE_CURVE('',#5610,#5602,#5612,.T.);
#5610 = VERTEX_POINT('',#5611);
#5611 = CARTESIAN_POINT('',(48.568629150102,-14.2,-5.));
#5612 = CIRCLE('',#5613,0.8);
#5613 = AXIS2_PLACEMENT_3D('',#5614,#5615,#5616);
#5614 = CARTESIAN_POINT('',(49.134314575051,-13.63431457505,-5.));
#5615 = DIRECTION('',(0.,0.,1.));
#5616 = DIRECTION('',(1.,0.,-0.));
#5617 = ORIENTED_EDGE('',*,*,#5618,.F.);
#5618 = EDGE_CURVE('',#5619,#5610,#5621,.T.);
#5619 = VERTEX_POINT('',#5620);
#5620 = CARTESIAN_POINT('',(44.431370849898,-14.2,-5.));
#5621 = LINE('',#5622,#5623);
#5622 = CARTESIAN_POINT('',(45.465685424949,-14.2,-5.));
#5623 = VECTOR('',#5624,1.);
#5624 = DIRECTION('',(1.,-4.3E-16,0.));
#5625 = ORIENTED_EDGE('',*,*,#5626,.F.);
#5626 = EDGE_CURVE('',#5627,#5619,#5629,.T.);
#5627 = VERTEX_POINT('',#5628);
#5628 = CARTESIAN_POINT('',(43.3,-13.0686291501,-5.));
#5629 = CIRCLE('',#5630,0.8);
#5630 = AXIS2_PLACEMENT_3D('',#5631,#5632,#5633);
#5631 = CARTESIAN_POINT('',(43.865685424949,-13.63431457505,-5.));
#5632 = DIRECTION('',(0.,0.,1.));
#5633 = DIRECTION('',(1.,0.,-0.));
#5634 = ORIENTED_EDGE('',*,*,#5635,.F.);
#5635 = EDGE_CURVE('',#5636,#5627,#5638,.T.);
#5636 = VERTEX_POINT('',#5637);
#5637 = CARTESIAN_POINT('',(43.3,-11.93137084989,-5.));
#5638 = LINE('',#5639,#5640);
#5639 = CARTESIAN_POINT('',(43.3,6.534314575051,-5.));
#5640 = VECTOR('',#5641,1.);
#5641 = DIRECTION('',(-4.69E-15,-1.,0.));
#5642 = ORIENTED_EDGE('',*,*,#5643,.F.);
#5643 = EDGE_CURVE('',#5644,#5636,#5646,.T.);
#5644 = VERTEX_POINT('',#5645);
#5645 = CARTESIAN_POINT('',(44.431370849898,-10.8,-5.));
#5646 = CIRCLE('',#5647,0.8);
#5647 = AXIS2_PLACEMENT_3D('',#5648,#5649,#5650);
#5648 = CARTESIAN_POINT('',(43.865685424949,-11.36568542494,-5.));
#5649 = DIRECTION('',(0.,0.,1.));
#5650 = DIRECTION('',(1.,0.,-0.));
#5651 = ORIENTED_EDGE('',*,*,#5652,.T.);
#5652 = EDGE_CURVE('',#5644,#5593,#5653,.T.);
#5653 = LINE('',#5654,#5655);
#5654 = CARTESIAN_POINT('',(45.465685424949,-10.8,-5.));
#5655 = VECTOR('',#5656,1.);
#5656 = DIRECTION('',(1.,0.,0.));
#5657 = FACE_BOUND('',#5658,.F.);
#5658 = EDGE_LOOP('',(#5659,#5670,#5678,#5687,#5695,#5704,#5712,#5721));
#5659 = ORIENTED_EDGE('',*,*,#5660,.F.);
#5660 = EDGE_CURVE('',#5661,#5663,#5665,.T.);
#5661 = VERTEX_POINT('',#5662);
#5662 = CARTESIAN_POINT('',(-1.7,10.431370849898,-5.));
#5663 = VERTEX_POINT('',#5664);
#5664 = CARTESIAN_POINT('',(-0.568629150102,9.3,-5.));
#5665 = CIRCLE('',#5666,0.8);
#5666 = AXIS2_PLACEMENT_3D('',#5667,#5668,#5669);
#5667 = CARTESIAN_POINT('',(-1.134314575051,9.865685424949,-5.));
#5668 = DIRECTION('',(0.,0.,1.));
#5669 = DIRECTION('',(1.,0.,0.));
#5670 = ORIENTED_EDGE('',*,*,#5671,.T.);
#5671 = EDGE_CURVE('',#5661,#5672,#5674,.T.);
#5672 = VERTEX_POINT('',#5673);
#5673 = CARTESIAN_POINT('',(-1.7,14.568629150102,-5.));
#5674 = LINE('',#5675,#5676);
#5675 = CARTESIAN_POINT('',(-1.7,17.715685424949,-5.));
#5676 = VECTOR('',#5677,1.);
#5677 = DIRECTION('',(5.E-17,1.,0.));
#5678 = ORIENTED_EDGE('',*,*,#5679,.F.);
#5679 = EDGE_CURVE('',#5680,#5672,#5682,.T.);
#5680 = VERTEX_POINT('',#5681);
#5681 = CARTESIAN_POINT('',(-0.568629150102,15.7,-5.));
#5682 = CIRCLE('',#5683,0.8);
#5683 = AXIS2_PLACEMENT_3D('',#5684,#5685,#5686);
#5684 = CARTESIAN_POINT('',(-1.134314575051,15.134314575051,-5.));
#5685 = DIRECTION('',(0.,0.,1.));
#5686 = DIRECTION('',(1.,0.,0.));
#5687 = ORIENTED_EDGE('',*,*,#5688,.T.);
#5688 = EDGE_CURVE('',#5680,#5689,#5691,.T.);
#5689 = VERTEX_POINT('',#5690);
#5690 = CARTESIAN_POINT('',(0.568629150102,15.7,-5.));
#5691 = LINE('',#5692,#5693);
#5692 = CARTESIAN_POINT('',(22.965685424949,15.7,-5.));
#5693 = VECTOR('',#5694,1.);
#5694 = DIRECTION('',(1.,-1.56E-15,0.));
#5695 = ORIENTED_EDGE('',*,*,#5696,.F.);
#5696 = EDGE_CURVE('',#5697,#5689,#5699,.T.);
#5697 = VERTEX_POINT('',#5698);
#5698 = CARTESIAN_POINT('',(1.7,14.568629150102,-5.));
#5699 = CIRCLE('',#5700,0.8);
#5700 = AXIS2_PLACEMENT_3D('',#5701,#5702,#5703);
#5701 = CARTESIAN_POINT('',(1.134314575051,15.134314575051,-5.));
#5702 = DIRECTION('',(0.,0.,1.));
#5703 = DIRECTION('',(1.,0.,0.));
#5704 = ORIENTED_EDGE('',*,*,#5705,.F.);
#5705 = EDGE_CURVE('',#5706,#5697,#5708,.T.);
#5706 = VERTEX_POINT('',#5707);
#5707 = CARTESIAN_POINT('',(1.7,10.431370849898,-5.));
#5708 = LINE('',#5709,#5710);
#5709 = CARTESIAN_POINT('',(1.7,17.715685424949,-5.));
#5710 = VECTOR('',#5711,1.);
#5711 = DIRECTION('',(0.,1.,0.));
#5712 = ORIENTED_EDGE('',*,*,#5713,.F.);
#5713 = EDGE_CURVE('',#5714,#5706,#5716,.T.);
#5714 = VERTEX_POINT('',#5715);
#5715 = CARTESIAN_POINT('',(0.568629150102,9.3,-5.));
#5716 = CIRCLE('',#5717,0.8);
#5717 = AXIS2_PLACEMENT_3D('',#5718,#5719,#5720);
#5718 = CARTESIAN_POINT('',(1.134314575051,9.865685424949,-5.));
#5719 = DIRECTION('',(0.,0.,1.));
#5720 = DIRECTION('',(1.,0.,0.));
#5721 = ORIENTED_EDGE('',*,*,#5722,.F.);
#5722 = EDGE_CURVE('',#5663,#5714,#5723,.T.);
#5723 = LINE('',#5724,#5725);
#5724 = CARTESIAN_POINT('',(22.965685424949,9.3,-5.));
#5725 = VECTOR('',#5726,1.);
#5726 = DIRECTION('',(1.,1.56E-15,0.));
#5727 = FACE_BOUND('',#5728,.F.);
#5728 = EDGE_LOOP('',(#5729,#5740,#5748,#5757,#5765,#5774,#5782,#5791));
#5729 = ORIENTED_EDGE('',*,*,#5730,.F.);
#5730 = EDGE_CURVE('',#5731,#5733,#5735,.T.);
#5731 = VERTEX_POINT('',#5732);
#5732 = CARTESIAN_POINT('',(18.7,13.068629150102,-5.));
#5733 = VERTEX_POINT('',#5734);
#5734 = CARTESIAN_POINT('',(17.568629150102,14.2,-5.));
#5735 = CIRCLE('',#5736,0.8);
#5736 = AXIS2_PLACEMENT_3D('',#5737,#5738,#5739);
#5737 = CARTESIAN_POINT('',(18.134314575051,13.634314575051,-5.));
#5738 = DIRECTION('',(0.,0.,1.));
#5739 = DIRECTION('',(1.,0.,-0.));
#5740 = ORIENTED_EDGE('',*,*,#5741,.T.);
#5741 = EDGE_CURVE('',#5731,#5742,#5744,.T.);
#5742 = VERTEX_POINT('',#5743);
#5743 = CARTESIAN_POINT('',(18.7,11.931370849898,-5.));
#5744 = LINE('',#5745,#5746);
#5745 = CARTESIAN_POINT('',(18.7,19.034314575051,-5.));
#5746 = VECTOR('',#5747,1.);
#5747 = DIRECTION('',(-6.25E-15,-1.,0.));
#5748 = ORIENTED_EDGE('',*,*,#5749,.F.);
#5749 = EDGE_CURVE('',#5750,#5742,#5752,.T.);
#5750 = VERTEX_POINT('',#5751);
#5751 = CARTESIAN_POINT('',(17.568629150102,10.8,-5.));
#5752 = CIRCLE('',#5753,0.8);
#5753 = AXIS2_PLACEMENT_3D('',#5754,#5755,#5756);
#5754 = CARTESIAN_POINT('',(18.134314575051,11.365685424949,-5.));
#5755 = DIRECTION('',(0.,0.,1.));
#5756 = DIRECTION('',(1.,0.,-0.));
#5757 = ORIENTED_EDGE('',*,*,#5758,.F.);
#5758 = EDGE_CURVE('',#5759,#5750,#5761,.T.);
#5759 = VERTEX_POINT('',#5760);
#5760 = CARTESIAN_POINT('',(13.431370849898,10.8,-5.));
#5761 = LINE('',#5762,#5763);
#5762 = CARTESIAN_POINT('',(29.965685424949,10.8,-5.));
#5763 = VECTOR('',#5764,1.);
#5764 = DIRECTION('',(1.,-4.3E-16,0.));
#5765 = ORIENTED_EDGE('',*,*,#5766,.F.);
#5766 = EDGE_CURVE('',#5767,#5759,#5769,.T.);
#5767 = VERTEX_POINT('',#5768);
#5768 = CARTESIAN_POINT('',(12.3,11.931370849898,-5.));
#5769 = CIRCLE('',#5770,0.8);
#5770 = AXIS2_PLACEMENT_3D('',#5771,#5772,#5773);
#5771 = CARTESIAN_POINT('',(12.865685424949,11.365685424949,-5.));
#5772 = DIRECTION('',(0.,0.,1.));
#5773 = DIRECTION('',(1.,0.,-0.));
#5774 = ORIENTED_EDGE('',*,*,#5775,.F.);
#5775 = EDGE_CURVE('',#5776,#5767,#5778,.T.);
#5776 = VERTEX_POINT('',#5777);
#5777 = CARTESIAN_POINT('',(12.3,13.068629150102,-5.));
#5778 = LINE('',#5779,#5780);
#5779 = CARTESIAN_POINT('',(12.3,19.034314575051,-5.));
#5780 = VECTOR('',#5781,1.);
#5781 = DIRECTION('',(-4.69E-15,-1.,0.));
#5782 = ORIENTED_EDGE('',*,*,#5783,.F.);
#5783 = EDGE_CURVE('',#5784,#5776,#5786,.T.);
#5784 = VERTEX_POINT('',#5785);
#5785 = CARTESIAN_POINT('',(13.431370849898,14.2,-5.));
#5786 = CIRCLE('',#5787,0.8);
#5787 = AXIS2_PLACEMENT_3D('',#5788,#5789,#5790);
#5788 = CARTESIAN_POINT('',(12.865685424949,13.634314575051,-5.));
#5789 = DIRECTION('',(0.,0.,1.));
#5790 = DIRECTION('',(1.,0.,-0.));
#5791 = ORIENTED_EDGE('',*,*,#5792,.T.);
#5792 = EDGE_CURVE('',#5784,#5733,#5793,.T.);
#5793 = LINE('',#5794,#5795);
#5794 = CARTESIAN_POINT('',(29.965685424949,14.2,-5.));
#5795 = VECTOR('',#5796,1.);
#5796 = DIRECTION('',(1.,0.,0.));
#5797 = FACE_BOUND('',#5798,.F.);
#5798 = EDGE_LOOP('',(#5799,#5810,#5818,#5827,#5835,#5844,#5852,#5861));
#5799 = ORIENTED_EDGE('',*,*,#5800,.F.);
#5800 = EDGE_CURVE('',#5801,#5803,#5805,.T.);
#5801 = VERTEX_POINT('',#5802);
#5802 = CARTESIAN_POINT('',(29.3,10.431370849898,-5.));
#5803 = VERTEX_POINT('',#5804);
#5804 = CARTESIAN_POINT('',(30.431370849898,9.3,-5.));
#5805 = CIRCLE('',#5806,0.8);
#5806 = AXIS2_PLACEMENT_3D('',#5807,#5808,#5809);
#5807 = CARTESIAN_POINT('',(29.865685424949,9.865685424949,-5.));
#5808 = DIRECTION('',(0.,0.,1.));
#5809 = DIRECTION('',(1.,0.,0.));
#5810 = ORIENTED_EDGE('',*,*,#5811,.T.);
#5811 = EDGE_CURVE('',#5801,#5812,#5814,.T.);
#5812 = VERTEX_POINT('',#5813);
#5813 = CARTESIAN_POINT('',(29.3,14.568629150102,-5.));
#5814 = LINE('',#5815,#5816);
#5815 = CARTESIAN_POINT('',(29.3,17.715685424949,-5.));
#5816 = VECTOR('',#5817,1.);
#5817 = DIRECTION('',(5.E-17,1.,0.));
#5818 = ORIENTED_EDGE('',*,*,#5819,.F.);
#5819 = EDGE_CURVE('',#5820,#5812,#5822,.T.);
#5820 = VERTEX_POINT('',#5821);
#5821 = CARTESIAN_POINT('',(30.431370849898,15.7,-5.));
#5822 = CIRCLE('',#5823,0.8);
#5823 = AXIS2_PLACEMENT_3D('',#5824,#5825,#5826);
#5824 = CARTESIAN_POINT('',(29.865685424949,15.134314575051,-5.));
#5825 = DIRECTION('',(0.,0.,1.));
#5826 = DIRECTION('',(1.,0.,0.));
#5827 = ORIENTED_EDGE('',*,*,#5828,.T.);
#5828 = EDGE_CURVE('',#5820,#5829,#5831,.T.);
#5829 = VERTEX_POINT('',#5830);
#5830 = CARTESIAN_POINT('',(31.568629150102,15.7,-5.));
#5831 = LINE('',#5832,#5833);
#5832 = CARTESIAN_POINT('',(38.465685424949,15.7,-5.));
#5833 = VECTOR('',#5834,1.);
#5834 = DIRECTION('',(1.,-1.56E-15,0.));
#5835 = ORIENTED_EDGE('',*,*,#5836,.F.);
#5836 = EDGE_CURVE('',#5837,#5829,#5839,.T.);
#5837 = VERTEX_POINT('',#5838);
#5838 = CARTESIAN_POINT('',(32.7,14.568629150102,-5.));
#5839 = CIRCLE('',#5840,0.8);
#5840 = AXIS2_PLACEMENT_3D('',#5841,#5842,#5843);
#5841 = CARTESIAN_POINT('',(32.134314575051,15.134314575051,-5.));
#5842 = DIRECTION('',(0.,0.,1.));
#5843 = DIRECTION('',(1.,0.,0.));
#5844 = ORIENTED_EDGE('',*,*,#5845,.F.);
#5845 = EDGE_CURVE('',#5846,#5837,#5848,.T.);
#5846 = VERTEX_POINT('',#5847);
#5847 = CARTESIAN_POINT('',(32.7,10.431370849898,-5.));
#5848 = LINE('',#5849,#5850);
#5849 = CARTESIAN_POINT('',(32.7,17.715685424949,-5.));
#5850 = VECTOR('',#5851,1.);
#5851 = DIRECTION('',(0.,1.,0.));
#5852 = ORIENTED_EDGE('',*,*,#5853,.F.);
#5853 = EDGE_CURVE('',#5854,#5846,#5856,.T.);
#5854 = VERTEX_POINT('',#5855);
#5855 = CARTESIAN_POINT('',(31.568629150102,9.3,-5.));
#5856 = CIRCLE('',#5857,0.8);
#5857 = AXIS2_PLACEMENT_3D('',#5858,#5859,#5860);
#5858 = CARTESIAN_POINT('',(32.134314575051,9.865685424949,-5.));
#5859 = DIRECTION('',(0.,0.,1.));
#5860 = DIRECTION('',(1.,0.,0.));
#5861 = ORIENTED_EDGE('',*,*,#5862,.F.);
#5862 = EDGE_CURVE('',#5803,#5854,#5863,.T.);
#5863 = LINE('',#5864,#5865);
#5864 = CARTESIAN_POINT('',(38.465685424949,9.3,-5.));
#5865 = VECTOR('',#5866,1.);
#5866 = DIRECTION('',(1.,1.56E-15,0.));
#5867 = FACE_BOUND('',#5868,.F.);
#5868 = EDGE_LOOP('',(#5869,#5880,#5888,#5897,#5905,#5914,#5922,#5931));
#5869 = ORIENTED_EDGE('',*,*,#5870,.F.);
#5870 = EDGE_CURVE('',#5871,#5873,#5875,.T.);
#5871 = VERTEX_POINT('',#5872);
#5872 = CARTESIAN_POINT('',(49.7,13.068629150102,-5.));
#5873 = VERTEX_POINT('',#5874);
#5874 = CARTESIAN_POINT('',(48.568629150102,14.2,-5.));
#5875 = CIRCLE('',#5876,0.8);
#5876 = AXIS2_PLACEMENT_3D('',#5877,#5878,#5879);
#5877 = CARTESIAN_POINT('',(49.134314575051,13.634314575051,-5.));
#5878 = DIRECTION('',(0.,0.,1.));
#5879 = DIRECTION('',(1.,0.,-0.));
#5880 = ORIENTED_EDGE('',*,*,#5881,.T.);
#5881 = EDGE_CURVE('',#5871,#5882,#5884,.T.);
#5882 = VERTEX_POINT('',#5883);
#5883 = CARTESIAN_POINT('',(49.7,11.931370849898,-5.));
#5884 = LINE('',#5885,#5886);
#5885 = CARTESIAN_POINT('',(49.7,19.034314575051,-5.));
#5886 = VECTOR('',#5887,1.);
#5887 = DIRECTION('',(-6.25E-15,-1.,0.));
#5888 = ORIENTED_EDGE('',*,*,#5889,.F.);
#5889 = EDGE_CURVE('',#5890,#5882,#5892,.T.);
#5890 = VERTEX_POINT('',#5891);
#5891 = CARTESIAN_POINT('',(48.568629150102,10.8,-5.));
#5892 = CIRCLE('',#5893,0.8);
#5893 = AXIS2_PLACEMENT_3D('',#5894,#5895,#5896);
#5894 = CARTESIAN_POINT('',(49.134314575051,11.365685424949,-5.));
#5895 = DIRECTION('',(0.,0.,1.));
#5896 = DIRECTION('',(1.,0.,-0.));
#5897 = ORIENTED_EDGE('',*,*,#5898,.F.);
#5898 = EDGE_CURVE('',#5899,#5890,#5901,.T.);
#5899 = VERTEX_POINT('',#5900);
#5900 = CARTESIAN_POINT('',(44.431370849898,10.8,-5.));
#5901 = LINE('',#5902,#5903);
#5902 = CARTESIAN_POINT('',(45.465685424949,10.8,-5.));
#5903 = VECTOR('',#5904,1.);
#5904 = DIRECTION('',(1.,-4.3E-16,0.));
#5905 = ORIENTED_EDGE('',*,*,#5906,.F.);
#5906 = EDGE_CURVE('',#5907,#5899,#5909,.T.);
#5907 = VERTEX_POINT('',#5908);
#5908 = CARTESIAN_POINT('',(43.3,11.931370849898,-5.));
#5909 = CIRCLE('',#5910,0.8);
#5910 = AXIS2_PLACEMENT_3D('',#5911,#5912,#5913);
#5911 = CARTESIAN_POINT('',(43.865685424949,11.365685424949,-5.));
#5912 = DIRECTION('',(0.,0.,1.));
#5913 = DIRECTION('',(1.,0.,-0.));
#5914 = ORIENTED_EDGE('',*,*,#5915,.F.);
#5915 = EDGE_CURVE('',#5916,#5907,#5918,.T.);
#5916 = VERTEX_POINT('',#5917);
#5917 = CARTESIAN_POINT('',(43.3,13.068629150102,-5.));
#5918 = LINE('',#5919,#5920);
#5919 = CARTESIAN_POINT('',(43.3,19.034314575051,-5.));
#5920 = VECTOR('',#5921,1.);
#5921 = DIRECTION('',(-4.69E-15,-1.,0.));
#5922 = ORIENTED_EDGE('',*,*,#5923,.F.);
#5923 = EDGE_CURVE('',#5924,#5916,#5926,.T.);
#5924 = VERTEX_POINT('',#5925);
#5925 = CARTESIAN_POINT('',(44.431370849898,14.2,-5.));
#5926 = CIRCLE('',#5927,0.8);
#5927 = AXIS2_PLACEMENT_3D('',#5928,#5929,#5930);
#5928 = CARTESIAN_POINT('',(43.865685424949,13.634314575051,-5.));
#5929 = DIRECTION('',(0.,0.,1.));
#5930 = DIRECTION('',(1.,0.,-0.));
#5931 = ORIENTED_EDGE('',*,*,#5932,.T.);
#5932 = EDGE_CURVE('',#5924,#5873,#5933,.T.);
#5933 = LINE('',#5934,#5935);
#5934 = CARTESIAN_POINT('',(45.465685424949,14.2,-5.));
#5935 = VECTOR('',#5936,1.);
#5936 = DIRECTION('',(1.,0.,0.));
#5937 = FACE_BOUND('',#5938,.F.);
#5938 = EDGE_LOOP('',(#5939,#5950,#5958,#5967,#5975,#5984,#5992,#6001));
#5939 = ORIENTED_EDGE('',*,*,#5940,.F.);
#5940 = EDGE_CURVE('',#5941,#5943,#5945,.T.);
#5941 = VERTEX_POINT('',#5942);
#5942 = CARTESIAN_POINT('',(80.7,-11.93137084989,-5.));
#5943 = VERTEX_POINT('',#5944);
#5944 = CARTESIAN_POINT('',(79.568629150102,-10.8,-5.));
#5945 = CIRCLE('',#5946,0.8);
#5946 = AXIS2_PLACEMENT_3D('',#5947,#5948,#5949);
#5947 = CARTESIAN_POINT('',(80.134314575051,-11.36568542494,-5.));
#5948 = DIRECTION('',(0.,0.,1.));
#5949 = DIRECTION('',(1.,0.,-0.));
#5950 = ORIENTED_EDGE('',*,*,#5951,.T.);
#5951 = EDGE_CURVE('',#5941,#5952,#5954,.T.);
#5952 = VERTEX_POINT('',#5953);
#5953 = CARTESIAN_POINT('',(80.7,-13.0686291501,-5.));
#5954 = LINE('',#5955,#5956);
#5955 = CARTESIAN_POINT('',(80.7,6.534314575051,-5.));
#5956 = VECTOR('',#5957,1.);
#5957 = DIRECTION('',(-6.25E-15,-1.,0.));
#5958 = ORIENTED_EDGE('',*,*,#5959,.F.);
#5959 = EDGE_CURVE('',#5960,#5952,#5962,.T.);
#5960 = VERTEX_POINT('',#5961);
#5961 = CARTESIAN_POINT('',(79.568629150102,-14.2,-5.));
#5962 = CIRCLE('',#5963,0.8);
#5963 = AXIS2_PLACEMENT_3D('',#5964,#5965,#5966);
#5964 = CARTESIAN_POINT('',(80.134314575051,-13.63431457505,-5.));
#5965 = DIRECTION('',(0.,0.,1.));
#5966 = DIRECTION('',(1.,0.,-0.));
#5967 = ORIENTED_EDGE('',*,*,#5968,.F.);
#5968 = EDGE_CURVE('',#5969,#5960,#5971,.T.);
#5969 = VERTEX_POINT('',#5970);
#5970 = CARTESIAN_POINT('',(75.431370849898,-14.2,-5.));
#5971 = LINE('',#5972,#5973);
#5972 = CARTESIAN_POINT('',(60.965685424949,-14.2,-5.));
#5973 = VECTOR('',#5974,1.);
#5974 = DIRECTION('',(1.,-4.3E-16,0.));
#5975 = ORIENTED_EDGE('',*,*,#5976,.F.);
#5976 = EDGE_CURVE('',#5977,#5969,#5979,.T.);
#5977 = VERTEX_POINT('',#5978);
#5978 = CARTESIAN_POINT('',(74.3,-13.0686291501,-5.));
#5979 = CIRCLE('',#5980,0.8);
#5980 = AXIS2_PLACEMENT_3D('',#5981,#5982,#5983);
#5981 = CARTESIAN_POINT('',(74.865685424949,-13.63431457505,-5.));
#5982 = DIRECTION('',(0.,0.,1.));
#5983 = DIRECTION('',(1.,0.,-0.));
#5984 = ORIENTED_EDGE('',*,*,#5985,.F.);
#5985 = EDGE_CURVE('',#5986,#5977,#5988,.T.);
#5986 = VERTEX_POINT('',#5987);
#5987 = CARTESIAN_POINT('',(74.3,-11.93137084989,-5.));
#5988 = LINE('',#5989,#5990);
#5989 = CARTESIAN_POINT('',(74.3,6.534314575051,-5.));
#5990 = VECTOR('',#5991,1.);
#5991 = DIRECTION('',(-4.69E-15,-1.,0.));
#5992 = ORIENTED_EDGE('',*,*,#5993,.F.);
#5993 = EDGE_CURVE('',#5994,#5986,#5996,.T.);
#5994 = VERTEX_POINT('',#5995);
#5995 = CARTESIAN_POINT('',(75.431370849898,-10.8,-5.));
#5996 = CIRCLE('',#5997,0.8);
#5997 = AXIS2_PLACEMENT_3D('',#5998,#5999,#6000);
#5998 = CARTESIAN_POINT('',(74.865685424949,-11.36568542494,-5.));
#5999 = DIRECTION('',(0.,0.,1.));
#6000 = DIRECTION('',(1.,0.,-0.));
#6001 = ORIENTED_EDGE('',*,*,#6002,.T.);
#6002 = EDGE_CURVE('',#5994,#5943,#6003,.T.);
#6003 = LINE('',#6004,#6005);
#6004 = CARTESIAN_POINT('',(60.965685424949,-10.8,-5.));
#6005 = VECTOR('',#6006,1.);
#6006 = DIRECTION('',(1.,0.,0.));
#6007 = FACE_BOUND('',#6008,.F.);
#6008 = EDGE_LOOP('',(#6009,#6020,#6028,#6037,#6045,#6054,#6062,#6071));
#6009 = ORIENTED_EDGE('',*,*,#6010,.F.);
#6010 = EDGE_CURVE('',#6011,#6013,#6015,.T.);
#6011 = VERTEX_POINT('',#6012);
#6012 = CARTESIAN_POINT('',(60.3,10.431370849898,-5.));
#6013 = VERTEX_POINT('',#6014);
#6014 = CARTESIAN_POINT('',(61.431370849898,9.3,-5.));
#6015 = CIRCLE('',#6016,0.8);
#6016 = AXIS2_PLACEMENT_3D('',#6017,#6018,#6019);
#6017 = CARTESIAN_POINT('',(60.865685424949,9.865685424949,-5.));
#6018 = DIRECTION('',(0.,0.,1.));
#6019 = DIRECTION('',(1.,0.,0.));
#6020 = ORIENTED_EDGE('',*,*,#6021,.T.);
#6021 = EDGE_CURVE('',#6011,#6022,#6024,.T.);
#6022 = VERTEX_POINT('',#6023);
#6023 = CARTESIAN_POINT('',(60.3,14.568629150102,-5.));
#6024 = LINE('',#6025,#6026);
#6025 = CARTESIAN_POINT('',(60.3,17.715685424949,-5.));
#6026 = VECTOR('',#6027,1.);
#6027 = DIRECTION('',(5.E-17,1.,0.));
#6028 = ORIENTED_EDGE('',*,*,#6029,.F.);
#6029 = EDGE_CURVE('',#6030,#6022,#6032,.T.);
#6030 = VERTEX_POINT('',#6031);
#6031 = CARTESIAN_POINT('',(61.431370849898,15.7,-5.));
#6032 = CIRCLE('',#6033,0.8);
#6033 = AXIS2_PLACEMENT_3D('',#6034,#6035,#6036);
#6034 = CARTESIAN_POINT('',(60.865685424949,15.134314575051,-5.));
#6035 = DIRECTION('',(0.,0.,1.));
#6036 = DIRECTION('',(1.,0.,0.));
#6037 = ORIENTED_EDGE('',*,*,#6038,.T.);
#6038 = EDGE_CURVE('',#6030,#6039,#6041,.T.);
#6039 = VERTEX_POINT('',#6040);
#6040 = CARTESIAN_POINT('',(62.568629150102,15.7,-5.));
#6041 = LINE('',#6042,#6043);
#6042 = CARTESIAN_POINT('',(53.965685424949,15.7,-5.));
#6043 = VECTOR('',#6044,1.);
#6044 = DIRECTION('',(1.,-1.56E-15,0.));
#6045 = ORIENTED_EDGE('',*,*,#6046,.F.);
#6046 = EDGE_CURVE('',#6047,#6039,#6049,.T.);
#6047 = VERTEX_POINT('',#6048);
#6048 = CARTESIAN_POINT('',(63.7,14.568629150102,-5.));
#6049 = CIRCLE('',#6050,0.8);
#6050 = AXIS2_PLACEMENT_3D('',#6051,#6052,#6053);
#6051 = CARTESIAN_POINT('',(63.134314575051,15.134314575051,-5.));
#6052 = DIRECTION('',(0.,0.,1.));
#6053 = DIRECTION('',(1.,0.,0.));
#6054 = ORIENTED_EDGE('',*,*,#6055,.F.);
#6055 = EDGE_CURVE('',#6056,#6047,#6058,.T.);
#6056 = VERTEX_POINT('',#6057);
#6057 = CARTESIAN_POINT('',(63.7,10.431370849898,-5.));
#6058 = LINE('',#6059,#6060);
#6059 = CARTESIAN_POINT('',(63.7,17.715685424949,-5.));
#6060 = VECTOR('',#6061,1.);
#6061 = DIRECTION('',(0.,1.,0.));
#6062 = ORIENTED_EDGE('',*,*,#6063,.F.);
#6063 = EDGE_CURVE('',#6064,#6056,#6066,.T.);
#6064 = VERTEX_POINT('',#6065);
#6065 = CARTESIAN_POINT('',(62.568629150102,9.3,-5.));
#6066 = CIRCLE('',#6067,0.8);
#6067 = AXIS2_PLACEMENT_3D('',#6068,#6069,#6070);
#6068 = CARTESIAN_POINT('',(63.134314575051,9.865685424949,-5.));
#6069 = DIRECTION('',(0.,0.,1.));
#6070 = DIRECTION('',(1.,0.,0.));
#6071 = ORIENTED_EDGE('',*,*,#6072,.F.);
#6072 = EDGE_CURVE('',#6013,#6064,#6073,.T.);
#6073 = LINE('',#6074,#6075);
#6074 = CARTESIAN_POINT('',(53.965685424949,9.3,-5.));
#6075 = VECTOR('',#6076,1.);
#6076 = DIRECTION('',(1.,1.56E-15,0.));
#6077 = FACE_BOUND('',#6078,.F.);
#6078 = EDGE_LOOP('',(#6079,#6090,#6098,#6107,#6115,#6124,#6132,#6141));
#6079 = ORIENTED_EDGE('',*,*,#6080,.F.);
#6080 = EDGE_CURVE('',#6081,#6083,#6085,.T.);
#6081 = VERTEX_POINT('',#6082);
#6082 = CARTESIAN_POINT('',(80.7,13.068629150102,-5.));
#6083 = VERTEX_POINT('',#6084);
#6084 = CARTESIAN_POINT('',(79.568629150102,14.2,-5.));
#6085 = CIRCLE('',#6086,0.8);
#6086 = AXIS2_PLACEMENT_3D('',#6087,#6088,#6089);
#6087 = CARTESIAN_POINT('',(80.134314575051,13.634314575051,-5.));
#6088 = DIRECTION('',(0.,0.,1.));
#6089 = DIRECTION('',(1.,0.,-0.));
#6090 = ORIENTED_EDGE('',*,*,#6091,.T.);
#6091 = EDGE_CURVE('',#6081,#6092,#6094,.T.);
#6092 = VERTEX_POINT('',#6093);
#6093 = CARTESIAN_POINT('',(80.7,11.931370849898,-5.));
#6094 = LINE('',#6095,#6096);
#6095 = CARTESIAN_POINT('',(80.7,19.034314575051,-5.));
#6096 = VECTOR('',#6097,1.);
#6097 = DIRECTION('',(-6.25E-15,-1.,0.));
#6098 = ORIENTED_EDGE('',*,*,#6099,.F.);
#6099 = EDGE_CURVE('',#6100,#6092,#6102,.T.);
#6100 = VERTEX_POINT('',#6101);
#6101 = CARTESIAN_POINT('',(79.568629150102,10.8,-5.));
#6102 = CIRCLE('',#6103,0.8);
#6103 = AXIS2_PLACEMENT_3D('',#6104,#6105,#6106);
#6104 = CARTESIAN_POINT('',(80.134314575051,11.365685424949,-5.));
#6105 = DIRECTION('',(0.,0.,1.));
#6106 = DIRECTION('',(1.,0.,-0.));
#6107 = ORIENTED_EDGE('',*,*,#6108,.F.);
#6108 = EDGE_CURVE('',#6109,#6100,#6111,.T.);
#6109 = VERTEX_POINT('',#6110);
#6110 = CARTESIAN_POINT('',(75.431370849898,10.8,-5.));
#6111 = LINE('',#6112,#6113);
#6112 = CARTESIAN_POINT('',(60.965685424949,10.8,-5.));
#6113 = VECTOR('',#6114,1.);
#6114 = DIRECTION('',(1.,-4.3E-16,0.));
#6115 = ORIENTED_EDGE('',*,*,#6116,.F.);
#6116 = EDGE_CURVE('',#6117,#6109,#6119,.T.);
#6117 = VERTEX_POINT('',#6118);
#6118 = CARTESIAN_POINT('',(74.3,11.931370849898,-5.));
#6119 = CIRCLE('',#6120,0.8);
#6120 = AXIS2_PLACEMENT_3D('',#6121,#6122,#6123);
#6121 = CARTESIAN_POINT('',(74.865685424949,11.365685424949,-5.));
#6122 = DIRECTION('',(0.,0.,1.));
#6123 = DIRECTION('',(1.,0.,-0.));
#6124 = ORIENTED_EDGE('',*,*,#6125,.F.);
#6125 = EDGE_CURVE('',#6126,#6117,#6128,.T.);
#6126 = VERTEX_POINT('',#6127);
#6127 = CARTESIAN_POINT('',(74.3,13.068629150102,-5.));
#6128 = LINE('',#6129,#6130);
#6129 = CARTESIAN_POINT('',(74.3,19.034314575051,-5.));
#6130 = VECTOR('',#6131,1.);
#6131 = DIRECTION('',(-4.69E-15,-1.,0.));
#6132 = ORIENTED_EDGE('',*,*,#6133,.F.);
#6133 = EDGE_CURVE('',#6134,#6126,#6136,.T.);
#6134 = VERTEX_POINT('',#6135);
#6135 = CARTESIAN_POINT('',(75.431370849898,14.2,-5.));
#6136 = CIRCLE('',#6137,0.8);
#6137 = AXIS2_PLACEMENT_3D('',#6138,#6139,#6140);
#6138 = CARTESIAN_POINT('',(74.865685424949,13.634314575051,-5.));
#6139 = DIRECTION('',(0.,0.,1.));
#6140 = DIRECTION('',(1.,0.,-0.));
#6141 = ORIENTED_EDGE('',*,*,#6142,.T.);
#6142 = EDGE_CURVE('',#6134,#6083,#6143,.T.);
#6143 = LINE('',#6144,#6145);
#6144 = CARTESIAN_POINT('',(60.965685424949,14.2,-5.));
#6145 = VECTOR('',#6146,1.);
#6146 = DIRECTION('',(1.,0.,0.));
#6147 = FACE_BOUND('',#6148,.F.);
#6148 = EDGE_LOOP('',(#6149,#6160,#6168,#6177,#6185,#6194,#6202,#6211));
#6149 = ORIENTED_EDGE('',*,*,#6150,.F.);
#6150 = EDGE_CURVE('',#6151,#6153,#6155,.T.);
#6151 = VERTEX_POINT('',#6152);
#6152 = CARTESIAN_POINT('',(91.3,10.431370849898,-5.));
#6153 = VERTEX_POINT('',#6154);
#6154 = CARTESIAN_POINT('',(92.431370849898,9.3,-5.));
#6155 = CIRCLE('',#6156,0.8);
#6156 = AXIS2_PLACEMENT_3D('',#6157,#6158,#6159);
#6157 = CARTESIAN_POINT('',(91.865685424949,9.865685424949,-5.));
#6158 = DIRECTION('',(0.,0.,1.));
#6159 = DIRECTION('',(1.,0.,0.));
#6160 = ORIENTED_EDGE('',*,*,#6161,.T.);
#6161 = EDGE_CURVE('',#6151,#6162,#6164,.T.);
#6162 = VERTEX_POINT('',#6163);
#6163 = CARTESIAN_POINT('',(91.3,14.568629150102,-5.));
#6164 = LINE('',#6165,#6166);
#6165 = CARTESIAN_POINT('',(91.3,17.715685424949,-5.));
#6166 = VECTOR('',#6167,1.);
#6167 = DIRECTION('',(5.E-17,1.,0.));
#6168 = ORIENTED_EDGE('',*,*,#6169,.F.);
#6169 = EDGE_CURVE('',#6170,#6162,#6172,.T.);
#6170 = VERTEX_POINT('',#6171);
#6171 = CARTESIAN_POINT('',(92.431370849898,15.7,-5.));
#6172 = CIRCLE('',#6173,0.8);
#6173 = AXIS2_PLACEMENT_3D('',#6174,#6175,#6176);
#6174 = CARTESIAN_POINT('',(91.865685424949,15.134314575051,-5.));
#6175 = DIRECTION('',(0.,0.,1.));
#6176 = DIRECTION('',(1.,0.,0.));
#6177 = ORIENTED_EDGE('',*,*,#6178,.T.);
#6178 = EDGE_CURVE('',#6170,#6179,#6181,.T.);
#6179 = VERTEX_POINT('',#6180);
#6180 = CARTESIAN_POINT('',(93.568629150102,15.7,-5.));
#6181 = LINE('',#6182,#6183);
#6182 = CARTESIAN_POINT('',(69.465685424949,15.7,-5.));
#6183 = VECTOR('',#6184,1.);
#6184 = DIRECTION('',(1.,-1.56E-15,0.));
#6185 = ORIENTED_EDGE('',*,*,#6186,.F.);
#6186 = EDGE_CURVE('',#6187,#6179,#6189,.T.);
#6187 = VERTEX_POINT('',#6188);
#6188 = CARTESIAN_POINT('',(94.7,14.568629150102,-5.));
#6189 = CIRCLE('',#6190,0.8);
#6190 = AXIS2_PLACEMENT_3D('',#6191,#6192,#6193);
#6191 = CARTESIAN_POINT('',(94.134314575051,15.134314575051,-5.));
#6192 = DIRECTION('',(0.,0.,1.));
#6193 = DIRECTION('',(1.,0.,0.));
#6194 = ORIENTED_EDGE('',*,*,#6195,.F.);
#6195 = EDGE_CURVE('',#6196,#6187,#6198,.T.);
#6196 = VERTEX_POINT('',#6197);
#6197 = CARTESIAN_POINT('',(94.7,10.431370849898,-5.));
#6198 = LINE('',#6199,#6200);
#6199 = CARTESIAN_POINT('',(94.7,17.715685424949,-5.));
#6200 = VECTOR('',#6201,1.);
#6201 = DIRECTION('',(0.,1.,0.));
#6202 = ORIENTED_EDGE('',*,*,#6203,.F.);
#6203 = EDGE_CURVE('',#6204,#6196,#6206,.T.);
#6204 = VERTEX_POINT('',#6205);
#6205 = CARTESIAN_POINT('',(93.568629150102,9.3,-5.));
#6206 = CIRCLE('',#6207,0.8);
#6207 = AXIS2_PLACEMENT_3D('',#6208,#6209,#6210);
#6208 = CARTESIAN_POINT('',(94.134314575051,9.865685424949,-5.));
#6209 = DIRECTION('',(0.,0.,1.));
#6210 = DIRECTION('',(1.,0.,0.));
#6211 = ORIENTED_EDGE('',*,*,#6212,.F.);
#6212 = EDGE_CURVE('',#6153,#6204,#6213,.T.);
#6213 = LINE('',#6214,#6215);
#6214 = CARTESIAN_POINT('',(69.465685424949,9.3,-5.));
#6215 = VECTOR('',#6216,1.);
#6216 = DIRECTION('',(1.,1.56E-15,0.));
#6217 = FACE_BOUND('',#6218,.F.);
#6218 = EDGE_LOOP('',(#6219,#6230,#6238,#6247,#6255,#6264,#6272,#6281));
#6219 = ORIENTED_EDGE('',*,*,#6220,.F.);
#6220 = EDGE_CURVE('',#6221,#6223,#6225,.T.);
#6221 = VERTEX_POINT('',#6222);
#6222 = CARTESIAN_POINT('',(-1.7,35.431370849898,-5.));
#6223 = VERTEX_POINT('',#6224);
#6224 = CARTESIAN_POINT('',(-0.568629150102,34.3,-5.));
#6225 = CIRCLE('',#6226,0.8);
#6226 = AXIS2_PLACEMENT_3D('',#6227,#6228,#6229);
#6227 = CARTESIAN_POINT('',(-1.134314575051,34.865685424949,-5.));
#6228 = DIRECTION('',(0.,0.,1.));
#6229 = DIRECTION('',(1.,0.,0.));
#6230 = ORIENTED_EDGE('',*,*,#6231,.T.);
#6231 = EDGE_CURVE('',#6221,#6232,#6234,.T.);
#6232 = VERTEX_POINT('',#6233);
#6233 = CARTESIAN_POINT('',(-1.7,39.568629150102,-5.));
#6234 = LINE('',#6235,#6236);
#6235 = CARTESIAN_POINT('',(-1.7,30.215685424949,-5.));
#6236 = VECTOR('',#6237,1.);
#6237 = DIRECTION('',(5.E-17,1.,0.));
#6238 = ORIENTED_EDGE('',*,*,#6239,.F.);
#6239 = EDGE_CURVE('',#6240,#6232,#6242,.T.);
#6240 = VERTEX_POINT('',#6241);
#6241 = CARTESIAN_POINT('',(-0.568629150102,40.7,-5.));
#6242 = CIRCLE('',#6243,0.8);
#6243 = AXIS2_PLACEMENT_3D('',#6244,#6245,#6246);
#6244 = CARTESIAN_POINT('',(-1.134314575051,40.134314575051,-5.));
#6245 = DIRECTION('',(0.,0.,1.));
#6246 = DIRECTION('',(1.,0.,0.));
#6247 = ORIENTED_EDGE('',*,*,#6248,.T.);
#6248 = EDGE_CURVE('',#6240,#6249,#6251,.T.);
#6249 = VERTEX_POINT('',#6250);
#6250 = CARTESIAN_POINT('',(0.568629150102,40.7,-5.));
#6251 = LINE('',#6252,#6253);
#6252 = CARTESIAN_POINT('',(22.965685424949,40.7,-5.));
#6253 = VECTOR('',#6254,1.);
#6254 = DIRECTION('',(1.,-1.56E-15,0.));
#6255 = ORIENTED_EDGE('',*,*,#6256,.F.);
#6256 = EDGE_CURVE('',#6257,#6249,#6259,.T.);
#6257 = VERTEX_POINT('',#6258);
#6258 = CARTESIAN_POINT('',(1.7,39.568629150102,-5.));
#6259 = CIRCLE('',#6260,0.8);
#6260 = AXIS2_PLACEMENT_3D('',#6261,#6262,#6263);
#6261 = CARTESIAN_POINT('',(1.134314575051,40.134314575051,-5.));
#6262 = DIRECTION('',(0.,0.,1.));
#6263 = DIRECTION('',(1.,0.,0.));
#6264 = ORIENTED_EDGE('',*,*,#6265,.F.);
#6265 = EDGE_CURVE('',#6266,#6257,#6268,.T.);
#6266 = VERTEX_POINT('',#6267);
#6267 = CARTESIAN_POINT('',(1.7,35.431370849898,-5.));
#6268 = LINE('',#6269,#6270);
#6269 = CARTESIAN_POINT('',(1.7,30.215685424949,-5.));
#6270 = VECTOR('',#6271,1.);
#6271 = DIRECTION('',(0.,1.,0.));
#6272 = ORIENTED_EDGE('',*,*,#6273,.F.);
#6273 = EDGE_CURVE('',#6274,#6266,#6276,.T.);
#6274 = VERTEX_POINT('',#6275);
#6275 = CARTESIAN_POINT('',(0.568629150102,34.3,-5.));
#6276 = CIRCLE('',#6277,0.8);
#6277 = AXIS2_PLACEMENT_3D('',#6278,#6279,#6280);
#6278 = CARTESIAN_POINT('',(1.134314575051,34.865685424949,-5.));
#6279 = DIRECTION('',(0.,0.,1.));
#6280 = DIRECTION('',(1.,0.,0.));
#6281 = ORIENTED_EDGE('',*,*,#6282,.F.);
#6282 = EDGE_CURVE('',#6223,#6274,#6283,.T.);
#6283 = LINE('',#6284,#6285);
#6284 = CARTESIAN_POINT('',(22.965685424949,34.3,-5.));
#6285 = VECTOR('',#6286,1.);
#6286 = DIRECTION('',(1.,1.56E-15,0.));
#6287 = FACE_BOUND('',#6288,.F.);
#6288 = EDGE_LOOP('',(#6289,#6300,#6308,#6317,#6325,#6334,#6342,#6351));
#6289 = ORIENTED_EDGE('',*,*,#6290,.F.);
#6290 = EDGE_CURVE('',#6291,#6293,#6295,.T.);
#6291 = VERTEX_POINT('',#6292);
#6292 = CARTESIAN_POINT('',(18.7,38.068629150102,-5.));
#6293 = VERTEX_POINT('',#6294);
#6294 = CARTESIAN_POINT('',(17.568629150102,39.2,-5.));
#6295 = CIRCLE('',#6296,0.8);
#6296 = AXIS2_PLACEMENT_3D('',#6297,#6298,#6299);
#6297 = CARTESIAN_POINT('',(18.134314575051,38.634314575051,-5.));
#6298 = DIRECTION('',(0.,0.,1.));
#6299 = DIRECTION('',(1.,0.,-0.));
#6300 = ORIENTED_EDGE('',*,*,#6301,.T.);
#6301 = EDGE_CURVE('',#6291,#6302,#6304,.T.);
#6302 = VERTEX_POINT('',#6303);
#6303 = CARTESIAN_POINT('',(18.7,36.931370849898,-5.));
#6304 = LINE('',#6305,#6306);
#6305 = CARTESIAN_POINT('',(18.7,31.534314575051,-5.));
#6306 = VECTOR('',#6307,1.);
#6307 = DIRECTION('',(-6.25E-15,-1.,0.));
#6308 = ORIENTED_EDGE('',*,*,#6309,.F.);
#6309 = EDGE_CURVE('',#6310,#6302,#6312,.T.);
#6310 = VERTEX_POINT('',#6311);
#6311 = CARTESIAN_POINT('',(17.568629150102,35.8,-5.));
#6312 = CIRCLE('',#6313,0.8);
#6313 = AXIS2_PLACEMENT_3D('',#6314,#6315,#6316);
#6314 = CARTESIAN_POINT('',(18.134314575051,36.365685424949,-5.));
#6315 = DIRECTION('',(0.,0.,1.));
#6316 = DIRECTION('',(1.,0.,-0.));
#6317 = ORIENTED_EDGE('',*,*,#6318,.F.);
#6318 = EDGE_CURVE('',#6319,#6310,#6321,.T.);
#6319 = VERTEX_POINT('',#6320);
#6320 = CARTESIAN_POINT('',(13.431370849898,35.8,-5.));
#6321 = LINE('',#6322,#6323);
#6322 = CARTESIAN_POINT('',(29.965685424949,35.8,-5.));
#6323 = VECTOR('',#6324,1.);
#6324 = DIRECTION('',(1.,-4.3E-16,0.));
#6325 = ORIENTED_EDGE('',*,*,#6326,.F.);
#6326 = EDGE_CURVE('',#6327,#6319,#6329,.T.);
#6327 = VERTEX_POINT('',#6328);
#6328 = CARTESIAN_POINT('',(12.3,36.931370849898,-5.));
#6329 = CIRCLE('',#6330,0.8);
#6330 = AXIS2_PLACEMENT_3D('',#6331,#6332,#6333);
#6331 = CARTESIAN_POINT('',(12.865685424949,36.365685424949,-5.));
#6332 = DIRECTION('',(0.,0.,1.));
#6333 = DIRECTION('',(1.,0.,-0.));
#6334 = ORIENTED_EDGE('',*,*,#6335,.F.);
#6335 = EDGE_CURVE('',#6336,#6327,#6338,.T.);
#6336 = VERTEX_POINT('',#6337);
#6337 = CARTESIAN_POINT('',(12.3,38.068629150102,-5.));
#6338 = LINE('',#6339,#6340);
#6339 = CARTESIAN_POINT('',(12.3,31.534314575051,-5.));
#6340 = VECTOR('',#6341,1.);
#6341 = DIRECTION('',(-4.69E-15,-1.,0.));
#6342 = ORIENTED_EDGE('',*,*,#6343,.F.);
#6343 = EDGE_CURVE('',#6344,#6336,#6346,.T.);
#6344 = VERTEX_POINT('',#6345);
#6345 = CARTESIAN_POINT('',(13.431370849898,39.2,-5.));
#6346 = CIRCLE('',#6347,0.8);
#6347 = AXIS2_PLACEMENT_3D('',#6348,#6349,#6350);
#6348 = CARTESIAN_POINT('',(12.865685424949,38.634314575051,-5.));
#6349 = DIRECTION('',(0.,0.,1.));
#6350 = DIRECTION('',(1.,0.,-0.));
#6351 = ORIENTED_EDGE('',*,*,#6352,.T.);
#6352 = EDGE_CURVE('',#6344,#6293,#6353,.T.);
#6353 = LINE('',#6354,#6355);
#6354 = CARTESIAN_POINT('',(29.965685424949,39.2,-5.));
#6355 = VECTOR('',#6356,1.);
#6356 = DIRECTION('',(1.,0.,0.));
#6357 = FACE_BOUND('',#6358,.F.);
#6358 = EDGE_LOOP('',(#6359,#6370,#6378,#6387,#6395,#6404,#6412,#6421));
#6359 = ORIENTED_EDGE('',*,*,#6360,.F.);
#6360 = EDGE_CURVE('',#6361,#6363,#6365,.T.);
#6361 = VERTEX_POINT('',#6362);
#6362 = CARTESIAN_POINT('',(29.3,35.431370849898,-5.));
#6363 = VERTEX_POINT('',#6364);
#6364 = CARTESIAN_POINT('',(30.431370849898,34.3,-5.));
#6365 = CIRCLE('',#6366,0.8);
#6366 = AXIS2_PLACEMENT_3D('',#6367,#6368,#6369);
#6367 = CARTESIAN_POINT('',(29.865685424949,34.865685424949,-5.));
#6368 = DIRECTION('',(0.,0.,1.));
#6369 = DIRECTION('',(1.,0.,0.));
#6370 = ORIENTED_EDGE('',*,*,#6371,.T.);
#6371 = EDGE_CURVE('',#6361,#6372,#6374,.T.);
#6372 = VERTEX_POINT('',#6373);
#6373 = CARTESIAN_POINT('',(29.3,39.568629150102,-5.));
#6374 = LINE('',#6375,#6376);
#6375 = CARTESIAN_POINT('',(29.3,30.215685424949,-5.));
#6376 = VECTOR('',#6377,1.);
#6377 = DIRECTION('',(5.E-17,1.,0.));
#6378 = ORIENTED_EDGE('',*,*,#6379,.F.);
#6379 = EDGE_CURVE('',#6380,#6372,#6382,.T.);
#6380 = VERTEX_POINT('',#6381);
#6381 = CARTESIAN_POINT('',(30.431370849898,40.7,-5.));
#6382 = CIRCLE('',#6383,0.8);
#6383 = AXIS2_PLACEMENT_3D('',#6384,#6385,#6386);
#6384 = CARTESIAN_POINT('',(29.865685424949,40.134314575051,-5.));
#6385 = DIRECTION('',(0.,0.,1.));
#6386 = DIRECTION('',(1.,0.,0.));
#6387 = ORIENTED_EDGE('',*,*,#6388,.T.);
#6388 = EDGE_CURVE('',#6380,#6389,#6391,.T.);
#6389 = VERTEX_POINT('',#6390);
#6390 = CARTESIAN_POINT('',(31.568629150102,40.7,-5.));
#6391 = LINE('',#6392,#6393);
#6392 = CARTESIAN_POINT('',(38.465685424949,40.7,-5.));
#6393 = VECTOR('',#6394,1.);
#6394 = DIRECTION('',(1.,-1.56E-15,0.));
#6395 = ORIENTED_EDGE('',*,*,#6396,.F.);
#6396 = EDGE_CURVE('',#6397,#6389,#6399,.T.);
#6397 = VERTEX_POINT('',#6398);
#6398 = CARTESIAN_POINT('',(32.7,39.568629150102,-5.));
#6399 = CIRCLE('',#6400,0.8);
#6400 = AXIS2_PLACEMENT_3D('',#6401,#6402,#6403);
#6401 = CARTESIAN_POINT('',(32.134314575051,40.134314575051,-5.));
#6402 = DIRECTION('',(0.,0.,1.));
#6403 = DIRECTION('',(1.,0.,0.));
#6404 = ORIENTED_EDGE('',*,*,#6405,.F.);
#6405 = EDGE_CURVE('',#6406,#6397,#6408,.T.);
#6406 = VERTEX_POINT('',#6407);
#6407 = CARTESIAN_POINT('',(32.7,35.431370849898,-5.));
#6408 = LINE('',#6409,#6410);
#6409 = CARTESIAN_POINT('',(32.7,30.215685424949,-5.));
#6410 = VECTOR('',#6411,1.);
#6411 = DIRECTION('',(0.,1.,0.));
#6412 = ORIENTED_EDGE('',*,*,#6413,.F.);
#6413 = EDGE_CURVE('',#6414,#6406,#6416,.T.);
#6414 = VERTEX_POINT('',#6415);
#6415 = CARTESIAN_POINT('',(31.568629150102,34.3,-5.));
#6416 = CIRCLE('',#6417,0.8);
#6417 = AXIS2_PLACEMENT_3D('',#6418,#6419,#6420);
#6418 = CARTESIAN_POINT('',(32.134314575051,34.865685424949,-5.));
#6419 = DIRECTION('',(0.,0.,1.));
#6420 = DIRECTION('',(1.,0.,0.));
#6421 = ORIENTED_EDGE('',*,*,#6422,.F.);
#6422 = EDGE_CURVE('',#6363,#6414,#6423,.T.);
#6423 = LINE('',#6424,#6425);
#6424 = CARTESIAN_POINT('',(38.465685424949,34.3,-5.));
#6425 = VECTOR('',#6426,1.);
#6426 = DIRECTION('',(1.,1.56E-15,0.));
#6427 = FACE_BOUND('',#6428,.F.);
#6428 = EDGE_LOOP('',(#6429,#6440,#6448,#6457,#6465,#6474,#6482,#6491));
#6429 = ORIENTED_EDGE('',*,*,#6430,.F.);
#6430 = EDGE_CURVE('',#6431,#6433,#6435,.T.);
#6431 = VERTEX_POINT('',#6432);
#6432 = CARTESIAN_POINT('',(49.7,38.068629150102,-5.));
#6433 = VERTEX_POINT('',#6434);
#6434 = CARTESIAN_POINT('',(48.568629150102,39.2,-5.));
#6435 = CIRCLE('',#6436,0.8);
#6436 = AXIS2_PLACEMENT_3D('',#6437,#6438,#6439);
#6437 = CARTESIAN_POINT('',(49.134314575051,38.634314575051,-5.));
#6438 = DIRECTION('',(0.,0.,1.));
#6439 = DIRECTION('',(1.,0.,-0.));
#6440 = ORIENTED_EDGE('',*,*,#6441,.T.);
#6441 = EDGE_CURVE('',#6431,#6442,#6444,.T.);
#6442 = VERTEX_POINT('',#6443);
#6443 = CARTESIAN_POINT('',(49.7,36.931370849898,-5.));
#6444 = LINE('',#6445,#6446);
#6445 = CARTESIAN_POINT('',(49.7,31.534314575051,-5.));
#6446 = VECTOR('',#6447,1.);
#6447 = DIRECTION('',(-6.25E-15,-1.,0.));
#6448 = ORIENTED_EDGE('',*,*,#6449,.F.);
#6449 = EDGE_CURVE('',#6450,#6442,#6452,.T.);
#6450 = VERTEX_POINT('',#6451);
#6451 = CARTESIAN_POINT('',(48.568629150102,35.8,-5.));
#6452 = CIRCLE('',#6453,0.8);
#6453 = AXIS2_PLACEMENT_3D('',#6454,#6455,#6456);
#6454 = CARTESIAN_POINT('',(49.134314575051,36.365685424949,-5.));
#6455 = DIRECTION('',(0.,0.,1.));
#6456 = DIRECTION('',(1.,0.,-0.));
#6457 = ORIENTED_EDGE('',*,*,#6458,.F.);
#6458 = EDGE_CURVE('',#6459,#6450,#6461,.T.);
#6459 = VERTEX_POINT('',#6460);
#6460 = CARTESIAN_POINT('',(44.431370849898,35.8,-5.));
#6461 = LINE('',#6462,#6463);
#6462 = CARTESIAN_POINT('',(45.465685424949,35.8,-5.));
#6463 = VECTOR('',#6464,1.);
#6464 = DIRECTION('',(1.,-4.3E-16,0.));
#6465 = ORIENTED_EDGE('',*,*,#6466,.F.);
#6466 = EDGE_CURVE('',#6467,#6459,#6469,.T.);
#6467 = VERTEX_POINT('',#6468);
#6468 = CARTESIAN_POINT('',(43.3,36.931370849898,-5.));
#6469 = CIRCLE('',#6470,0.8);
#6470 = AXIS2_PLACEMENT_3D('',#6471,#6472,#6473);
#6471 = CARTESIAN_POINT('',(43.865685424949,36.365685424949,-5.));
#6472 = DIRECTION('',(0.,0.,1.));
#6473 = DIRECTION('',(1.,0.,-0.));
#6474 = ORIENTED_EDGE('',*,*,#6475,.F.);
#6475 = EDGE_CURVE('',#6476,#6467,#6478,.T.);
#6476 = VERTEX_POINT('',#6477);
#6477 = CARTESIAN_POINT('',(43.3,38.068629150102,-5.));
#6478 = LINE('',#6479,#6480);
#6479 = CARTESIAN_POINT('',(43.3,31.534314575051,-5.));
#6480 = VECTOR('',#6481,1.);
#6481 = DIRECTION('',(-4.69E-15,-1.,0.));
#6482 = ORIENTED_EDGE('',*,*,#6483,.F.);
#6483 = EDGE_CURVE('',#6484,#6476,#6486,.T.);
#6484 = VERTEX_POINT('',#6485);
#6485 = CARTESIAN_POINT('',(44.431370849898,39.2,-5.));
#6486 = CIRCLE('',#6487,0.8);
#6487 = AXIS2_PLACEMENT_3D('',#6488,#6489,#6490);
#6488 = CARTESIAN_POINT('',(43.865685424949,38.634314575051,-5.));
#6489 = DIRECTION('',(0.,0.,1.));
#6490 = DIRECTION('',(1.,0.,-0.));
#6491 = ORIENTED_EDGE('',*,*,#6492,.T.);
#6492 = EDGE_CURVE('',#6484,#6433,#6493,.T.);
#6493 = LINE('',#6494,#6495);
#6494 = CARTESIAN_POINT('',(45.465685424949,39.2,-5.));
#6495 = VECTOR('',#6496,1.);
#6496 = DIRECTION('',(1.,0.,0.));
#6497 = FACE_BOUND('',#6498,.F.);
#6498 = EDGE_LOOP('',(#6499,#6510,#6518,#6527,#6535,#6544,#6552,#6561));
#6499 = ORIENTED_EDGE('',*,*,#6500,.F.);
#6500 = EDGE_CURVE('',#6501,#6503,#6505,.T.);
#6501 = VERTEX_POINT('',#6502);
#6502 = CARTESIAN_POINT('',(18.7,63.068629150102,-5.));
#6503 = VERTEX_POINT('',#6504);
#6504 = CARTESIAN_POINT('',(17.568629150102,64.2,-5.));
#6505 = CIRCLE('',#6506,0.8);
#6506 = AXIS2_PLACEMENT_3D('',#6507,#6508,#6509);
#6507 = CARTESIAN_POINT('',(18.134314575051,63.634314575051,-5.));
#6508 = DIRECTION('',(0.,0.,1.));
#6509 = DIRECTION('',(1.,0.,-0.));
#6510 = ORIENTED_EDGE('',*,*,#6511,.T.);
#6511 = EDGE_CURVE('',#6501,#6512,#6514,.T.);
#6512 = VERTEX_POINT('',#6513);
#6513 = CARTESIAN_POINT('',(18.7,61.931370849898,-5.));
#6514 = LINE('',#6515,#6516);
#6515 = CARTESIAN_POINT('',(18.7,44.034314575051,-5.));
#6516 = VECTOR('',#6517,1.);
#6517 = DIRECTION('',(-6.25E-15,-1.,0.));
#6518 = ORIENTED_EDGE('',*,*,#6519,.F.);
#6519 = EDGE_CURVE('',#6520,#6512,#6522,.T.);
#6520 = VERTEX_POINT('',#6521);
#6521 = CARTESIAN_POINT('',(17.568629150102,60.8,-5.));
#6522 = CIRCLE('',#6523,0.8);
#6523 = AXIS2_PLACEMENT_3D('',#6524,#6525,#6526);
#6524 = CARTESIAN_POINT('',(18.134314575051,61.365685424949,-5.));
#6525 = DIRECTION('',(0.,0.,1.));
#6526 = DIRECTION('',(1.,0.,-0.));
#6527 = ORIENTED_EDGE('',*,*,#6528,.F.);
#6528 = EDGE_CURVE('',#6529,#6520,#6531,.T.);
#6529 = VERTEX_POINT('',#6530);
#6530 = CARTESIAN_POINT('',(13.431370849898,60.8,-5.));
#6531 = LINE('',#6532,#6533);
#6532 = CARTESIAN_POINT('',(29.965685424949,60.8,-5.));
#6533 = VECTOR('',#6534,1.);
#6534 = DIRECTION('',(1.,-4.3E-16,0.));
#6535 = ORIENTED_EDGE('',*,*,#6536,.F.);
#6536 = EDGE_CURVE('',#6537,#6529,#6539,.T.);
#6537 = VERTEX_POINT('',#6538);
#6538 = CARTESIAN_POINT('',(12.3,61.931370849898,-5.));
#6539 = CIRCLE('',#6540,0.8);
#6540 = AXIS2_PLACEMENT_3D('',#6541,#6542,#6543);
#6541 = CARTESIAN_POINT('',(12.865685424949,61.365685424949,-5.));
#6542 = DIRECTION('',(0.,0.,1.));
#6543 = DIRECTION('',(1.,0.,-0.));
#6544 = ORIENTED_EDGE('',*,*,#6545,.F.);
#6545 = EDGE_CURVE('',#6546,#6537,#6548,.T.);
#6546 = VERTEX_POINT('',#6547);
#6547 = CARTESIAN_POINT('',(12.3,63.068629150102,-5.));
#6548 = LINE('',#6549,#6550);
#6549 = CARTESIAN_POINT('',(12.3,44.034314575051,-5.));
#6550 = VECTOR('',#6551,1.);
#6551 = DIRECTION('',(-4.69E-15,-1.,0.));
#6552 = ORIENTED_EDGE('',*,*,#6553,.F.);
#6553 = EDGE_CURVE('',#6554,#6546,#6556,.T.);
#6554 = VERTEX_POINT('',#6555);
#6555 = CARTESIAN_POINT('',(13.431370849898,64.2,-5.));
#6556 = CIRCLE('',#6557,0.8);
#6557 = AXIS2_PLACEMENT_3D('',#6558,#6559,#6560);
#6558 = CARTESIAN_POINT('',(12.865685424949,63.634314575051,-5.));
#6559 = DIRECTION('',(0.,0.,1.));
#6560 = DIRECTION('',(1.,0.,-0.));
#6561 = ORIENTED_EDGE('',*,*,#6562,.T.);
#6562 = EDGE_CURVE('',#6554,#6503,#6563,.T.);
#6563 = LINE('',#6564,#6565);
#6564 = CARTESIAN_POINT('',(29.965685424949,64.2,-5.));
#6565 = VECTOR('',#6566,1.);
#6566 = DIRECTION('',(1.,0.,0.));
#6567 = FACE_BOUND('',#6568,.F.);
#6568 = EDGE_LOOP('',(#6569,#6580,#6588,#6597,#6605,#6614,#6622,#6631));
#6569 = ORIENTED_EDGE('',*,*,#6570,.F.);
#6570 = EDGE_CURVE('',#6571,#6573,#6575,.T.);
#6571 = VERTEX_POINT('',#6572);
#6572 = CARTESIAN_POINT('',(49.7,63.068629150102,-5.));
#6573 = VERTEX_POINT('',#6574);
#6574 = CARTESIAN_POINT('',(48.568629150102,64.2,-5.));
#6575 = CIRCLE('',#6576,0.8);
#6576 = AXIS2_PLACEMENT_3D('',#6577,#6578,#6579);
#6577 = CARTESIAN_POINT('',(49.134314575051,63.634314575051,-5.));
#6578 = DIRECTION('',(0.,0.,1.));
#6579 = DIRECTION('',(1.,0.,-0.));
#6580 = ORIENTED_EDGE('',*,*,#6581,.T.);
#6581 = EDGE_CURVE('',#6571,#6582,#6584,.T.);
#6582 = VERTEX_POINT('',#6583);
#6583 = CARTESIAN_POINT('',(49.7,61.931370849898,-5.));
#6584 = LINE('',#6585,#6586);
#6585 = CARTESIAN_POINT('',(49.7,44.034314575051,-5.));
#6586 = VECTOR('',#6587,1.);
#6587 = DIRECTION('',(-6.25E-15,-1.,0.));
#6588 = ORIENTED_EDGE('',*,*,#6589,.F.);
#6589 = EDGE_CURVE('',#6590,#6582,#6592,.T.);
#6590 = VERTEX_POINT('',#6591);
#6591 = CARTESIAN_POINT('',(48.568629150102,60.8,-5.));
#6592 = CIRCLE('',#6593,0.8);
#6593 = AXIS2_PLACEMENT_3D('',#6594,#6595,#6596);
#6594 = CARTESIAN_POINT('',(49.134314575051,61.365685424949,-5.));
#6595 = DIRECTION('',(0.,0.,1.));
#6596 = DIRECTION('',(1.,0.,-0.));
#6597 = ORIENTED_EDGE('',*,*,#6598,.F.);
#6598 = EDGE_CURVE('',#6599,#6590,#6601,.T.);
#6599 = VERTEX_POINT('',#6600);
#6600 = CARTESIAN_POINT('',(44.431370849898,60.8,-5.));
#6601 = LINE('',#6602,#6603);
#6602 = CARTESIAN_POINT('',(45.465685424949,60.8,-5.));
#6603 = VECTOR('',#6604,1.);
#6604 = DIRECTION('',(1.,-4.3E-16,0.));
#6605 = ORIENTED_EDGE('',*,*,#6606,.F.);
#6606 = EDGE_CURVE('',#6607,#6599,#6609,.T.);
#6607 = VERTEX_POINT('',#6608);
#6608 = CARTESIAN_POINT('',(43.3,61.931370849898,-5.));
#6609 = CIRCLE('',#6610,0.8);
#6610 = AXIS2_PLACEMENT_3D('',#6611,#6612,#6613);
#6611 = CARTESIAN_POINT('',(43.865685424949,61.365685424949,-5.));
#6612 = DIRECTION('',(0.,0.,1.));
#6613 = DIRECTION('',(1.,0.,-0.));
#6614 = ORIENTED_EDGE('',*,*,#6615,.F.);
#6615 = EDGE_CURVE('',#6616,#6607,#6618,.T.);
#6616 = VERTEX_POINT('',#6617);
#6617 = CARTESIAN_POINT('',(43.3,63.068629150102,-5.));
#6618 = LINE('',#6619,#6620);
#6619 = CARTESIAN_POINT('',(43.3,44.034314575051,-5.));
#6620 = VECTOR('',#6621,1.);
#6621 = DIRECTION('',(-4.69E-15,-1.,0.));
#6622 = ORIENTED_EDGE('',*,*,#6623,.F.);
#6623 = EDGE_CURVE('',#6624,#6616,#6626,.T.);
#6624 = VERTEX_POINT('',#6625);
#6625 = CARTESIAN_POINT('',(44.431370849898,64.2,-5.));
#6626 = CIRCLE('',#6627,0.8);
#6627 = AXIS2_PLACEMENT_3D('',#6628,#6629,#6630);
#6628 = CARTESIAN_POINT('',(43.865685424949,63.634314575051,-5.));
#6629 = DIRECTION('',(0.,0.,1.));
#6630 = DIRECTION('',(1.,0.,-0.));
#6631 = ORIENTED_EDGE('',*,*,#6632,.T.);
#6632 = EDGE_CURVE('',#6624,#6573,#6633,.T.);
#6633 = LINE('',#6634,#6635);
#6634 = CARTESIAN_POINT('',(45.465685424949,64.2,-5.));
#6635 = VECTOR('',#6636,1.);
#6636 = DIRECTION('',(1.,0.,0.));
#6637 = FACE_BOUND('',#6638,.F.);
#6638 = EDGE_LOOP('',(#6639,#6650,#6658,#6667,#6675,#6684,#6692,#6701));
#6639 = ORIENTED_EDGE('',*,*,#6640,.F.);
#6640 = EDGE_CURVE('',#6641,#6643,#6645,.T.);
#6641 = VERTEX_POINT('',#6642);
#6642 = CARTESIAN_POINT('',(60.3,35.431370849898,-5.));
#6643 = VERTEX_POINT('',#6644);
#6644 = CARTESIAN_POINT('',(61.431370849898,34.3,-5.));
#6645 = CIRCLE('',#6646,0.8);
#6646 = AXIS2_PLACEMENT_3D('',#6647,#6648,#6649);
#6647 = CARTESIAN_POINT('',(60.865685424949,34.865685424949,-5.));
#6648 = DIRECTION('',(0.,0.,1.));
#6649 = DIRECTION('',(1.,0.,0.));
#6650 = ORIENTED_EDGE('',*,*,#6651,.T.);
#6651 = EDGE_CURVE('',#6641,#6652,#6654,.T.);
#6652 = VERTEX_POINT('',#6653);
#6653 = CARTESIAN_POINT('',(60.3,39.568629150102,-5.));
#6654 = LINE('',#6655,#6656);
#6655 = CARTESIAN_POINT('',(60.3,30.215685424949,-5.));
#6656 = VECTOR('',#6657,1.);
#6657 = DIRECTION('',(5.E-17,1.,0.));
#6658 = ORIENTED_EDGE('',*,*,#6659,.F.);
#6659 = EDGE_CURVE('',#6660,#6652,#6662,.T.);
#6660 = VERTEX_POINT('',#6661);
#6661 = CARTESIAN_POINT('',(61.431370849898,40.7,-5.));
#6662 = CIRCLE('',#6663,0.8);
#6663 = AXIS2_PLACEMENT_3D('',#6664,#6665,#6666);
#6664 = CARTESIAN_POINT('',(60.865685424949,40.134314575051,-5.));
#6665 = DIRECTION('',(0.,0.,1.));
#6666 = DIRECTION('',(1.,0.,0.));
#6667 = ORIENTED_EDGE('',*,*,#6668,.T.);
#6668 = EDGE_CURVE('',#6660,#6669,#6671,.T.);
#6669 = VERTEX_POINT('',#6670);
#6670 = CARTESIAN_POINT('',(62.568629150102,40.7,-5.));
#6671 = LINE('',#6672,#6673);
#6672 = CARTESIAN_POINT('',(53.965685424949,40.7,-5.));
#6673 = VECTOR('',#6674,1.);
#6674 = DIRECTION('',(1.,-1.56E-15,0.));
#6675 = ORIENTED_EDGE('',*,*,#6676,.F.);
#6676 = EDGE_CURVE('',#6677,#6669,#6679,.T.);
#6677 = VERTEX_POINT('',#6678);
#6678 = CARTESIAN_POINT('',(63.7,39.568629150102,-5.));
#6679 = CIRCLE('',#6680,0.8);
#6680 = AXIS2_PLACEMENT_3D('',#6681,#6682,#6683);
#6681 = CARTESIAN_POINT('',(63.134314575051,40.134314575051,-5.));
#6682 = DIRECTION('',(0.,0.,1.));
#6683 = DIRECTION('',(1.,0.,0.));
#6684 = ORIENTED_EDGE('',*,*,#6685,.F.);
#6685 = EDGE_CURVE('',#6686,#6677,#6688,.T.);
#6686 = VERTEX_POINT('',#6687);
#6687 = CARTESIAN_POINT('',(63.7,35.431370849898,-5.));
#6688 = LINE('',#6689,#6690);
#6689 = CARTESIAN_POINT('',(63.7,30.215685424949,-5.));
#6690 = VECTOR('',#6691,1.);
#6691 = DIRECTION('',(0.,1.,0.));
#6692 = ORIENTED_EDGE('',*,*,#6693,.F.);
#6693 = EDGE_CURVE('',#6694,#6686,#6696,.T.);
#6694 = VERTEX_POINT('',#6695);
#6695 = CARTESIAN_POINT('',(62.568629150102,34.3,-5.));
#6696 = CIRCLE('',#6697,0.8);
#6697 = AXIS2_PLACEMENT_3D('',#6698,#6699,#6700);
#6698 = CARTESIAN_POINT('',(63.134314575051,34.865685424949,-5.));
#6699 = DIRECTION('',(0.,0.,1.));
#6700 = DIRECTION('',(1.,0.,0.));
#6701 = ORIENTED_EDGE('',*,*,#6702,.F.);
#6702 = EDGE_CURVE('',#6643,#6694,#6703,.T.);
#6703 = LINE('',#6704,#6705);
#6704 = CARTESIAN_POINT('',(53.965685424949,34.3,-5.));
#6705 = VECTOR('',#6706,1.);
#6706 = DIRECTION('',(1.,1.56E-15,0.));
#6707 = FACE_BOUND('',#6708,.F.);
#6708 = EDGE_LOOP('',(#6709,#6720,#6728,#6737,#6745,#6754,#6762,#6771));
#6709 = ORIENTED_EDGE('',*,*,#6710,.F.);
#6710 = EDGE_CURVE('',#6711,#6713,#6715,.T.);
#6711 = VERTEX_POINT('',#6712);
#6712 = CARTESIAN_POINT('',(80.7,38.068629150102,-5.));
#6713 = VERTEX_POINT('',#6714);
#6714 = CARTESIAN_POINT('',(79.568629150102,39.2,-5.));
#6715 = CIRCLE('',#6716,0.8);
#6716 = AXIS2_PLACEMENT_3D('',#6717,#6718,#6719);
#6717 = CARTESIAN_POINT('',(80.134314575051,38.634314575051,-5.));
#6718 = DIRECTION('',(0.,0.,1.));
#6719 = DIRECTION('',(1.,0.,-0.));
#6720 = ORIENTED_EDGE('',*,*,#6721,.T.);
#6721 = EDGE_CURVE('',#6711,#6722,#6724,.T.);
#6722 = VERTEX_POINT('',#6723);
#6723 = CARTESIAN_POINT('',(80.7,36.931370849898,-5.));
#6724 = LINE('',#6725,#6726);
#6725 = CARTESIAN_POINT('',(80.7,31.534314575051,-5.));
#6726 = VECTOR('',#6727,1.);
#6727 = DIRECTION('',(-6.25E-15,-1.,0.));
#6728 = ORIENTED_EDGE('',*,*,#6729,.F.);
#6729 = EDGE_CURVE('',#6730,#6722,#6732,.T.);
#6730 = VERTEX_POINT('',#6731);
#6731 = CARTESIAN_POINT('',(79.568629150102,35.8,-5.));
#6732 = CIRCLE('',#6733,0.8);
#6733 = AXIS2_PLACEMENT_3D('',#6734,#6735,#6736);
#6734 = CARTESIAN_POINT('',(80.134314575051,36.365685424949,-5.));
#6735 = DIRECTION('',(0.,0.,1.));
#6736 = DIRECTION('',(1.,0.,-0.));
#6737 = ORIENTED_EDGE('',*,*,#6738,.F.);
#6738 = EDGE_CURVE('',#6739,#6730,#6741,.T.);
#6739 = VERTEX_POINT('',#6740);
#6740 = CARTESIAN_POINT('',(75.431370849898,35.8,-5.));
#6741 = LINE('',#6742,#6743);
#6742 = CARTESIAN_POINT('',(60.965685424949,35.8,-5.));
#6743 = VECTOR('',#6744,1.);
#6744 = DIRECTION('',(1.,-4.3E-16,0.));
#6745 = ORIENTED_EDGE('',*,*,#6746,.F.);
#6746 = EDGE_CURVE('',#6747,#6739,#6749,.T.);
#6747 = VERTEX_POINT('',#6748);
#6748 = CARTESIAN_POINT('',(74.3,36.931370849898,-5.));
#6749 = CIRCLE('',#6750,0.8);
#6750 = AXIS2_PLACEMENT_3D('',#6751,#6752,#6753);
#6751 = CARTESIAN_POINT('',(74.865685424949,36.365685424949,-5.));
#6752 = DIRECTION('',(0.,0.,1.));
#6753 = DIRECTION('',(1.,0.,-0.));
#6754 = ORIENTED_EDGE('',*,*,#6755,.F.);
#6755 = EDGE_CURVE('',#6756,#6747,#6758,.T.);
#6756 = VERTEX_POINT('',#6757);
#6757 = CARTESIAN_POINT('',(74.3,38.068629150102,-5.));
#6758 = LINE('',#6759,#6760);
#6759 = CARTESIAN_POINT('',(74.3,31.534314575051,-5.));
#6760 = VECTOR('',#6761,1.);
#6761 = DIRECTION('',(-4.69E-15,-1.,0.));
#6762 = ORIENTED_EDGE('',*,*,#6763,.F.);
#6763 = EDGE_CURVE('',#6764,#6756,#6766,.T.);
#6764 = VERTEX_POINT('',#6765);
#6765 = CARTESIAN_POINT('',(75.431370849898,39.2,-5.));
#6766 = CIRCLE('',#6767,0.8);
#6767 = AXIS2_PLACEMENT_3D('',#6768,#6769,#6770);
#6768 = CARTESIAN_POINT('',(74.865685424949,38.634314575051,-5.));
#6769 = DIRECTION('',(0.,0.,1.));
#6770 = DIRECTION('',(1.,0.,-0.));
#6771 = ORIENTED_EDGE('',*,*,#6772,.T.);
#6772 = EDGE_CURVE('',#6764,#6713,#6773,.T.);
#6773 = LINE('',#6774,#6775);
#6774 = CARTESIAN_POINT('',(60.965685424949,39.2,-5.));
#6775 = VECTOR('',#6776,1.);
#6776 = DIRECTION('',(1.,0.,0.));
#6777 = FACE_BOUND('',#6778,.F.);
#6778 = EDGE_LOOP('',(#6779,#6790,#6798,#6807,#6815,#6824,#6832,#6841));
#6779 = ORIENTED_EDGE('',*,*,#6780,.F.);
#6780 = EDGE_CURVE('',#6781,#6783,#6785,.T.);
#6781 = VERTEX_POINT('',#6782);
#6782 = CARTESIAN_POINT('',(91.3,35.431370849898,-5.));
#6783 = VERTEX_POINT('',#6784);
#6784 = CARTESIAN_POINT('',(92.431370849898,34.3,-5.));
#6785 = CIRCLE('',#6786,0.8);
#6786 = AXIS2_PLACEMENT_3D('',#6787,#6788,#6789);
#6787 = CARTESIAN_POINT('',(91.865685424949,34.865685424949,-5.));
#6788 = DIRECTION('',(0.,0.,1.));
#6789 = DIRECTION('',(1.,0.,0.));
#6790 = ORIENTED_EDGE('',*,*,#6791,.T.);
#6791 = EDGE_CURVE('',#6781,#6792,#6794,.T.);
#6792 = VERTEX_POINT('',#6793);
#6793 = CARTESIAN_POINT('',(91.3,39.568629150102,-5.));
#6794 = LINE('',#6795,#6796);
#6795 = CARTESIAN_POINT('',(91.3,30.215685424949,-5.));
#6796 = VECTOR('',#6797,1.);
#6797 = DIRECTION('',(5.E-17,1.,0.));
#6798 = ORIENTED_EDGE('',*,*,#6799,.F.);
#6799 = EDGE_CURVE('',#6800,#6792,#6802,.T.);
#6800 = VERTEX_POINT('',#6801);
#6801 = CARTESIAN_POINT('',(92.431370849898,40.7,-5.));
#6802 = CIRCLE('',#6803,0.8);
#6803 = AXIS2_PLACEMENT_3D('',#6804,#6805,#6806);
#6804 = CARTESIAN_POINT('',(91.865685424949,40.134314575051,-5.));
#6805 = DIRECTION('',(0.,0.,1.));
#6806 = DIRECTION('',(1.,0.,0.));
#6807 = ORIENTED_EDGE('',*,*,#6808,.T.);
#6808 = EDGE_CURVE('',#6800,#6809,#6811,.T.);
#6809 = VERTEX_POINT('',#6810);
#6810 = CARTESIAN_POINT('',(93.568629150102,40.7,-5.));
#6811 = LINE('',#6812,#6813);
#6812 = CARTESIAN_POINT('',(69.465685424949,40.7,-5.));
#6813 = VECTOR('',#6814,1.);
#6814 = DIRECTION('',(1.,-1.56E-15,0.));
#6815 = ORIENTED_EDGE('',*,*,#6816,.F.);
#6816 = EDGE_CURVE('',#6817,#6809,#6819,.T.);
#6817 = VERTEX_POINT('',#6818);
#6818 = CARTESIAN_POINT('',(94.7,39.568629150102,-5.));
#6819 = CIRCLE('',#6820,0.8);
#6820 = AXIS2_PLACEMENT_3D('',#6821,#6822,#6823);
#6821 = CARTESIAN_POINT('',(94.134314575051,40.134314575051,-5.));
#6822 = DIRECTION('',(0.,0.,1.));
#6823 = DIRECTION('',(1.,0.,0.));
#6824 = ORIENTED_EDGE('',*,*,#6825,.F.);
#6825 = EDGE_CURVE('',#6826,#6817,#6828,.T.);
#6826 = VERTEX_POINT('',#6827);
#6827 = CARTESIAN_POINT('',(94.7,35.431370849898,-5.));
#6828 = LINE('',#6829,#6830);
#6829 = CARTESIAN_POINT('',(94.7,30.215685424949,-5.));
#6830 = VECTOR('',#6831,1.);
#6831 = DIRECTION('',(0.,1.,0.));
#6832 = ORIENTED_EDGE('',*,*,#6833,.F.);
#6833 = EDGE_CURVE('',#6834,#6826,#6836,.T.);
#6834 = VERTEX_POINT('',#6835);
#6835 = CARTESIAN_POINT('',(93.568629150102,34.3,-5.));
#6836 = CIRCLE('',#6837,0.8);
#6837 = AXIS2_PLACEMENT_3D('',#6838,#6839,#6840);
#6838 = CARTESIAN_POINT('',(94.134314575051,34.865685424949,-5.));
#6839 = DIRECTION('',(0.,0.,1.));
#6840 = DIRECTION('',(1.,0.,0.));
#6841 = ORIENTED_EDGE('',*,*,#6842,.F.);
#6842 = EDGE_CURVE('',#6783,#6834,#6843,.T.);
#6843 = LINE('',#6844,#6845);
#6844 = CARTESIAN_POINT('',(69.465685424949,34.3,-5.));
#6845 = VECTOR('',#6846,1.);
#6846 = DIRECTION('',(1.,1.56E-15,0.));
#6847 = FACE_BOUND('',#6848,.F.);
#6848 = EDGE_LOOP('',(#6849,#6860,#6868,#6877,#6885,#6894,#6902,#6911));
#6849 = ORIENTED_EDGE('',*,*,#6850,.F.);
#6850 = EDGE_CURVE('',#6851,#6853,#6855,.T.);
#6851 = VERTEX_POINT('',#6852);
#6852 = CARTESIAN_POINT('',(80.7,63.068629150102,-5.));
#6853 = VERTEX_POINT('',#6854);
#6854 = CARTESIAN_POINT('',(79.568629150102,64.2,-5.));
#6855 = CIRCLE('',#6856,0.8);
#6856 = AXIS2_PLACEMENT_3D('',#6857,#6858,#6859);
#6857 = CARTESIAN_POINT('',(80.134314575051,63.634314575051,-5.));
#6858 = DIRECTION('',(0.,0.,1.));
#6859 = DIRECTION('',(1.,0.,-0.));
#6860 = ORIENTED_EDGE('',*,*,#6861,.T.);
#6861 = EDGE_CURVE('',#6851,#6862,#6864,.T.);
#6862 = VERTEX_POINT('',#6863);
#6863 = CARTESIAN_POINT('',(80.7,61.931370849898,-5.));
#6864 = LINE('',#6865,#6866);
#6865 = CARTESIAN_POINT('',(80.7,44.034314575051,-5.));
#6866 = VECTOR('',#6867,1.);
#6867 = DIRECTION('',(-6.25E-15,-1.,0.));
#6868 = ORIENTED_EDGE('',*,*,#6869,.F.);
#6869 = EDGE_CURVE('',#6870,#6862,#6872,.T.);
#6870 = VERTEX_POINT('',#6871);
#6871 = CARTESIAN_POINT('',(79.568629150102,60.8,-5.));
#6872 = CIRCLE('',#6873,0.8);
#6873 = AXIS2_PLACEMENT_3D('',#6874,#6875,#6876);
#6874 = CARTESIAN_POINT('',(80.134314575051,61.365685424949,-5.));
#6875 = DIRECTION('',(0.,0.,1.));
#6876 = DIRECTION('',(1.,0.,-0.));
#6877 = ORIENTED_EDGE('',*,*,#6878,.F.);
#6878 = EDGE_CURVE('',#6879,#6870,#6881,.T.);
#6879 = VERTEX_POINT('',#6880);
#6880 = CARTESIAN_POINT('',(75.431370849898,60.8,-5.));
#6881 = LINE('',#6882,#6883);
#6882 = CARTESIAN_POINT('',(60.965685424949,60.8,-5.));
#6883 = VECTOR('',#6884,1.);
#6884 = DIRECTION('',(1.,-4.3E-16,0.));
#6885 = ORIENTED_EDGE('',*,*,#6886,.F.);
#6886 = EDGE_CURVE('',#6887,#6879,#6889,.T.);
#6887 = VERTEX_POINT('',#6888);
#6888 = CARTESIAN_POINT('',(74.3,61.931370849898,-5.));
#6889 = CIRCLE('',#6890,0.8);
#6890 = AXIS2_PLACEMENT_3D('',#6891,#6892,#6893);
#6891 = CARTESIAN_POINT('',(74.865685424949,61.365685424949,-5.));
#6892 = DIRECTION('',(0.,0.,1.));
#6893 = DIRECTION('',(1.,0.,-0.));
#6894 = ORIENTED_EDGE('',*,*,#6895,.F.);
#6895 = EDGE_CURVE('',#6896,#6887,#6898,.T.);
#6896 = VERTEX_POINT('',#6897);
#6897 = CARTESIAN_POINT('',(74.3,63.068629150102,-5.));
#6898 = LINE('',#6899,#6900);
#6899 = CARTESIAN_POINT('',(74.3,44.034314575051,-5.));
#6900 = VECTOR('',#6901,1.);
#6901 = DIRECTION('',(-4.69E-15,-1.,0.));
#6902 = ORIENTED_EDGE('',*,*,#6903,.F.);
#6903 = EDGE_CURVE('',#6904,#6896,#6906,.T.);
#6904 = VERTEX_POINT('',#6905);
#6905 = CARTESIAN_POINT('',(75.431370849898,64.2,-5.));
#6906 = CIRCLE('',#6907,0.8);
#6907 = AXIS2_PLACEMENT_3D('',#6908,#6909,#6910);
#6908 = CARTESIAN_POINT('',(74.865685424949,63.634314575051,-5.));
#6909 = DIRECTION('',(0.,0.,1.));
#6910 = DIRECTION('',(1.,0.,-0.));
#6911 = ORIENTED_EDGE('',*,*,#6912,.T.);
#6912 = EDGE_CURVE('',#6904,#6853,#6913,.T.);
#6913 = LINE('',#6914,#6915);
#6914 = CARTESIAN_POINT('',(60.965685424949,64.2,-5.));
#6915 = VECTOR('',#6916,1.);
#6916 = DIRECTION('',(1.,0.,0.));
#6917 = PLANE('',#6918);
#6918 = AXIS2_PLACEMENT_3D('',#6919,#6920,#6921);
#6919 = CARTESIAN_POINT('',(46.5,25.,-5.));
#6920 = DIRECTION('',(0.,0.,1.));
#6921 = DIRECTION('',(1.,0.,0.));
#6922 = ADVANCED_FACE('',(#6923),#6929,.T.);
#6923 = FACE_BOUND('',#6924,.T.);
#6924 = EDGE_LOOP('',(#6925,#6926,#6927,#6928));
#6925 = ORIENTED_EDGE('',*,*,#4070,.T.);
#6926 = ORIENTED_EDGE('',*,*,#5511,.T.);
#6927 = ORIENTED_EDGE('',*,*,#4030,.F.);
#6928 = ORIENTED_EDGE('',*,*,#4094,.F.);
#6929 = PLANE('',#6930);
#6930 = AXIS2_PLACEMENT_3D('',#6931,#6932,#6933);
#6931 = CARTESIAN_POINT('',(138.,107.5,0.));
#6932 = DIRECTION('',(0.,1.,0.));
#6933 = DIRECTION('',(-1.,0.,0.));
#6934 = ADVANCED_FACE('',(#6935),#6951,.F.);
#6935 = FACE_BOUND('',#6936,.F.);
#6936 = EDGE_LOOP('',(#6937,#6938,#6944,#6945));
#6937 = ORIENTED_EDGE('',*,*,#4103,.F.);
#6938 = ORIENTED_EDGE('',*,*,#6939,.T.);
#6939 = EDGE_CURVE('',#4104,#5521,#6940,.T.);
#6940 = LINE('',#6941,#6942);
#6941 = CARTESIAN_POINT('',(18.7,-11.93137084989,0.));
#6942 = VECTOR('',#6943,1.);
#6943 = DIRECTION('',(-0.,-0.,-1.));
#6944 = ORIENTED_EDGE('',*,*,#5520,.T.);
#6945 = ORIENTED_EDGE('',*,*,#6946,.F.);
#6946 = EDGE_CURVE('',#4106,#5523,#6947,.T.);
#6947 = LINE('',#6948,#6949);
#6948 = CARTESIAN_POINT('',(17.568629150102,-10.8,0.));
#6949 = VECTOR('',#6950,1.);
#6950 = DIRECTION('',(-0.,-0.,-1.));
#6951 = CYLINDRICAL_SURFACE('',#6952,0.8);
#6952 = AXIS2_PLACEMENT_3D('',#6953,#6954,#6955);
#6953 = CARTESIAN_POINT('',(18.134314575051,-11.36568542494,0.));
#6954 = DIRECTION('',(0.,0.,1.));
#6955 = DIRECTION('',(1.,0.,0.));
#6956 = ADVANCED_FACE('',(#6957),#6968,.T.);
#6957 = FACE_BOUND('',#6958,.T.);
#6958 = EDGE_LOOP('',(#6959,#6960,#6961,#6962));
#6959 = ORIENTED_EDGE('',*,*,#4114,.F.);
#6960 = ORIENTED_EDGE('',*,*,#6939,.T.);
#6961 = ORIENTED_EDGE('',*,*,#5531,.T.);
#6962 = ORIENTED_EDGE('',*,*,#6963,.F.);
#6963 = EDGE_CURVE('',#4115,#5532,#6964,.T.);
#6964 = LINE('',#6965,#6966);
#6965 = CARTESIAN_POINT('',(18.7,-13.0686291501,0.));
#6966 = VECTOR('',#6967,1.);
#6967 = DIRECTION('',(-0.,-0.,-1.));
#6968 = PLANE('',#6969);
#6969 = AXIS2_PLACEMENT_3D('',#6970,#6971,#6972);
#6970 = CARTESIAN_POINT('',(18.7,-11.93137084989,0.));
#6971 = DIRECTION('',(-1.,6.25E-15,0.));
#6972 = DIRECTION('',(-6.25E-15,-1.,0.));
#6973 = ADVANCED_FACE('',(#6974),#6985,.T.);
#6974 = FACE_BOUND('',#6975,.T.);
#6975 = EDGE_LOOP('',(#6976,#6977,#6983,#6984));
#6976 = ORIENTED_EDGE('',*,*,#4165,.F.);
#6977 = ORIENTED_EDGE('',*,*,#6978,.T.);
#6978 = EDGE_CURVE('',#4157,#5574,#6979,.T.);
#6979 = LINE('',#6980,#6981);
#6980 = CARTESIAN_POINT('',(13.431370849898,-10.8,0.));
#6981 = VECTOR('',#6982,1.);
#6982 = DIRECTION('',(-0.,-0.,-1.));
#6983 = ORIENTED_EDGE('',*,*,#5582,.T.);
#6984 = ORIENTED_EDGE('',*,*,#6946,.F.);
#6985 = PLANE('',#6986);
#6986 = AXIS2_PLACEMENT_3D('',#6987,#6988,#6989);
#6987 = CARTESIAN_POINT('',(13.431370849898,-10.8,0.));
#6988 = DIRECTION('',(0.,-1.,0.));
#6989 = DIRECTION('',(1.,0.,0.));
#6990 = ADVANCED_FACE('',(#6991),#7002,.F.);
#6991 = FACE_BOUND('',#6992,.F.);
#6992 = EDGE_LOOP('',(#6993,#6994,#7000,#7001));
#6993 = ORIENTED_EDGE('',*,*,#4122,.F.);
#6994 = ORIENTED_EDGE('',*,*,#6995,.T.);
#6995 = EDGE_CURVE('',#4123,#5540,#6996,.T.);
#6996 = LINE('',#6997,#6998);
#6997 = CARTESIAN_POINT('',(17.568629150102,-14.2,0.));
#6998 = VECTOR('',#6999,1.);
#6999 = DIRECTION('',(-0.,-0.,-1.));
#7000 = ORIENTED_EDGE('',*,*,#5539,.T.);
#7001 = ORIENTED_EDGE('',*,*,#6963,.F.);
#7002 = CYLINDRICAL_SURFACE('',#7003,0.8);
#7003 = AXIS2_PLACEMENT_3D('',#7004,#7005,#7006);
#7004 = CARTESIAN_POINT('',(18.134314575051,-13.63431457505,0.));
#7005 = DIRECTION('',(0.,0.,1.));
#7006 = DIRECTION('',(1.,0.,0.));
#7007 = ADVANCED_FACE('',(#7008),#7019,.F.);
#7008 = FACE_BOUND('',#7009,.F.);
#7009 = EDGE_LOOP('',(#7010,#7011,#7012,#7013));
#7010 = ORIENTED_EDGE('',*,*,#4156,.F.);
#7011 = ORIENTED_EDGE('',*,*,#6978,.T.);
#7012 = ORIENTED_EDGE('',*,*,#5573,.T.);
#7013 = ORIENTED_EDGE('',*,*,#7014,.F.);
#7014 = EDGE_CURVE('',#4149,#5566,#7015,.T.);
#7015 = LINE('',#7016,#7017);
#7016 = CARTESIAN_POINT('',(12.3,-11.93137084989,0.));
#7017 = VECTOR('',#7018,1.);
#7018 = DIRECTION('',(-0.,-0.,-1.));
#7019 = CYLINDRICAL_SURFACE('',#7020,0.8);
#7020 = AXIS2_PLACEMENT_3D('',#7021,#7022,#7023);
#7021 = CARTESIAN_POINT('',(12.865685424949,-11.36568542494,0.));
#7022 = DIRECTION('',(0.,0.,1.));
#7023 = DIRECTION('',(1.,0.,0.));
#7024 = ADVANCED_FACE('',(#7025),#7036,.F.);
#7025 = FACE_BOUND('',#7026,.F.);
#7026 = EDGE_LOOP('',(#7027,#7028,#7034,#7035));
#7027 = ORIENTED_EDGE('',*,*,#4131,.F.);
#7028 = ORIENTED_EDGE('',*,*,#7029,.T.);
#7029 = EDGE_CURVE('',#4132,#5549,#7030,.T.);
#7030 = LINE('',#7031,#7032);
#7031 = CARTESIAN_POINT('',(13.431370849898,-14.2,0.));
#7032 = VECTOR('',#7033,1.);
#7033 = DIRECTION('',(-0.,-0.,-1.));
#7034 = ORIENTED_EDGE('',*,*,#5548,.T.);
#7035 = ORIENTED_EDGE('',*,*,#6995,.F.);
#7036 = PLANE('',#7037);
#7037 = AXIS2_PLACEMENT_3D('',#7038,#7039,#7040);
#7038 = CARTESIAN_POINT('',(13.431370849898,-14.2,0.));
#7039 = DIRECTION('',(-4.3E-16,-1.,0.));
#7040 = DIRECTION('',(1.,-4.3E-16,0.));
#7041 = ADVANCED_FACE('',(#7042),#7053,.F.);
#7042 = FACE_BOUND('',#7043,.F.);
#7043 = EDGE_LOOP('',(#7044,#7045,#7046,#7047));
#7044 = ORIENTED_EDGE('',*,*,#4148,.F.);
#7045 = ORIENTED_EDGE('',*,*,#7014,.T.);
#7046 = ORIENTED_EDGE('',*,*,#5565,.T.);
#7047 = ORIENTED_EDGE('',*,*,#7048,.F.);
#7048 = EDGE_CURVE('',#4140,#5557,#7049,.T.);
#7049 = LINE('',#7050,#7051);
#7050 = CARTESIAN_POINT('',(12.3,-13.0686291501,0.));
#7051 = VECTOR('',#7052,1.);
#7052 = DIRECTION('',(-0.,-0.,-1.));
#7053 = PLANE('',#7054);
#7054 = AXIS2_PLACEMENT_3D('',#7055,#7056,#7057);
#7055 = CARTESIAN_POINT('',(12.3,-11.93137084989,0.));
#7056 = DIRECTION('',(-1.,4.69E-15,0.));
#7057 = DIRECTION('',(-4.69E-15,-1.,0.));
#7058 = ADVANCED_FACE('',(#7059),#7065,.F.);
#7059 = FACE_BOUND('',#7060,.F.);
#7060 = EDGE_LOOP('',(#7061,#7062,#7063,#7064));
#7061 = ORIENTED_EDGE('',*,*,#4139,.F.);
#7062 = ORIENTED_EDGE('',*,*,#7048,.T.);
#7063 = ORIENTED_EDGE('',*,*,#5556,.T.);
#7064 = ORIENTED_EDGE('',*,*,#7029,.F.);
#7065 = CYLINDRICAL_SURFACE('',#7066,0.8);
#7066 = AXIS2_PLACEMENT_3D('',#7067,#7068,#7069);
#7067 = CARTESIAN_POINT('',(12.865685424949,-13.63431457505,0.));
#7068 = DIRECTION('',(0.,0.,1.));
#7069 = DIRECTION('',(1.,0.,0.));
#7070 = ADVANCED_FACE('',(#7071),#7087,.F.);
#7071 = FACE_BOUND('',#7072,.F.);
#7072 = EDGE_LOOP('',(#7073,#7074,#7080,#7081));
#7073 = ORIENTED_EDGE('',*,*,#4173,.F.);
#7074 = ORIENTED_EDGE('',*,*,#7075,.T.);
#7075 = EDGE_CURVE('',#4174,#5591,#7076,.T.);
#7076 = LINE('',#7077,#7078);
#7077 = CARTESIAN_POINT('',(49.7,-11.93137084989,0.));
#7078 = VECTOR('',#7079,1.);
#7079 = DIRECTION('',(-0.,-0.,-1.));
#7080 = ORIENTED_EDGE('',*,*,#5590,.T.);
#7081 = ORIENTED_EDGE('',*,*,#7082,.F.);
#7082 = EDGE_CURVE('',#4176,#5593,#7083,.T.);
#7083 = LINE('',#7084,#7085);
#7084 = CARTESIAN_POINT('',(48.568629150102,-10.8,0.));
#7085 = VECTOR('',#7086,1.);
#7086 = DIRECTION('',(-0.,-0.,-1.));
#7087 = CYLINDRICAL_SURFACE('',#7088,0.8);
#7088 = AXIS2_PLACEMENT_3D('',#7089,#7090,#7091);
#7089 = CARTESIAN_POINT('',(49.134314575051,-11.36568542494,0.));
#7090 = DIRECTION('',(0.,0.,1.));
#7091 = DIRECTION('',(1.,0.,0.));
#7092 = ADVANCED_FACE('',(#7093),#7104,.T.);
#7093 = FACE_BOUND('',#7094,.T.);
#7094 = EDGE_LOOP('',(#7095,#7096,#7102,#7103));
#7095 = ORIENTED_EDGE('',*,*,#4235,.F.);
#7096 = ORIENTED_EDGE('',*,*,#7097,.T.);
#7097 = EDGE_CURVE('',#4227,#5644,#7098,.T.);
#7098 = LINE('',#7099,#7100);
#7099 = CARTESIAN_POINT('',(44.431370849898,-10.8,0.));
#7100 = VECTOR('',#7101,1.);
#7101 = DIRECTION('',(-0.,-0.,-1.));
#7102 = ORIENTED_EDGE('',*,*,#5652,.T.);
#7103 = ORIENTED_EDGE('',*,*,#7082,.F.);
#7104 = PLANE('',#7105);
#7105 = AXIS2_PLACEMENT_3D('',#7106,#7107,#7108);
#7106 = CARTESIAN_POINT('',(44.431370849898,-10.8,0.));
#7107 = DIRECTION('',(0.,-1.,0.));
#7108 = DIRECTION('',(1.,0.,0.));
#7109 = ADVANCED_FACE('',(#7110),#7121,.F.);
#7110 = FACE_BOUND('',#7111,.F.);
#7111 = EDGE_LOOP('',(#7112,#7113,#7114,#7115));
#7112 = ORIENTED_EDGE('',*,*,#4226,.F.);
#7113 = ORIENTED_EDGE('',*,*,#7097,.T.);
#7114 = ORIENTED_EDGE('',*,*,#5643,.T.);
#7115 = ORIENTED_EDGE('',*,*,#7116,.F.);
#7116 = EDGE_CURVE('',#4219,#5636,#7117,.T.);
#7117 = LINE('',#7118,#7119);
#7118 = CARTESIAN_POINT('',(43.3,-11.93137084989,0.));
#7119 = VECTOR('',#7120,1.);
#7120 = DIRECTION('',(-0.,-0.,-1.));
#7121 = CYLINDRICAL_SURFACE('',#7122,0.8);
#7122 = AXIS2_PLACEMENT_3D('',#7123,#7124,#7125);
#7123 = CARTESIAN_POINT('',(43.865685424949,-11.36568542494,0.));
#7124 = DIRECTION('',(0.,0.,1.));
#7125 = DIRECTION('',(1.,0.,0.));
#7126 = ADVANCED_FACE('',(#7127),#7138,.F.);
#7127 = FACE_BOUND('',#7128,.F.);
#7128 = EDGE_LOOP('',(#7129,#7130,#7131,#7132));
#7129 = ORIENTED_EDGE('',*,*,#4218,.F.);
#7130 = ORIENTED_EDGE('',*,*,#7116,.T.);
#7131 = ORIENTED_EDGE('',*,*,#5635,.T.);
#7132 = ORIENTED_EDGE('',*,*,#7133,.F.);
#7133 = EDGE_CURVE('',#4210,#5627,#7134,.T.);
#7134 = LINE('',#7135,#7136);
#7135 = CARTESIAN_POINT('',(43.3,-13.0686291501,0.));
#7136 = VECTOR('',#7137,1.);
#7137 = DIRECTION('',(-0.,-0.,-1.));
#7138 = PLANE('',#7139);
#7139 = AXIS2_PLACEMENT_3D('',#7140,#7141,#7142);
#7140 = CARTESIAN_POINT('',(43.3,-11.93137084989,0.));
#7141 = DIRECTION('',(-1.,4.69E-15,0.));
#7142 = DIRECTION('',(-4.69E-15,-1.,0.));
#7143 = ADVANCED_FACE('',(#7144),#7155,.F.);
#7144 = FACE_BOUND('',#7145,.F.);
#7145 = EDGE_LOOP('',(#7146,#7147,#7148,#7149));
#7146 = ORIENTED_EDGE('',*,*,#4209,.F.);
#7147 = ORIENTED_EDGE('',*,*,#7133,.T.);
#7148 = ORIENTED_EDGE('',*,*,#5626,.T.);
#7149 = ORIENTED_EDGE('',*,*,#7150,.F.);
#7150 = EDGE_CURVE('',#4202,#5619,#7151,.T.);
#7151 = LINE('',#7152,#7153);
#7152 = CARTESIAN_POINT('',(44.431370849898,-14.2,0.));
#7153 = VECTOR('',#7154,1.);
#7154 = DIRECTION('',(-0.,-0.,-1.));
#7155 = CYLINDRICAL_SURFACE('',#7156,0.8);
#7156 = AXIS2_PLACEMENT_3D('',#7157,#7158,#7159);
#7157 = CARTESIAN_POINT('',(43.865685424949,-13.63431457505,0.));
#7158 = DIRECTION('',(0.,0.,1.));
#7159 = DIRECTION('',(1.,0.,0.));
#7160 = ADVANCED_FACE('',(#7161),#7172,.F.);
#7161 = FACE_BOUND('',#7162,.F.);
#7162 = EDGE_LOOP('',(#7163,#7164,#7165,#7166));
#7163 = ORIENTED_EDGE('',*,*,#4201,.F.);
#7164 = ORIENTED_EDGE('',*,*,#7150,.T.);
#7165 = ORIENTED_EDGE('',*,*,#5618,.T.);
#7166 = ORIENTED_EDGE('',*,*,#7167,.F.);
#7167 = EDGE_CURVE('',#4193,#5610,#7168,.T.);
#7168 = LINE('',#7169,#7170);
#7169 = CARTESIAN_POINT('',(48.568629150102,-14.2,0.));
#7170 = VECTOR('',#7171,1.);
#7171 = DIRECTION('',(-0.,-0.,-1.));
#7172 = PLANE('',#7173);
#7173 = AXIS2_PLACEMENT_3D('',#7174,#7175,#7176);
#7174 = CARTESIAN_POINT('',(44.431370849898,-14.2,0.));
#7175 = DIRECTION('',(-4.3E-16,-1.,0.));
#7176 = DIRECTION('',(1.,-4.3E-16,0.));
#7177 = ADVANCED_FACE('',(#7178),#7189,.F.);
#7178 = FACE_BOUND('',#7179,.F.);
#7179 = EDGE_LOOP('',(#7180,#7181,#7182,#7183));
#7180 = ORIENTED_EDGE('',*,*,#4192,.F.);
#7181 = ORIENTED_EDGE('',*,*,#7167,.T.);
#7182 = ORIENTED_EDGE('',*,*,#5609,.T.);
#7183 = ORIENTED_EDGE('',*,*,#7184,.F.);
#7184 = EDGE_CURVE('',#4185,#5602,#7185,.T.);
#7185 = LINE('',#7186,#7187);
#7186 = CARTESIAN_POINT('',(49.7,-13.0686291501,0.));
#7187 = VECTOR('',#7188,1.);
#7188 = DIRECTION('',(-0.,-0.,-1.));
#7189 = CYLINDRICAL_SURFACE('',#7190,0.8);
#7190 = AXIS2_PLACEMENT_3D('',#7191,#7192,#7193);
#7191 = CARTESIAN_POINT('',(49.134314575051,-13.63431457505,0.));
#7192 = DIRECTION('',(0.,0.,1.));
#7193 = DIRECTION('',(1.,0.,0.));
#7194 = ADVANCED_FACE('',(#7195),#7201,.T.);
#7195 = FACE_BOUND('',#7196,.T.);
#7196 = EDGE_LOOP('',(#7197,#7198,#7199,#7200));
#7197 = ORIENTED_EDGE('',*,*,#4184,.F.);
#7198 = ORIENTED_EDGE('',*,*,#7075,.T.);
#7199 = ORIENTED_EDGE('',*,*,#5601,.T.);
#7200 = ORIENTED_EDGE('',*,*,#7184,.F.);
#7201 = PLANE('',#7202);
#7202 = AXIS2_PLACEMENT_3D('',#7203,#7204,#7205);
#7203 = CARTESIAN_POINT('',(49.7,-11.93137084989,0.));
#7204 = DIRECTION('',(-1.,6.25E-15,0.));
#7205 = DIRECTION('',(-6.25E-15,-1.,0.));
#7206 = ADVANCED_FACE('',(#7207),#7223,.F.);
#7207 = FACE_BOUND('',#7208,.F.);
#7208 = EDGE_LOOP('',(#7209,#7210,#7216,#7217));
#7209 = ORIENTED_EDGE('',*,*,#4243,.F.);
#7210 = ORIENTED_EDGE('',*,*,#7211,.T.);
#7211 = EDGE_CURVE('',#4244,#5661,#7212,.T.);
#7212 = LINE('',#7213,#7214);
#7213 = CARTESIAN_POINT('',(-1.7,10.431370849898,0.));
#7214 = VECTOR('',#7215,1.);
#7215 = DIRECTION('',(-0.,-0.,-1.));
#7216 = ORIENTED_EDGE('',*,*,#5660,.T.);
#7217 = ORIENTED_EDGE('',*,*,#7218,.F.);
#7218 = EDGE_CURVE('',#4246,#5663,#7219,.T.);
#7219 = LINE('',#7220,#7221);
#7220 = CARTESIAN_POINT('',(-0.568629150102,9.3,0.));
#7221 = VECTOR('',#7222,1.);
#7222 = DIRECTION('',(-0.,-0.,-1.));
#7223 = CYLINDRICAL_SURFACE('',#7224,0.8);
#7224 = AXIS2_PLACEMENT_3D('',#7225,#7226,#7227);
#7225 = CARTESIAN_POINT('',(-1.134314575051,9.865685424949,0.));
#7226 = DIRECTION('',(0.,0.,1.));
#7227 = DIRECTION('',(1.,0.,0.));
#7228 = ADVANCED_FACE('',(#7229),#7240,.T.);
#7229 = FACE_BOUND('',#7230,.T.);
#7230 = EDGE_LOOP('',(#7231,#7232,#7233,#7234));
#7231 = ORIENTED_EDGE('',*,*,#4254,.F.);
#7232 = ORIENTED_EDGE('',*,*,#7211,.T.);
#7233 = ORIENTED_EDGE('',*,*,#5671,.T.);
#7234 = ORIENTED_EDGE('',*,*,#7235,.F.);
#7235 = EDGE_CURVE('',#4255,#5672,#7236,.T.);
#7236 = LINE('',#7237,#7238);
#7237 = CARTESIAN_POINT('',(-1.7,14.568629150102,0.));
#7238 = VECTOR('',#7239,1.);
#7239 = DIRECTION('',(-0.,-0.,-1.));
#7240 = PLANE('',#7241);
#7241 = AXIS2_PLACEMENT_3D('',#7242,#7243,#7244);
#7242 = CARTESIAN_POINT('',(-1.7,10.431370849898,0.));
#7243 = DIRECTION('',(1.,-5.E-17,0.));
#7244 = DIRECTION('',(5.E-17,1.,0.));
#7245 = ADVANCED_FACE('',(#7246),#7257,.F.);
#7246 = FACE_BOUND('',#7247,.F.);
#7247 = EDGE_LOOP('',(#7248,#7249,#7250,#7251));
#7248 = ORIENTED_EDGE('',*,*,#4305,.F.);
#7249 = ORIENTED_EDGE('',*,*,#7218,.T.);
#7250 = ORIENTED_EDGE('',*,*,#5722,.T.);
#7251 = ORIENTED_EDGE('',*,*,#7252,.F.);
#7252 = EDGE_CURVE('',#4297,#5714,#7253,.T.);
#7253 = LINE('',#7254,#7255);
#7254 = CARTESIAN_POINT('',(0.568629150102,9.3,0.));
#7255 = VECTOR('',#7256,1.);
#7256 = DIRECTION('',(-0.,-0.,-1.));
#7257 = PLANE('',#7258);
#7258 = AXIS2_PLACEMENT_3D('',#7259,#7260,#7261);
#7259 = CARTESIAN_POINT('',(-0.568629150102,9.3,0.));
#7260 = DIRECTION('',(1.56E-15,-1.,0.));
#7261 = DIRECTION('',(1.,1.56E-15,0.));
#7262 = ADVANCED_FACE('',(#7263),#7274,.F.);
#7263 = FACE_BOUND('',#7264,.F.);
#7264 = EDGE_LOOP('',(#7265,#7266,#7272,#7273));
#7265 = ORIENTED_EDGE('',*,*,#4262,.F.);
#7266 = ORIENTED_EDGE('',*,*,#7267,.T.);
#7267 = EDGE_CURVE('',#4263,#5680,#7268,.T.);
#7268 = LINE('',#7269,#7270);
#7269 = CARTESIAN_POINT('',(-0.568629150102,15.7,0.));
#7270 = VECTOR('',#7271,1.);
#7271 = DIRECTION('',(-0.,-0.,-1.));
#7272 = ORIENTED_EDGE('',*,*,#5679,.T.);
#7273 = ORIENTED_EDGE('',*,*,#7235,.F.);
#7274 = CYLINDRICAL_SURFACE('',#7275,0.8);
#7275 = AXIS2_PLACEMENT_3D('',#7276,#7277,#7278);
#7276 = CARTESIAN_POINT('',(-1.134314575051,15.134314575051,0.));
#7277 = DIRECTION('',(0.,0.,1.));
#7278 = DIRECTION('',(1.,0.,0.));
#7279 = ADVANCED_FACE('',(#7280),#7291,.F.);
#7280 = FACE_BOUND('',#7281,.F.);
#7281 = EDGE_LOOP('',(#7282,#7283,#7284,#7285));
#7282 = ORIENTED_EDGE('',*,*,#4296,.F.);
#7283 = ORIENTED_EDGE('',*,*,#7252,.T.);
#7284 = ORIENTED_EDGE('',*,*,#5713,.T.);
#7285 = ORIENTED_EDGE('',*,*,#7286,.F.);
#7286 = EDGE_CURVE('',#4289,#5706,#7287,.T.);
#7287 = LINE('',#7288,#7289);
#7288 = CARTESIAN_POINT('',(1.7,10.431370849898,0.));
#7289 = VECTOR('',#7290,1.);
#7290 = DIRECTION('',(-0.,-0.,-1.));
#7291 = CYLINDRICAL_SURFACE('',#7292,0.8);
#7292 = AXIS2_PLACEMENT_3D('',#7293,#7294,#7295);
#7293 = CARTESIAN_POINT('',(1.134314575051,9.865685424949,0.));
#7294 = DIRECTION('',(0.,0.,1.));
#7295 = DIRECTION('',(1.,0.,0.));
#7296 = ADVANCED_FACE('',(#7297),#7308,.T.);
#7297 = FACE_BOUND('',#7298,.T.);
#7298 = EDGE_LOOP('',(#7299,#7300,#7301,#7302));
#7299 = ORIENTED_EDGE('',*,*,#4271,.F.);
#7300 = ORIENTED_EDGE('',*,*,#7267,.T.);
#7301 = ORIENTED_EDGE('',*,*,#5688,.T.);
#7302 = ORIENTED_EDGE('',*,*,#7303,.F.);
#7303 = EDGE_CURVE('',#4272,#5689,#7304,.T.);
#7304 = LINE('',#7305,#7306);
#7305 = CARTESIAN_POINT('',(0.568629150102,15.7,0.));
#7306 = VECTOR('',#7307,1.);
#7307 = DIRECTION('',(-0.,-0.,-1.));
#7308 = PLANE('',#7309);
#7309 = AXIS2_PLACEMENT_3D('',#7310,#7311,#7312);
#7310 = CARTESIAN_POINT('',(-0.568629150102,15.7,0.));
#7311 = DIRECTION('',(-1.56E-15,-1.,0.));
#7312 = DIRECTION('',(1.,-1.56E-15,0.));
#7313 = ADVANCED_FACE('',(#7314),#7325,.F.);
#7314 = FACE_BOUND('',#7315,.F.);
#7315 = EDGE_LOOP('',(#7316,#7317,#7318,#7319));
#7316 = ORIENTED_EDGE('',*,*,#4288,.F.);
#7317 = ORIENTED_EDGE('',*,*,#7286,.T.);
#7318 = ORIENTED_EDGE('',*,*,#5705,.T.);
#7319 = ORIENTED_EDGE('',*,*,#7320,.F.);
#7320 = EDGE_CURVE('',#4280,#5697,#7321,.T.);
#7321 = LINE('',#7322,#7323);
#7322 = CARTESIAN_POINT('',(1.7,14.568629150102,0.));
#7323 = VECTOR('',#7324,1.);
#7324 = DIRECTION('',(-0.,-0.,-1.));
#7325 = PLANE('',#7326);
#7326 = AXIS2_PLACEMENT_3D('',#7327,#7328,#7329);
#7327 = CARTESIAN_POINT('',(1.7,10.431370849898,0.));
#7328 = DIRECTION('',(1.,0.,0.));
#7329 = DIRECTION('',(0.,1.,0.));
#7330 = ADVANCED_FACE('',(#7331),#7337,.F.);
#7331 = FACE_BOUND('',#7332,.F.);
#7332 = EDGE_LOOP('',(#7333,#7334,#7335,#7336));
#7333 = ORIENTED_EDGE('',*,*,#4279,.F.);
#7334 = ORIENTED_EDGE('',*,*,#7320,.T.);
#7335 = ORIENTED_EDGE('',*,*,#5696,.T.);
#7336 = ORIENTED_EDGE('',*,*,#7303,.F.);
#7337 = CYLINDRICAL_SURFACE('',#7338,0.8);
#7338 = AXIS2_PLACEMENT_3D('',#7339,#7340,#7341);
#7339 = CARTESIAN_POINT('',(1.134314575051,15.134314575051,0.));
#7340 = DIRECTION('',(0.,0.,1.));
#7341 = DIRECTION('',(1.,0.,0.));
#7342 = ADVANCED_FACE('',(#7343),#7359,.F.);
#7343 = FACE_BOUND('',#7344,.F.);
#7344 = EDGE_LOOP('',(#7345,#7346,#7352,#7353));
#7345 = ORIENTED_EDGE('',*,*,#4313,.F.);
#7346 = ORIENTED_EDGE('',*,*,#7347,.T.);
#7347 = EDGE_CURVE('',#4314,#5731,#7348,.T.);
#7348 = LINE('',#7349,#7350);
#7349 = CARTESIAN_POINT('',(18.7,13.068629150102,0.));
#7350 = VECTOR('',#7351,1.);
#7351 = DIRECTION('',(-0.,-0.,-1.));
#7352 = ORIENTED_EDGE('',*,*,#5730,.T.);
#7353 = ORIENTED_EDGE('',*,*,#7354,.F.);
#7354 = EDGE_CURVE('',#4316,#5733,#7355,.T.);
#7355 = LINE('',#7356,#7357);
#7356 = CARTESIAN_POINT('',(17.568629150102,14.2,0.));
#7357 = VECTOR('',#7358,1.);
#7358 = DIRECTION('',(-0.,-0.,-1.));
#7359 = CYLINDRICAL_SURFACE('',#7360,0.8);
#7360 = AXIS2_PLACEMENT_3D('',#7361,#7362,#7363);
#7361 = CARTESIAN_POINT('',(18.134314575051,13.634314575051,0.));
#7362 = DIRECTION('',(0.,0.,1.));
#7363 = DIRECTION('',(1.,0.,0.));
#7364 = ADVANCED_FACE('',(#7365),#7376,.T.);
#7365 = FACE_BOUND('',#7366,.T.);
#7366 = EDGE_LOOP('',(#7367,#7368,#7374,#7375));
#7367 = ORIENTED_EDGE('',*,*,#4375,.F.);
#7368 = ORIENTED_EDGE('',*,*,#7369,.T.);
#7369 = EDGE_CURVE('',#4367,#5784,#7370,.T.);
#7370 = LINE('',#7371,#7372);
#7371 = CARTESIAN_POINT('',(13.431370849898,14.2,0.));
#7372 = VECTOR('',#7373,1.);
#7373 = DIRECTION('',(-0.,-0.,-1.));
#7374 = ORIENTED_EDGE('',*,*,#5792,.T.);
#7375 = ORIENTED_EDGE('',*,*,#7354,.F.);
#7376 = PLANE('',#7377);
#7377 = AXIS2_PLACEMENT_3D('',#7378,#7379,#7380);
#7378 = CARTESIAN_POINT('',(13.431370849898,14.2,0.));
#7379 = DIRECTION('',(0.,-1.,0.));
#7380 = DIRECTION('',(1.,0.,0.));
#7381 = ADVANCED_FACE('',(#7382),#7393,.F.);
#7382 = FACE_BOUND('',#7383,.F.);
#7383 = EDGE_LOOP('',(#7384,#7385,#7386,#7387));
#7384 = ORIENTED_EDGE('',*,*,#4366,.F.);
#7385 = ORIENTED_EDGE('',*,*,#7369,.T.);
#7386 = ORIENTED_EDGE('',*,*,#5783,.T.);
#7387 = ORIENTED_EDGE('',*,*,#7388,.F.);
#7388 = EDGE_CURVE('',#4359,#5776,#7389,.T.);
#7389 = LINE('',#7390,#7391);
#7390 = CARTESIAN_POINT('',(12.3,13.068629150102,0.));
#7391 = VECTOR('',#7392,1.);
#7392 = DIRECTION('',(-0.,-0.,-1.));
#7393 = CYLINDRICAL_SURFACE('',#7394,0.8);
#7394 = AXIS2_PLACEMENT_3D('',#7395,#7396,#7397);
#7395 = CARTESIAN_POINT('',(12.865685424949,13.634314575051,0.));
#7396 = DIRECTION('',(0.,0.,1.));
#7397 = DIRECTION('',(1.,0.,0.));
#7398 = ADVANCED_FACE('',(#7399),#7410,.F.);
#7399 = FACE_BOUND('',#7400,.F.);
#7400 = EDGE_LOOP('',(#7401,#7402,#7403,#7404));
#7401 = ORIENTED_EDGE('',*,*,#4358,.F.);
#7402 = ORIENTED_EDGE('',*,*,#7388,.T.);
#7403 = ORIENTED_EDGE('',*,*,#5775,.T.);
#7404 = ORIENTED_EDGE('',*,*,#7405,.F.);
#7405 = EDGE_CURVE('',#4350,#5767,#7406,.T.);
#7406 = LINE('',#7407,#7408);
#7407 = CARTESIAN_POINT('',(12.3,11.931370849898,0.));
#7408 = VECTOR('',#7409,1.);
#7409 = DIRECTION('',(-0.,-0.,-1.));
#7410 = PLANE('',#7411);
#7411 = AXIS2_PLACEMENT_3D('',#7412,#7413,#7414);
#7412 = CARTESIAN_POINT('',(12.3,13.068629150102,0.));
#7413 = DIRECTION('',(-1.,4.69E-15,0.));
#7414 = DIRECTION('',(-4.69E-15,-1.,0.));
#7415 = ADVANCED_FACE('',(#7416),#7427,.F.);
#7416 = FACE_BOUND('',#7417,.F.);
#7417 = EDGE_LOOP('',(#7418,#7419,#7420,#7421));
#7418 = ORIENTED_EDGE('',*,*,#4349,.F.);
#7419 = ORIENTED_EDGE('',*,*,#7405,.T.);
#7420 = ORIENTED_EDGE('',*,*,#5766,.T.);
#7421 = ORIENTED_EDGE('',*,*,#7422,.F.);
#7422 = EDGE_CURVE('',#4342,#5759,#7423,.T.);
#7423 = LINE('',#7424,#7425);
#7424 = CARTESIAN_POINT('',(13.431370849898,10.8,0.));
#7425 = VECTOR('',#7426,1.);
#7426 = DIRECTION('',(-0.,-0.,-1.));
#7427 = CYLINDRICAL_SURFACE('',#7428,0.8);
#7428 = AXIS2_PLACEMENT_3D('',#7429,#7430,#7431);
#7429 = CARTESIAN_POINT('',(12.865685424949,11.365685424949,0.));
#7430 = DIRECTION('',(0.,0.,1.));
#7431 = DIRECTION('',(1.,0.,0.));
#7432 = ADVANCED_FACE('',(#7433),#7444,.F.);
#7433 = FACE_BOUND('',#7434,.F.);
#7434 = EDGE_LOOP('',(#7435,#7436,#7437,#7438));
#7435 = ORIENTED_EDGE('',*,*,#4341,.F.);
#7436 = ORIENTED_EDGE('',*,*,#7422,.T.);
#7437 = ORIENTED_EDGE('',*,*,#5758,.T.);
#7438 = ORIENTED_EDGE('',*,*,#7439,.F.);
#7439 = EDGE_CURVE('',#4333,#5750,#7440,.T.);
#7440 = LINE('',#7441,#7442);
#7441 = CARTESIAN_POINT('',(17.568629150102,10.8,0.));
#7442 = VECTOR('',#7443,1.);
#7443 = DIRECTION('',(-0.,-0.,-1.));
#7444 = PLANE('',#7445);
#7445 = AXIS2_PLACEMENT_3D('',#7446,#7447,#7448);
#7446 = CARTESIAN_POINT('',(13.431370849898,10.8,0.));
#7447 = DIRECTION('',(-4.3E-16,-1.,0.));
#7448 = DIRECTION('',(1.,-4.3E-16,0.));
#7449 = ADVANCED_FACE('',(#7450),#7461,.F.);
#7450 = FACE_BOUND('',#7451,.F.);
#7451 = EDGE_LOOP('',(#7452,#7453,#7454,#7455));
#7452 = ORIENTED_EDGE('',*,*,#4332,.F.);
#7453 = ORIENTED_EDGE('',*,*,#7439,.T.);
#7454 = ORIENTED_EDGE('',*,*,#5749,.T.);
#7455 = ORIENTED_EDGE('',*,*,#7456,.F.);
#7456 = EDGE_CURVE('',#4325,#5742,#7457,.T.);
#7457 = LINE('',#7458,#7459);
#7458 = CARTESIAN_POINT('',(18.7,11.931370849898,0.));
#7459 = VECTOR('',#7460,1.);
#7460 = DIRECTION('',(-0.,-0.,-1.));
#7461 = CYLINDRICAL_SURFACE('',#7462,0.8);
#7462 = AXIS2_PLACEMENT_3D('',#7463,#7464,#7465);
#7463 = CARTESIAN_POINT('',(18.134314575051,11.365685424949,0.));
#7464 = DIRECTION('',(0.,0.,1.));
#7465 = DIRECTION('',(1.,0.,0.));
#7466 = ADVANCED_FACE('',(#7467),#7473,.T.);
#7467 = FACE_BOUND('',#7468,.T.);
#7468 = EDGE_LOOP('',(#7469,#7470,#7471,#7472));
#7469 = ORIENTED_EDGE('',*,*,#4324,.F.);
#7470 = ORIENTED_EDGE('',*,*,#7347,.T.);
#7471 = ORIENTED_EDGE('',*,*,#5741,.T.);
#7472 = ORIENTED_EDGE('',*,*,#7456,.F.);
#7473 = PLANE('',#7474);
#7474 = AXIS2_PLACEMENT_3D('',#7475,#7476,#7477);
#7475 = CARTESIAN_POINT('',(18.7,13.068629150102,0.));
#7476 = DIRECTION('',(-1.,6.25E-15,0.));
#7477 = DIRECTION('',(-6.25E-15,-1.,0.));
#7478 = ADVANCED_FACE('',(#7479),#7495,.F.);
#7479 = FACE_BOUND('',#7480,.F.);
#7480 = EDGE_LOOP('',(#7481,#7482,#7488,#7489));
#7481 = ORIENTED_EDGE('',*,*,#4383,.F.);
#7482 = ORIENTED_EDGE('',*,*,#7483,.T.);
#7483 = EDGE_CURVE('',#4384,#5801,#7484,.T.);
#7484 = LINE('',#7485,#7486);
#7485 = CARTESIAN_POINT('',(29.3,10.431370849898,0.));
#7486 = VECTOR('',#7487,1.);
#7487 = DIRECTION('',(-0.,-0.,-1.));
#7488 = ORIENTED_EDGE('',*,*,#5800,.T.);
#7489 = ORIENTED_EDGE('',*,*,#7490,.F.);
#7490 = EDGE_CURVE('',#4386,#5803,#7491,.T.);
#7491 = LINE('',#7492,#7493);
#7492 = CARTESIAN_POINT('',(30.431370849898,9.3,0.));
#7493 = VECTOR('',#7494,1.);
#7494 = DIRECTION('',(-0.,-0.,-1.));
#7495 = CYLINDRICAL_SURFACE('',#7496,0.8);
#7496 = AXIS2_PLACEMENT_3D('',#7497,#7498,#7499);
#7497 = CARTESIAN_POINT('',(29.865685424949,9.865685424949,0.));
#7498 = DIRECTION('',(0.,0.,1.));
#7499 = DIRECTION('',(1.,0.,0.));
#7500 = ADVANCED_FACE('',(#7501),#7512,.T.);
#7501 = FACE_BOUND('',#7502,.T.);
#7502 = EDGE_LOOP('',(#7503,#7504,#7505,#7506));
#7503 = ORIENTED_EDGE('',*,*,#4394,.F.);
#7504 = ORIENTED_EDGE('',*,*,#7483,.T.);
#7505 = ORIENTED_EDGE('',*,*,#5811,.T.);
#7506 = ORIENTED_EDGE('',*,*,#7507,.F.);
#7507 = EDGE_CURVE('',#4395,#5812,#7508,.T.);
#7508 = LINE('',#7509,#7510);
#7509 = CARTESIAN_POINT('',(29.3,14.568629150102,0.));
#7510 = VECTOR('',#7511,1.);
#7511 = DIRECTION('',(-0.,-0.,-1.));
#7512 = PLANE('',#7513);
#7513 = AXIS2_PLACEMENT_3D('',#7514,#7515,#7516);
#7514 = CARTESIAN_POINT('',(29.3,10.431370849898,0.));
#7515 = DIRECTION('',(1.,-5.E-17,0.));
#7516 = DIRECTION('',(5.E-17,1.,0.));
#7517 = ADVANCED_FACE('',(#7518),#7529,.F.);
#7518 = FACE_BOUND('',#7519,.F.);
#7519 = EDGE_LOOP('',(#7520,#7521,#7522,#7523));
#7520 = ORIENTED_EDGE('',*,*,#4445,.F.);
#7521 = ORIENTED_EDGE('',*,*,#7490,.T.);
#7522 = ORIENTED_EDGE('',*,*,#5862,.T.);
#7523 = ORIENTED_EDGE('',*,*,#7524,.F.);
#7524 = EDGE_CURVE('',#4437,#5854,#7525,.T.);
#7525 = LINE('',#7526,#7527);
#7526 = CARTESIAN_POINT('',(31.568629150102,9.3,0.));
#7527 = VECTOR('',#7528,1.);
#7528 = DIRECTION('',(-0.,-0.,-1.));
#7529 = PLANE('',#7530);
#7530 = AXIS2_PLACEMENT_3D('',#7531,#7532,#7533);
#7531 = CARTESIAN_POINT('',(30.431370849898,9.3,0.));
#7532 = DIRECTION('',(1.56E-15,-1.,0.));
#7533 = DIRECTION('',(1.,1.56E-15,0.));
#7534 = ADVANCED_FACE('',(#7535),#7546,.F.);
#7535 = FACE_BOUND('',#7536,.F.);
#7536 = EDGE_LOOP('',(#7537,#7538,#7544,#7545));
#7537 = ORIENTED_EDGE('',*,*,#4402,.F.);
#7538 = ORIENTED_EDGE('',*,*,#7539,.T.);
#7539 = EDGE_CURVE('',#4403,#5820,#7540,.T.);
#7540 = LINE('',#7541,#7542);
#7541 = CARTESIAN_POINT('',(30.431370849898,15.7,0.));
#7542 = VECTOR('',#7543,1.);
#7543 = DIRECTION('',(-0.,-0.,-1.));
#7544 = ORIENTED_EDGE('',*,*,#5819,.T.);
#7545 = ORIENTED_EDGE('',*,*,#7507,.F.);
#7546 = CYLINDRICAL_SURFACE('',#7547,0.8);
#7547 = AXIS2_PLACEMENT_3D('',#7548,#7549,#7550);
#7548 = CARTESIAN_POINT('',(29.865685424949,15.134314575051,0.));
#7549 = DIRECTION('',(0.,0.,1.));
#7550 = DIRECTION('',(1.,0.,0.));
#7551 = ADVANCED_FACE('',(#7552),#7563,.F.);
#7552 = FACE_BOUND('',#7553,.F.);
#7553 = EDGE_LOOP('',(#7554,#7555,#7556,#7557));
#7554 = ORIENTED_EDGE('',*,*,#4436,.F.);
#7555 = ORIENTED_EDGE('',*,*,#7524,.T.);
#7556 = ORIENTED_EDGE('',*,*,#5853,.T.);
#7557 = ORIENTED_EDGE('',*,*,#7558,.F.);
#7558 = EDGE_CURVE('',#4429,#5846,#7559,.T.);
#7559 = LINE('',#7560,#7561);
#7560 = CARTESIAN_POINT('',(32.7,10.431370849898,0.));
#7561 = VECTOR('',#7562,1.);
#7562 = DIRECTION('',(-0.,-0.,-1.));
#7563 = CYLINDRICAL_SURFACE('',#7564,0.8);
#7564 = AXIS2_PLACEMENT_3D('',#7565,#7566,#7567);
#7565 = CARTESIAN_POINT('',(32.134314575051,9.865685424949,0.));
#7566 = DIRECTION('',(0.,0.,1.));
#7567 = DIRECTION('',(1.,0.,0.));
#7568 = ADVANCED_FACE('',(#7569),#7580,.T.);
#7569 = FACE_BOUND('',#7570,.T.);
#7570 = EDGE_LOOP('',(#7571,#7572,#7573,#7574));
#7571 = ORIENTED_EDGE('',*,*,#4411,.F.);
#7572 = ORIENTED_EDGE('',*,*,#7539,.T.);
#7573 = ORIENTED_EDGE('',*,*,#5828,.T.);
#7574 = ORIENTED_EDGE('',*,*,#7575,.F.);
#7575 = EDGE_CURVE('',#4412,#5829,#7576,.T.);
#7576 = LINE('',#7577,#7578);
#7577 = CARTESIAN_POINT('',(31.568629150102,15.7,0.));
#7578 = VECTOR('',#7579,1.);
#7579 = DIRECTION('',(-0.,-0.,-1.));
#7580 = PLANE('',#7581);
#7581 = AXIS2_PLACEMENT_3D('',#7582,#7583,#7584);
#7582 = CARTESIAN_POINT('',(30.431370849898,15.7,0.));
#7583 = DIRECTION('',(-1.56E-15,-1.,0.));
#7584 = DIRECTION('',(1.,-1.56E-15,0.));
#7585 = ADVANCED_FACE('',(#7586),#7597,.F.);
#7586 = FACE_BOUND('',#7587,.F.);
#7587 = EDGE_LOOP('',(#7588,#7589,#7590,#7591));
#7588 = ORIENTED_EDGE('',*,*,#4428,.F.);
#7589 = ORIENTED_EDGE('',*,*,#7558,.T.);
#7590 = ORIENTED_EDGE('',*,*,#5845,.T.);
#7591 = ORIENTED_EDGE('',*,*,#7592,.F.);
#7592 = EDGE_CURVE('',#4420,#5837,#7593,.T.);
#7593 = LINE('',#7594,#7595);
#7594 = CARTESIAN_POINT('',(32.7,14.568629150102,0.));
#7595 = VECTOR('',#7596,1.);
#7596 = DIRECTION('',(-0.,-0.,-1.));
#7597 = PLANE('',#7598);
#7598 = AXIS2_PLACEMENT_3D('',#7599,#7600,#7601);
#7599 = CARTESIAN_POINT('',(32.7,10.431370849898,0.));
#7600 = DIRECTION('',(1.,0.,0.));
#7601 = DIRECTION('',(0.,1.,0.));
#7602 = ADVANCED_FACE('',(#7603),#7609,.F.);
#7603 = FACE_BOUND('',#7604,.F.);
#7604 = EDGE_LOOP('',(#7605,#7606,#7607,#7608));
#7605 = ORIENTED_EDGE('',*,*,#4419,.F.);
#7606 = ORIENTED_EDGE('',*,*,#7592,.T.);
#7607 = ORIENTED_EDGE('',*,*,#5836,.T.);
#7608 = ORIENTED_EDGE('',*,*,#7575,.F.);
#7609 = CYLINDRICAL_SURFACE('',#7610,0.8);
#7610 = AXIS2_PLACEMENT_3D('',#7611,#7612,#7613);
#7611 = CARTESIAN_POINT('',(32.134314575051,15.134314575051,0.));
#7612 = DIRECTION('',(0.,0.,1.));
#7613 = DIRECTION('',(1.,0.,0.));
#7614 = ADVANCED_FACE('',(#7615),#7631,.F.);
#7615 = FACE_BOUND('',#7616,.F.);
#7616 = EDGE_LOOP('',(#7617,#7618,#7624,#7625));
#7617 = ORIENTED_EDGE('',*,*,#4453,.F.);
#7618 = ORIENTED_EDGE('',*,*,#7619,.T.);
#7619 = EDGE_CURVE('',#4454,#5871,#7620,.T.);
#7620 = LINE('',#7621,#7622);
#7621 = CARTESIAN_POINT('',(49.7,13.068629150102,0.));
#7622 = VECTOR('',#7623,1.);
#7623 = DIRECTION('',(-0.,-0.,-1.));
#7624 = ORIENTED_EDGE('',*,*,#5870,.T.);
#7625 = ORIENTED_EDGE('',*,*,#7626,.F.);
#7626 = EDGE_CURVE('',#4456,#5873,#7627,.T.);
#7627 = LINE('',#7628,#7629);
#7628 = CARTESIAN_POINT('',(48.568629150102,14.2,0.));
#7629 = VECTOR('',#7630,1.);
#7630 = DIRECTION('',(-0.,-0.,-1.));
#7631 = CYLINDRICAL_SURFACE('',#7632,0.8);
#7632 = AXIS2_PLACEMENT_3D('',#7633,#7634,#7635);
#7633 = CARTESIAN_POINT('',(49.134314575051,13.634314575051,0.));
#7634 = DIRECTION('',(0.,0.,1.));
#7635 = DIRECTION('',(1.,0.,0.));
#7636 = ADVANCED_FACE('',(#7637),#7648,.T.);
#7637 = FACE_BOUND('',#7638,.T.);
#7638 = EDGE_LOOP('',(#7639,#7640,#7646,#7647));
#7639 = ORIENTED_EDGE('',*,*,#4515,.F.);
#7640 = ORIENTED_EDGE('',*,*,#7641,.T.);
#7641 = EDGE_CURVE('',#4507,#5924,#7642,.T.);
#7642 = LINE('',#7643,#7644);
#7643 = CARTESIAN_POINT('',(44.431370849898,14.2,0.));
#7644 = VECTOR('',#7645,1.);
#7645 = DIRECTION('',(-0.,-0.,-1.));
#7646 = ORIENTED_EDGE('',*,*,#5932,.T.);
#7647 = ORIENTED_EDGE('',*,*,#7626,.F.);
#7648 = PLANE('',#7649);
#7649 = AXIS2_PLACEMENT_3D('',#7650,#7651,#7652);
#7650 = CARTESIAN_POINT('',(44.431370849898,14.2,0.));
#7651 = DIRECTION('',(0.,-1.,0.));
#7652 = DIRECTION('',(1.,0.,0.));
#7653 = ADVANCED_FACE('',(#7654),#7665,.F.);
#7654 = FACE_BOUND('',#7655,.F.);
#7655 = EDGE_LOOP('',(#7656,#7657,#7658,#7659));
#7656 = ORIENTED_EDGE('',*,*,#4506,.F.);
#7657 = ORIENTED_EDGE('',*,*,#7641,.T.);
#7658 = ORIENTED_EDGE('',*,*,#5923,.T.);
#7659 = ORIENTED_EDGE('',*,*,#7660,.F.);
#7660 = EDGE_CURVE('',#4499,#5916,#7661,.T.);
#7661 = LINE('',#7662,#7663);
#7662 = CARTESIAN_POINT('',(43.3,13.068629150102,0.));
#7663 = VECTOR('',#7664,1.);
#7664 = DIRECTION('',(-0.,-0.,-1.));
#7665 = CYLINDRICAL_SURFACE('',#7666,0.8);
#7666 = AXIS2_PLACEMENT_3D('',#7667,#7668,#7669);
#7667 = CARTESIAN_POINT('',(43.865685424949,13.634314575051,0.));
#7668 = DIRECTION('',(0.,0.,1.));
#7669 = DIRECTION('',(1.,0.,0.));
#7670 = ADVANCED_FACE('',(#7671),#7682,.F.);
#7671 = FACE_BOUND('',#7672,.F.);
#7672 = EDGE_LOOP('',(#7673,#7674,#7675,#7676));
#7673 = ORIENTED_EDGE('',*,*,#4498,.F.);
#7674 = ORIENTED_EDGE('',*,*,#7660,.T.);
#7675 = ORIENTED_EDGE('',*,*,#5915,.T.);
#7676 = ORIENTED_EDGE('',*,*,#7677,.F.);
#7677 = EDGE_CURVE('',#4490,#5907,#7678,.T.);
#7678 = LINE('',#7679,#7680);
#7679 = CARTESIAN_POINT('',(43.3,11.931370849898,0.));
#7680 = VECTOR('',#7681,1.);
#7681 = DIRECTION('',(-0.,-0.,-1.));
#7682 = PLANE('',#7683);
#7683 = AXIS2_PLACEMENT_3D('',#7684,#7685,#7686);
#7684 = CARTESIAN_POINT('',(43.3,13.068629150102,0.));
#7685 = DIRECTION('',(-1.,4.69E-15,0.));
#7686 = DIRECTION('',(-4.69E-15,-1.,0.));
#7687 = ADVANCED_FACE('',(#7688),#7699,.F.);
#7688 = FACE_BOUND('',#7689,.F.);
#7689 = EDGE_LOOP('',(#7690,#7691,#7692,#7693));
#7690 = ORIENTED_EDGE('',*,*,#4489,.F.);
#7691 = ORIENTED_EDGE('',*,*,#7677,.T.);
#7692 = ORIENTED_EDGE('',*,*,#5906,.T.);
#7693 = ORIENTED_EDGE('',*,*,#7694,.F.);
#7694 = EDGE_CURVE('',#4482,#5899,#7695,.T.);
#7695 = LINE('',#7696,#7697);
#7696 = CARTESIAN_POINT('',(44.431370849898,10.8,0.));
#7697 = VECTOR('',#7698,1.);
#7698 = DIRECTION('',(-0.,-0.,-1.));
#7699 = CYLINDRICAL_SURFACE('',#7700,0.8);
#7700 = AXIS2_PLACEMENT_3D('',#7701,#7702,#7703);
#7701 = CARTESIAN_POINT('',(43.865685424949,11.365685424949,0.));
#7702 = DIRECTION('',(0.,0.,1.));
#7703 = DIRECTION('',(1.,0.,0.));
#7704 = ADVANCED_FACE('',(#7705),#7716,.F.);
#7705 = FACE_BOUND('',#7706,.F.);
#7706 = EDGE_LOOP('',(#7707,#7708,#7709,#7710));
#7707 = ORIENTED_EDGE('',*,*,#4481,.F.);
#7708 = ORIENTED_EDGE('',*,*,#7694,.T.);
#7709 = ORIENTED_EDGE('',*,*,#5898,.T.);
#7710 = ORIENTED_EDGE('',*,*,#7711,.F.);
#7711 = EDGE_CURVE('',#4473,#5890,#7712,.T.);
#7712 = LINE('',#7713,#7714);
#7713 = CARTESIAN_POINT('',(48.568629150102,10.8,0.));
#7714 = VECTOR('',#7715,1.);
#7715 = DIRECTION('',(-0.,-0.,-1.));
#7716 = PLANE('',#7717);
#7717 = AXIS2_PLACEMENT_3D('',#7718,#7719,#7720);
#7718 = CARTESIAN_POINT('',(44.431370849898,10.8,0.));
#7719 = DIRECTION('',(-4.3E-16,-1.,0.));
#7720 = DIRECTION('',(1.,-4.3E-16,0.));
#7721 = ADVANCED_FACE('',(#7722),#7733,.F.);
#7722 = FACE_BOUND('',#7723,.F.);
#7723 = EDGE_LOOP('',(#7724,#7725,#7726,#7727));
#7724 = ORIENTED_EDGE('',*,*,#4472,.F.);
#7725 = ORIENTED_EDGE('',*,*,#7711,.T.);
#7726 = ORIENTED_EDGE('',*,*,#5889,.T.);
#7727 = ORIENTED_EDGE('',*,*,#7728,.F.);
#7728 = EDGE_CURVE('',#4465,#5882,#7729,.T.);
#7729 = LINE('',#7730,#7731);
#7730 = CARTESIAN_POINT('',(49.7,11.931370849898,0.));
#7731 = VECTOR('',#7732,1.);
#7732 = DIRECTION('',(-0.,-0.,-1.));
#7733 = CYLINDRICAL_SURFACE('',#7734,0.8);
#7734 = AXIS2_PLACEMENT_3D('',#7735,#7736,#7737);
#7735 = CARTESIAN_POINT('',(49.134314575051,11.365685424949,0.));
#7736 = DIRECTION('',(0.,0.,1.));
#7737 = DIRECTION('',(1.,0.,0.));
#7738 = ADVANCED_FACE('',(#7739),#7745,.T.);
#7739 = FACE_BOUND('',#7740,.T.);
#7740 = EDGE_LOOP('',(#7741,#7742,#7743,#7744));
#7741 = ORIENTED_EDGE('',*,*,#4464,.F.);
#7742 = ORIENTED_EDGE('',*,*,#7619,.T.);
#7743 = ORIENTED_EDGE('',*,*,#5881,.T.);
#7744 = ORIENTED_EDGE('',*,*,#7728,.F.);
#7745 = PLANE('',#7746);
#7746 = AXIS2_PLACEMENT_3D('',#7747,#7748,#7749);
#7747 = CARTESIAN_POINT('',(49.7,13.068629150102,0.));
#7748 = DIRECTION('',(-1.,6.25E-15,0.));
#7749 = DIRECTION('',(-6.25E-15,-1.,0.));
#7750 = ADVANCED_FACE('',(#7751),#7767,.F.);
#7751 = FACE_BOUND('',#7752,.F.);
#7752 = EDGE_LOOP('',(#7753,#7754,#7760,#7761));
#7753 = ORIENTED_EDGE('',*,*,#4523,.F.);
#7754 = ORIENTED_EDGE('',*,*,#7755,.T.);
#7755 = EDGE_CURVE('',#4524,#5941,#7756,.T.);
#7756 = LINE('',#7757,#7758);
#7757 = CARTESIAN_POINT('',(80.7,-11.93137084989,0.));
#7758 = VECTOR('',#7759,1.);
#7759 = DIRECTION('',(-0.,-0.,-1.));
#7760 = ORIENTED_EDGE('',*,*,#5940,.T.);
#7761 = ORIENTED_EDGE('',*,*,#7762,.F.);
#7762 = EDGE_CURVE('',#4526,#5943,#7763,.T.);
#7763 = LINE('',#7764,#7765);
#7764 = CARTESIAN_POINT('',(79.568629150102,-10.8,0.));
#7765 = VECTOR('',#7766,1.);
#7766 = DIRECTION('',(-0.,-0.,-1.));
#7767 = CYLINDRICAL_SURFACE('',#7768,0.8);
#7768 = AXIS2_PLACEMENT_3D('',#7769,#7770,#7771);
#7769 = CARTESIAN_POINT('',(80.134314575051,-11.36568542494,0.));
#7770 = DIRECTION('',(0.,0.,1.));
#7771 = DIRECTION('',(1.,0.,0.));
#7772 = ADVANCED_FACE('',(#7773),#7784,.T.);
#7773 = FACE_BOUND('',#7774,.T.);
#7774 = EDGE_LOOP('',(#7775,#7776,#7782,#7783));
#7775 = ORIENTED_EDGE('',*,*,#4585,.F.);
#7776 = ORIENTED_EDGE('',*,*,#7777,.T.);
#7777 = EDGE_CURVE('',#4577,#5994,#7778,.T.);
#7778 = LINE('',#7779,#7780);
#7779 = CARTESIAN_POINT('',(75.431370849898,-10.8,0.));
#7780 = VECTOR('',#7781,1.);
#7781 = DIRECTION('',(-0.,-0.,-1.));
#7782 = ORIENTED_EDGE('',*,*,#6002,.T.);
#7783 = ORIENTED_EDGE('',*,*,#7762,.F.);
#7784 = PLANE('',#7785);
#7785 = AXIS2_PLACEMENT_3D('',#7786,#7787,#7788);
#7786 = CARTESIAN_POINT('',(75.431370849898,-10.8,0.));
#7787 = DIRECTION('',(0.,-1.,0.));
#7788 = DIRECTION('',(1.,0.,0.));
#7789 = ADVANCED_FACE('',(#7790),#7801,.F.);
#7790 = FACE_BOUND('',#7791,.F.);
#7791 = EDGE_LOOP('',(#7792,#7793,#7794,#7795));
#7792 = ORIENTED_EDGE('',*,*,#4576,.F.);
#7793 = ORIENTED_EDGE('',*,*,#7777,.T.);
#7794 = ORIENTED_EDGE('',*,*,#5993,.T.);
#7795 = ORIENTED_EDGE('',*,*,#7796,.F.);
#7796 = EDGE_CURVE('',#4569,#5986,#7797,.T.);
#7797 = LINE('',#7798,#7799);
#7798 = CARTESIAN_POINT('',(74.3,-11.93137084989,0.));
#7799 = VECTOR('',#7800,1.);
#7800 = DIRECTION('',(-0.,-0.,-1.));
#7801 = CYLINDRICAL_SURFACE('',#7802,0.8);
#7802 = AXIS2_PLACEMENT_3D('',#7803,#7804,#7805);
#7803 = CARTESIAN_POINT('',(74.865685424949,-11.36568542494,0.));
#7804 = DIRECTION('',(0.,0.,1.));
#7805 = DIRECTION('',(1.,0.,0.));
#7806 = ADVANCED_FACE('',(#7807),#7818,.F.);
#7807 = FACE_BOUND('',#7808,.F.);
#7808 = EDGE_LOOP('',(#7809,#7810,#7811,#7812));
#7809 = ORIENTED_EDGE('',*,*,#4568,.F.);
#7810 = ORIENTED_EDGE('',*,*,#7796,.T.);
#7811 = ORIENTED_EDGE('',*,*,#5985,.T.);
#7812 = ORIENTED_EDGE('',*,*,#7813,.F.);
#7813 = EDGE_CURVE('',#4560,#5977,#7814,.T.);
#7814 = LINE('',#7815,#7816);
#7815 = CARTESIAN_POINT('',(74.3,-13.0686291501,0.));
#7816 = VECTOR('',#7817,1.);
#7817 = DIRECTION('',(-0.,-0.,-1.));
#7818 = PLANE('',#7819);
#7819 = AXIS2_PLACEMENT_3D('',#7820,#7821,#7822);
#7820 = CARTESIAN_POINT('',(74.3,-11.93137084989,0.));
#7821 = DIRECTION('',(-1.,4.69E-15,0.));
#7822 = DIRECTION('',(-4.69E-15,-1.,0.));
#7823 = ADVANCED_FACE('',(#7824),#7835,.F.);
#7824 = FACE_BOUND('',#7825,.F.);
#7825 = EDGE_LOOP('',(#7826,#7827,#7828,#7829));
#7826 = ORIENTED_EDGE('',*,*,#4559,.F.);
#7827 = ORIENTED_EDGE('',*,*,#7813,.T.);
#7828 = ORIENTED_EDGE('',*,*,#5976,.T.);
#7829 = ORIENTED_EDGE('',*,*,#7830,.F.);
#7830 = EDGE_CURVE('',#4552,#5969,#7831,.T.);
#7831 = LINE('',#7832,#7833);
#7832 = CARTESIAN_POINT('',(75.431370849898,-14.2,0.));
#7833 = VECTOR('',#7834,1.);
#7834 = DIRECTION('',(-0.,-0.,-1.));
#7835 = CYLINDRICAL_SURFACE('',#7836,0.8);
#7836 = AXIS2_PLACEMENT_3D('',#7837,#7838,#7839);
#7837 = CARTESIAN_POINT('',(74.865685424949,-13.63431457505,0.));
#7838 = DIRECTION('',(0.,0.,1.));
#7839 = DIRECTION('',(1.,0.,0.));
#7840 = ADVANCED_FACE('',(#7841),#7852,.F.);
#7841 = FACE_BOUND('',#7842,.F.);
#7842 = EDGE_LOOP('',(#7843,#7844,#7845,#7846));
#7843 = ORIENTED_EDGE('',*,*,#4551,.F.);
#7844 = ORIENTED_EDGE('',*,*,#7830,.T.);
#7845 = ORIENTED_EDGE('',*,*,#5968,.T.);
#7846 = ORIENTED_EDGE('',*,*,#7847,.F.);
#7847 = EDGE_CURVE('',#4543,#5960,#7848,.T.);
#7848 = LINE('',#7849,#7850);
#7849 = CARTESIAN_POINT('',(79.568629150102,-14.2,0.));
#7850 = VECTOR('',#7851,1.);
#7851 = DIRECTION('',(-0.,-0.,-1.));
#7852 = PLANE('',#7853);
#7853 = AXIS2_PLACEMENT_3D('',#7854,#7855,#7856);
#7854 = CARTESIAN_POINT('',(75.431370849898,-14.2,0.));
#7855 = DIRECTION('',(-4.3E-16,-1.,0.));
#7856 = DIRECTION('',(1.,-4.3E-16,0.));
#7857 = ADVANCED_FACE('',(#7858),#7869,.F.);
#7858 = FACE_BOUND('',#7859,.F.);
#7859 = EDGE_LOOP('',(#7860,#7861,#7862,#7863));
#7860 = ORIENTED_EDGE('',*,*,#4542,.F.);
#7861 = ORIENTED_EDGE('',*,*,#7847,.T.);
#7862 = ORIENTED_EDGE('',*,*,#5959,.T.);
#7863 = ORIENTED_EDGE('',*,*,#7864,.F.);
#7864 = EDGE_CURVE('',#4535,#5952,#7865,.T.);
#7865 = LINE('',#7866,#7867);
#7866 = CARTESIAN_POINT('',(80.7,-13.0686291501,0.));
#7867 = VECTOR('',#7868,1.);
#7868 = DIRECTION('',(-0.,-0.,-1.));
#7869 = CYLINDRICAL_SURFACE('',#7870,0.8);
#7870 = AXIS2_PLACEMENT_3D('',#7871,#7872,#7873);
#7871 = CARTESIAN_POINT('',(80.134314575051,-13.63431457505,0.));
#7872 = DIRECTION('',(0.,0.,1.));
#7873 = DIRECTION('',(1.,0.,0.));
#7874 = ADVANCED_FACE('',(#7875),#7881,.T.);
#7875 = FACE_BOUND('',#7876,.T.);
#7876 = EDGE_LOOP('',(#7877,#7878,#7879,#7880));
#7877 = ORIENTED_EDGE('',*,*,#4534,.F.);
#7878 = ORIENTED_EDGE('',*,*,#7755,.T.);
#7879 = ORIENTED_EDGE('',*,*,#5951,.T.);
#7880 = ORIENTED_EDGE('',*,*,#7864,.F.);
#7881 = PLANE('',#7882);
#7882 = AXIS2_PLACEMENT_3D('',#7883,#7884,#7885);
#7883 = CARTESIAN_POINT('',(80.7,-11.93137084989,0.));
#7884 = DIRECTION('',(-1.,6.25E-15,0.));
#7885 = DIRECTION('',(-6.25E-15,-1.,0.));
#7886 = ADVANCED_FACE('',(#7887),#7903,.F.);
#7887 = FACE_BOUND('',#7888,.F.);
#7888 = EDGE_LOOP('',(#7889,#7890,#7896,#7897));
#7889 = ORIENTED_EDGE('',*,*,#4593,.F.);
#7890 = ORIENTED_EDGE('',*,*,#7891,.T.);
#7891 = EDGE_CURVE('',#4594,#6011,#7892,.T.);
#7892 = LINE('',#7893,#7894);
#7893 = CARTESIAN_POINT('',(60.3,10.431370849898,0.));
#7894 = VECTOR('',#7895,1.);
#7895 = DIRECTION('',(-0.,-0.,-1.));
#7896 = ORIENTED_EDGE('',*,*,#6010,.T.);
#7897 = ORIENTED_EDGE('',*,*,#7898,.F.);
#7898 = EDGE_CURVE('',#4596,#6013,#7899,.T.);
#7899 = LINE('',#7900,#7901);
#7900 = CARTESIAN_POINT('',(61.431370849898,9.3,0.));
#7901 = VECTOR('',#7902,1.);
#7902 = DIRECTION('',(-0.,-0.,-1.));
#7903 = CYLINDRICAL_SURFACE('',#7904,0.8);
#7904 = AXIS2_PLACEMENT_3D('',#7905,#7906,#7907);
#7905 = CARTESIAN_POINT('',(60.865685424949,9.865685424949,0.));
#7906 = DIRECTION('',(0.,0.,1.));
#7907 = DIRECTION('',(1.,0.,0.));
#7908 = ADVANCED_FACE('',(#7909),#7920,.T.);
#7909 = FACE_BOUND('',#7910,.T.);
#7910 = EDGE_LOOP('',(#7911,#7912,#7913,#7914));
#7911 = ORIENTED_EDGE('',*,*,#4604,.F.);
#7912 = ORIENTED_EDGE('',*,*,#7891,.T.);
#7913 = ORIENTED_EDGE('',*,*,#6021,.T.);
#7914 = ORIENTED_EDGE('',*,*,#7915,.F.);
#7915 = EDGE_CURVE('',#4605,#6022,#7916,.T.);
#7916 = LINE('',#7917,#7918);
#7917 = CARTESIAN_POINT('',(60.3,14.568629150102,0.));
#7918 = VECTOR('',#7919,1.);
#7919 = DIRECTION('',(-0.,-0.,-1.));
#7920 = PLANE('',#7921);
#7921 = AXIS2_PLACEMENT_3D('',#7922,#7923,#7924);
#7922 = CARTESIAN_POINT('',(60.3,10.431370849898,0.));
#7923 = DIRECTION('',(1.,-5.E-17,0.));
#7924 = DIRECTION('',(5.E-17,1.,0.));
#7925 = ADVANCED_FACE('',(#7926),#7937,.F.);
#7926 = FACE_BOUND('',#7927,.F.);
#7927 = EDGE_LOOP('',(#7928,#7929,#7930,#7931));
#7928 = ORIENTED_EDGE('',*,*,#4655,.F.);
#7929 = ORIENTED_EDGE('',*,*,#7898,.T.);
#7930 = ORIENTED_EDGE('',*,*,#6072,.T.);
#7931 = ORIENTED_EDGE('',*,*,#7932,.F.);
#7932 = EDGE_CURVE('',#4647,#6064,#7933,.T.);
#7933 = LINE('',#7934,#7935);
#7934 = CARTESIAN_POINT('',(62.568629150102,9.3,0.));
#7935 = VECTOR('',#7936,1.);
#7936 = DIRECTION('',(-0.,-0.,-1.));
#7937 = PLANE('',#7938);
#7938 = AXIS2_PLACEMENT_3D('',#7939,#7940,#7941);
#7939 = CARTESIAN_POINT('',(61.431370849898,9.3,0.));
#7940 = DIRECTION('',(1.56E-15,-1.,0.));
#7941 = DIRECTION('',(1.,1.56E-15,0.));
#7942 = ADVANCED_FACE('',(#7943),#7954,.F.);
#7943 = FACE_BOUND('',#7944,.F.);
#7944 = EDGE_LOOP('',(#7945,#7946,#7952,#7953));
#7945 = ORIENTED_EDGE('',*,*,#4612,.F.);
#7946 = ORIENTED_EDGE('',*,*,#7947,.T.);
#7947 = EDGE_CURVE('',#4613,#6030,#7948,.T.);
#7948 = LINE('',#7949,#7950);
#7949 = CARTESIAN_POINT('',(61.431370849898,15.7,0.));
#7950 = VECTOR('',#7951,1.);
#7951 = DIRECTION('',(-0.,-0.,-1.));
#7952 = ORIENTED_EDGE('',*,*,#6029,.T.);
#7953 = ORIENTED_EDGE('',*,*,#7915,.F.);
#7954 = CYLINDRICAL_SURFACE('',#7955,0.8);
#7955 = AXIS2_PLACEMENT_3D('',#7956,#7957,#7958);
#7956 = CARTESIAN_POINT('',(60.865685424949,15.134314575051,0.));
#7957 = DIRECTION('',(0.,0.,1.));
#7958 = DIRECTION('',(1.,0.,0.));
#7959 = ADVANCED_FACE('',(#7960),#7971,.F.);
#7960 = FACE_BOUND('',#7961,.F.);
#7961 = EDGE_LOOP('',(#7962,#7963,#7964,#7965));
#7962 = ORIENTED_EDGE('',*,*,#4646,.F.);
#7963 = ORIENTED_EDGE('',*,*,#7932,.T.);
#7964 = ORIENTED_EDGE('',*,*,#6063,.T.);
#7965 = ORIENTED_EDGE('',*,*,#7966,.F.);
#7966 = EDGE_CURVE('',#4639,#6056,#7967,.T.);
#7967 = LINE('',#7968,#7969);
#7968 = CARTESIAN_POINT('',(63.7,10.431370849898,0.));
#7969 = VECTOR('',#7970,1.);
#7970 = DIRECTION('',(-0.,-0.,-1.));
#7971 = CYLINDRICAL_SURFACE('',#7972,0.8);
#7972 = AXIS2_PLACEMENT_3D('',#7973,#7974,#7975);
#7973 = CARTESIAN_POINT('',(63.134314575051,9.865685424949,0.));
#7974 = DIRECTION('',(0.,0.,1.));
#7975 = DIRECTION('',(1.,0.,0.));
#7976 = ADVANCED_FACE('',(#7977),#7988,.T.);
#7977 = FACE_BOUND('',#7978,.T.);
#7978 = EDGE_LOOP('',(#7979,#7980,#7981,#7982));
#7979 = ORIENTED_EDGE('',*,*,#4621,.F.);
#7980 = ORIENTED_EDGE('',*,*,#7947,.T.);
#7981 = ORIENTED_EDGE('',*,*,#6038,.T.);
#7982 = ORIENTED_EDGE('',*,*,#7983,.F.);
#7983 = EDGE_CURVE('',#4622,#6039,#7984,.T.);
#7984 = LINE('',#7985,#7986);
#7985 = CARTESIAN_POINT('',(62.568629150102,15.7,0.));
#7986 = VECTOR('',#7987,1.);
#7987 = DIRECTION('',(-0.,-0.,-1.));
#7988 = PLANE('',#7989);
#7989 = AXIS2_PLACEMENT_3D('',#7990,#7991,#7992);
#7990 = CARTESIAN_POINT('',(61.431370849898,15.7,0.));
#7991 = DIRECTION('',(-1.56E-15,-1.,0.));
#7992 = DIRECTION('',(1.,-1.56E-15,0.));
#7993 = ADVANCED_FACE('',(#7994),#8005,.F.);
#7994 = FACE_BOUND('',#7995,.F.);
#7995 = EDGE_LOOP('',(#7996,#7997,#7998,#7999));
#7996 = ORIENTED_EDGE('',*,*,#4638,.F.);
#7997 = ORIENTED_EDGE('',*,*,#7966,.T.);
#7998 = ORIENTED_EDGE('',*,*,#6055,.T.);
#7999 = ORIENTED_EDGE('',*,*,#8000,.F.);
#8000 = EDGE_CURVE('',#4630,#6047,#8001,.T.);
#8001 = LINE('',#8002,#8003);
#8002 = CARTESIAN_POINT('',(63.7,14.568629150102,0.));
#8003 = VECTOR('',#8004,1.);
#8004 = DIRECTION('',(-0.,-0.,-1.));
#8005 = PLANE('',#8006);
#8006 = AXIS2_PLACEMENT_3D('',#8007,#8008,#8009);
#8007 = CARTESIAN_POINT('',(63.7,10.431370849898,0.));
#8008 = DIRECTION('',(1.,0.,0.));
#8009 = DIRECTION('',(0.,1.,0.));
#8010 = ADVANCED_FACE('',(#8011),#8017,.F.);
#8011 = FACE_BOUND('',#8012,.F.);
#8012 = EDGE_LOOP('',(#8013,#8014,#8015,#8016));
#8013 = ORIENTED_EDGE('',*,*,#4629,.F.);
#8014 = ORIENTED_EDGE('',*,*,#8000,.T.);
#8015 = ORIENTED_EDGE('',*,*,#6046,.T.);
#8016 = ORIENTED_EDGE('',*,*,#7983,.F.);
#8017 = CYLINDRICAL_SURFACE('',#8018,0.8);
#8018 = AXIS2_PLACEMENT_3D('',#8019,#8020,#8021);
#8019 = CARTESIAN_POINT('',(63.134314575051,15.134314575051,0.));
#8020 = DIRECTION('',(0.,0.,1.));
#8021 = DIRECTION('',(1.,0.,0.));
#8022 = ADVANCED_FACE('',(#8023),#8039,.F.);
#8023 = FACE_BOUND('',#8024,.F.);
#8024 = EDGE_LOOP('',(#8025,#8026,#8032,#8033));
#8025 = ORIENTED_EDGE('',*,*,#4663,.F.);
#8026 = ORIENTED_EDGE('',*,*,#8027,.T.);
#8027 = EDGE_CURVE('',#4664,#6081,#8028,.T.);
#8028 = LINE('',#8029,#8030);
#8029 = CARTESIAN_POINT('',(80.7,13.068629150102,0.));
#8030 = VECTOR('',#8031,1.);
#8031 = DIRECTION('',(-0.,-0.,-1.));
#8032 = ORIENTED_EDGE('',*,*,#6080,.T.);
#8033 = ORIENTED_EDGE('',*,*,#8034,.F.);
#8034 = EDGE_CURVE('',#4666,#6083,#8035,.T.);
#8035 = LINE('',#8036,#8037);
#8036 = CARTESIAN_POINT('',(79.568629150102,14.2,0.));
#8037 = VECTOR('',#8038,1.);
#8038 = DIRECTION('',(-0.,-0.,-1.));
#8039 = CYLINDRICAL_SURFACE('',#8040,0.8);
#8040 = AXIS2_PLACEMENT_3D('',#8041,#8042,#8043);
#8041 = CARTESIAN_POINT('',(80.134314575051,13.634314575051,0.));
#8042 = DIRECTION('',(0.,0.,1.));
#8043 = DIRECTION('',(1.,0.,0.));
#8044 = ADVANCED_FACE('',(#8045),#8056,.T.);
#8045 = FACE_BOUND('',#8046,.T.);
#8046 = EDGE_LOOP('',(#8047,#8048,#8054,#8055));
#8047 = ORIENTED_EDGE('',*,*,#4725,.F.);
#8048 = ORIENTED_EDGE('',*,*,#8049,.T.);
#8049 = EDGE_CURVE('',#4717,#6134,#8050,.T.);
#8050 = LINE('',#8051,#8052);
#8051 = CARTESIAN_POINT('',(75.431370849898,14.2,0.));
#8052 = VECTOR('',#8053,1.);
#8053 = DIRECTION('',(-0.,-0.,-1.));
#8054 = ORIENTED_EDGE('',*,*,#6142,.T.);
#8055 = ORIENTED_EDGE('',*,*,#8034,.F.);
#8056 = PLANE('',#8057);
#8057 = AXIS2_PLACEMENT_3D('',#8058,#8059,#8060);
#8058 = CARTESIAN_POINT('',(75.431370849898,14.2,0.));
#8059 = DIRECTION('',(0.,-1.,0.));
#8060 = DIRECTION('',(1.,0.,0.));
#8061 = ADVANCED_FACE('',(#8062),#8073,.F.);
#8062 = FACE_BOUND('',#8063,.F.);
#8063 = EDGE_LOOP('',(#8064,#8065,#8066,#8067));
#8064 = ORIENTED_EDGE('',*,*,#4716,.F.);
#8065 = ORIENTED_EDGE('',*,*,#8049,.T.);
#8066 = ORIENTED_EDGE('',*,*,#6133,.T.);
#8067 = ORIENTED_EDGE('',*,*,#8068,.F.);
#8068 = EDGE_CURVE('',#4709,#6126,#8069,.T.);
#8069 = LINE('',#8070,#8071);
#8070 = CARTESIAN_POINT('',(74.3,13.068629150102,0.));
#8071 = VECTOR('',#8072,1.);
#8072 = DIRECTION('',(-0.,-0.,-1.));
#8073 = CYLINDRICAL_SURFACE('',#8074,0.8);
#8074 = AXIS2_PLACEMENT_3D('',#8075,#8076,#8077);
#8075 = CARTESIAN_POINT('',(74.865685424949,13.634314575051,0.));
#8076 = DIRECTION('',(0.,0.,1.));
#8077 = DIRECTION('',(1.,0.,0.));
#8078 = ADVANCED_FACE('',(#8079),#8090,.F.);
#8079 = FACE_BOUND('',#8080,.F.);
#8080 = EDGE_LOOP('',(#8081,#8082,#8083,#8084));
#8081 = ORIENTED_EDGE('',*,*,#4708,.F.);
#8082 = ORIENTED_EDGE('',*,*,#8068,.T.);
#8083 = ORIENTED_EDGE('',*,*,#6125,.T.);
#8084 = ORIENTED_EDGE('',*,*,#8085,.F.);
#8085 = EDGE_CURVE('',#4700,#6117,#8086,.T.);
#8086 = LINE('',#8087,#8088);
#8087 = CARTESIAN_POINT('',(74.3,11.931370849898,0.));
#8088 = VECTOR('',#8089,1.);
#8089 = DIRECTION('',(-0.,-0.,-1.));
#8090 = PLANE('',#8091);
#8091 = AXIS2_PLACEMENT_3D('',#8092,#8093,#8094);
#8092 = CARTESIAN_POINT('',(74.3,13.068629150102,0.));
#8093 = DIRECTION('',(-1.,4.69E-15,0.));
#8094 = DIRECTION('',(-4.69E-15,-1.,0.));
#8095 = ADVANCED_FACE('',(#8096),#8107,.F.);
#8096 = FACE_BOUND('',#8097,.F.);
#8097 = EDGE_LOOP('',(#8098,#8099,#8100,#8101));
#8098 = ORIENTED_EDGE('',*,*,#4699,.F.);
#8099 = ORIENTED_EDGE('',*,*,#8085,.T.);
#8100 = ORIENTED_EDGE('',*,*,#6116,.T.);
#8101 = ORIENTED_EDGE('',*,*,#8102,.F.);
#8102 = EDGE_CURVE('',#4692,#6109,#8103,.T.);
#8103 = LINE('',#8104,#8105);
#8104 = CARTESIAN_POINT('',(75.431370849898,10.8,0.));
#8105 = VECTOR('',#8106,1.);
#8106 = DIRECTION('',(-0.,-0.,-1.));
#8107 = CYLINDRICAL_SURFACE('',#8108,0.8);
#8108 = AXIS2_PLACEMENT_3D('',#8109,#8110,#8111);
#8109 = CARTESIAN_POINT('',(74.865685424949,11.365685424949,0.));
#8110 = DIRECTION('',(0.,0.,1.));
#8111 = DIRECTION('',(1.,0.,0.));
#8112 = ADVANCED_FACE('',(#8113),#8124,.F.);
#8113 = FACE_BOUND('',#8114,.F.);
#8114 = EDGE_LOOP('',(#8115,#8116,#8117,#8118));
#8115 = ORIENTED_EDGE('',*,*,#4691,.F.);
#8116 = ORIENTED_EDGE('',*,*,#8102,.T.);
#8117 = ORIENTED_EDGE('',*,*,#6108,.T.);
#8118 = ORIENTED_EDGE('',*,*,#8119,.F.);
#8119 = EDGE_CURVE('',#4683,#6100,#8120,.T.);
#8120 = LINE('',#8121,#8122);
#8121 = CARTESIAN_POINT('',(79.568629150102,10.8,0.));
#8122 = VECTOR('',#8123,1.);
#8123 = DIRECTION('',(-0.,-0.,-1.));
#8124 = PLANE('',#8125);
#8125 = AXIS2_PLACEMENT_3D('',#8126,#8127,#8128);
#8126 = CARTESIAN_POINT('',(75.431370849898,10.8,0.));
#8127 = DIRECTION('',(-4.3E-16,-1.,0.));
#8128 = DIRECTION('',(1.,-4.3E-16,0.));
#8129 = ADVANCED_FACE('',(#8130),#8141,.F.);
#8130 = FACE_BOUND('',#8131,.F.);
#8131 = EDGE_LOOP('',(#8132,#8133,#8134,#8135));
#8132 = ORIENTED_EDGE('',*,*,#4682,.F.);
#8133 = ORIENTED_EDGE('',*,*,#8119,.T.);
#8134 = ORIENTED_EDGE('',*,*,#6099,.T.);
#8135 = ORIENTED_EDGE('',*,*,#8136,.F.);
#8136 = EDGE_CURVE('',#4675,#6092,#8137,.T.);
#8137 = LINE('',#8138,#8139);
#8138 = CARTESIAN_POINT('',(80.7,11.931370849898,0.));
#8139 = VECTOR('',#8140,1.);
#8140 = DIRECTION('',(-0.,-0.,-1.));
#8141 = CYLINDRICAL_SURFACE('',#8142,0.8);
#8142 = AXIS2_PLACEMENT_3D('',#8143,#8144,#8145);
#8143 = CARTESIAN_POINT('',(80.134314575051,11.365685424949,0.));
#8144 = DIRECTION('',(0.,0.,1.));
#8145 = DIRECTION('',(1.,0.,0.));
#8146 = ADVANCED_FACE('',(#8147),#8153,.T.);
#8147 = FACE_BOUND('',#8148,.T.);
#8148 = EDGE_LOOP('',(#8149,#8150,#8151,#8152));
#8149 = ORIENTED_EDGE('',*,*,#4674,.F.);
#8150 = ORIENTED_EDGE('',*,*,#8027,.T.);
#8151 = ORIENTED_EDGE('',*,*,#6091,.T.);
#8152 = ORIENTED_EDGE('',*,*,#8136,.F.);
#8153 = PLANE('',#8154);
#8154 = AXIS2_PLACEMENT_3D('',#8155,#8156,#8157);
#8155 = CARTESIAN_POINT('',(80.7,13.068629150102,0.));
#8156 = DIRECTION('',(-1.,6.25E-15,0.));
#8157 = DIRECTION('',(-6.25E-15,-1.,0.));
#8158 = ADVANCED_FACE('',(#8159),#8175,.F.);
#8159 = FACE_BOUND('',#8160,.F.);
#8160 = EDGE_LOOP('',(#8161,#8162,#8168,#8169));
#8161 = ORIENTED_EDGE('',*,*,#4733,.F.);
#8162 = ORIENTED_EDGE('',*,*,#8163,.T.);
#8163 = EDGE_CURVE('',#4734,#6151,#8164,.T.);
#8164 = LINE('',#8165,#8166);
#8165 = CARTESIAN_POINT('',(91.3,10.431370849898,0.));
#8166 = VECTOR('',#8167,1.);
#8167 = DIRECTION('',(-0.,-0.,-1.));
#8168 = ORIENTED_EDGE('',*,*,#6150,.T.);
#8169 = ORIENTED_EDGE('',*,*,#8170,.F.);
#8170 = EDGE_CURVE('',#4736,#6153,#8171,.T.);
#8171 = LINE('',#8172,#8173);
#8172 = CARTESIAN_POINT('',(92.431370849898,9.3,0.));
#8173 = VECTOR('',#8174,1.);
#8174 = DIRECTION('',(-0.,-0.,-1.));
#8175 = CYLINDRICAL_SURFACE('',#8176,0.8);
#8176 = AXIS2_PLACEMENT_3D('',#8177,#8178,#8179);
#8177 = CARTESIAN_POINT('',(91.865685424949,9.865685424949,0.));
#8178 = DIRECTION('',(0.,0.,1.));
#8179 = DIRECTION('',(1.,0.,0.));
#8180 = ADVANCED_FACE('',(#8181),#8192,.T.);
#8181 = FACE_BOUND('',#8182,.T.);
#8182 = EDGE_LOOP('',(#8183,#8184,#8185,#8186));
#8183 = ORIENTED_EDGE('',*,*,#4744,.F.);
#8184 = ORIENTED_EDGE('',*,*,#8163,.T.);
#8185 = ORIENTED_EDGE('',*,*,#6161,.T.);
#8186 = ORIENTED_EDGE('',*,*,#8187,.F.);
#8187 = EDGE_CURVE('',#4745,#6162,#8188,.T.);
#8188 = LINE('',#8189,#8190);
#8189 = CARTESIAN_POINT('',(91.3,14.568629150102,0.));
#8190 = VECTOR('',#8191,1.);
#8191 = DIRECTION('',(-0.,-0.,-1.));
#8192 = PLANE('',#8193);
#8193 = AXIS2_PLACEMENT_3D('',#8194,#8195,#8196);
#8194 = CARTESIAN_POINT('',(91.3,10.431370849898,0.));
#8195 = DIRECTION('',(1.,-5.E-17,0.));
#8196 = DIRECTION('',(5.E-17,1.,0.));
#8197 = ADVANCED_FACE('',(#8198),#8209,.F.);
#8198 = FACE_BOUND('',#8199,.F.);
#8199 = EDGE_LOOP('',(#8200,#8201,#8202,#8203));
#8200 = ORIENTED_EDGE('',*,*,#4795,.F.);
#8201 = ORIENTED_EDGE('',*,*,#8170,.T.);
#8202 = ORIENTED_EDGE('',*,*,#6212,.T.);
#8203 = ORIENTED_EDGE('',*,*,#8204,.F.);
#8204 = EDGE_CURVE('',#4787,#6204,#8205,.T.);
#8205 = LINE('',#8206,#8207);
#8206 = CARTESIAN_POINT('',(93.568629150102,9.3,0.));
#8207 = VECTOR('',#8208,1.);
#8208 = DIRECTION('',(-0.,-0.,-1.));
#8209 = PLANE('',#8210);
#8210 = AXIS2_PLACEMENT_3D('',#8211,#8212,#8213);
#8211 = CARTESIAN_POINT('',(92.431370849898,9.3,0.));
#8212 = DIRECTION('',(1.56E-15,-1.,0.));
#8213 = DIRECTION('',(1.,1.56E-15,0.));
#8214 = ADVANCED_FACE('',(#8215),#8226,.F.);
#8215 = FACE_BOUND('',#8216,.F.);
#8216 = EDGE_LOOP('',(#8217,#8218,#8224,#8225));
#8217 = ORIENTED_EDGE('',*,*,#4752,.F.);
#8218 = ORIENTED_EDGE('',*,*,#8219,.T.);
#8219 = EDGE_CURVE('',#4753,#6170,#8220,.T.);
#8220 = LINE('',#8221,#8222);
#8221 = CARTESIAN_POINT('',(92.431370849898,15.7,0.));
#8222 = VECTOR('',#8223,1.);
#8223 = DIRECTION('',(-0.,-0.,-1.));
#8224 = ORIENTED_EDGE('',*,*,#6169,.T.);
#8225 = ORIENTED_EDGE('',*,*,#8187,.F.);
#8226 = CYLINDRICAL_SURFACE('',#8227,0.8);
#8227 = AXIS2_PLACEMENT_3D('',#8228,#8229,#8230);
#8228 = CARTESIAN_POINT('',(91.865685424949,15.134314575051,0.));
#8229 = DIRECTION('',(0.,0.,1.));
#8230 = DIRECTION('',(1.,0.,0.));
#8231 = ADVANCED_FACE('',(#8232),#8243,.F.);
#8232 = FACE_BOUND('',#8233,.F.);
#8233 = EDGE_LOOP('',(#8234,#8235,#8236,#8237));
#8234 = ORIENTED_EDGE('',*,*,#4786,.F.);
#8235 = ORIENTED_EDGE('',*,*,#8204,.T.);
#8236 = ORIENTED_EDGE('',*,*,#6203,.T.);
#8237 = ORIENTED_EDGE('',*,*,#8238,.F.);
#8238 = EDGE_CURVE('',#4779,#6196,#8239,.T.);
#8239 = LINE('',#8240,#8241);
#8240 = CARTESIAN_POINT('',(94.7,10.431370849898,0.));
#8241 = VECTOR('',#8242,1.);
#8242 = DIRECTION('',(-0.,-0.,-1.));
#8243 = CYLINDRICAL_SURFACE('',#8244,0.8);
#8244 = AXIS2_PLACEMENT_3D('',#8245,#8246,#8247);
#8245 = CARTESIAN_POINT('',(94.134314575051,9.865685424949,0.));
#8246 = DIRECTION('',(0.,0.,1.));
#8247 = DIRECTION('',(1.,0.,0.));
#8248 = ADVANCED_FACE('',(#8249),#8260,.T.);
#8249 = FACE_BOUND('',#8250,.T.);
#8250 = EDGE_LOOP('',(#8251,#8252,#8253,#8254));
#8251 = ORIENTED_EDGE('',*,*,#4761,.F.);
#8252 = ORIENTED_EDGE('',*,*,#8219,.T.);
#8253 = ORIENTED_EDGE('',*,*,#6178,.T.);
#8254 = ORIENTED_EDGE('',*,*,#8255,.F.);
#8255 = EDGE_CURVE('',#4762,#6179,#8256,.T.);
#8256 = LINE('',#8257,#8258);
#8257 = CARTESIAN_POINT('',(93.568629150102,15.7,0.));
#8258 = VECTOR('',#8259,1.);
#8259 = DIRECTION('',(-0.,-0.,-1.));
#8260 = PLANE('',#8261);
#8261 = AXIS2_PLACEMENT_3D('',#8262,#8263,#8264);
#8262 = CARTESIAN_POINT('',(92.431370849898,15.7,0.));
#8263 = DIRECTION('',(-1.56E-15,-1.,0.));
#8264 = DIRECTION('',(1.,-1.56E-15,0.));
#8265 = ADVANCED_FACE('',(#8266),#8277,.F.);
#8266 = FACE_BOUND('',#8267,.F.);
#8267 = EDGE_LOOP('',(#8268,#8269,#8270,#8271));
#8268 = ORIENTED_EDGE('',*,*,#4778,.F.);
#8269 = ORIENTED_EDGE('',*,*,#8238,.T.);
#8270 = ORIENTED_EDGE('',*,*,#6195,.T.);
#8271 = ORIENTED_EDGE('',*,*,#8272,.F.);
#8272 = EDGE_CURVE('',#4770,#6187,#8273,.T.);
#8273 = LINE('',#8274,#8275);
#8274 = CARTESIAN_POINT('',(94.7,14.568629150102,0.));
#8275 = VECTOR('',#8276,1.);
#8276 = DIRECTION('',(-0.,-0.,-1.));
#8277 = PLANE('',#8278);
#8278 = AXIS2_PLACEMENT_3D('',#8279,#8280,#8281);
#8279 = CARTESIAN_POINT('',(94.7,10.431370849898,0.));
#8280 = DIRECTION('',(1.,0.,0.));
#8281 = DIRECTION('',(0.,1.,0.));
#8282 = ADVANCED_FACE('',(#8283),#8289,.F.);
#8283 = FACE_BOUND('',#8284,.F.);
#8284 = EDGE_LOOP('',(#8285,#8286,#8287,#8288));
#8285 = ORIENTED_EDGE('',*,*,#4769,.F.);
#8286 = ORIENTED_EDGE('',*,*,#8272,.T.);
#8287 = ORIENTED_EDGE('',*,*,#6186,.T.);
#8288 = ORIENTED_EDGE('',*,*,#8255,.F.);
#8289 = CYLINDRICAL_SURFACE('',#8290,0.8);
#8290 = AXIS2_PLACEMENT_3D('',#8291,#8292,#8293);
#8291 = CARTESIAN_POINT('',(94.134314575051,15.134314575051,0.));
#8292 = DIRECTION('',(0.,0.,1.));
#8293 = DIRECTION('',(1.,0.,0.));
#8294 = ADVANCED_FACE('',(#8295),#8311,.F.);
#8295 = FACE_BOUND('',#8296,.F.);
#8296 = EDGE_LOOP('',(#8297,#8298,#8304,#8305));
#8297 = ORIENTED_EDGE('',*,*,#4803,.F.);
#8298 = ORIENTED_EDGE('',*,*,#8299,.T.);
#8299 = EDGE_CURVE('',#4804,#6221,#8300,.T.);
#8300 = LINE('',#8301,#8302);
#8301 = CARTESIAN_POINT('',(-1.7,35.431370849898,0.));
#8302 = VECTOR('',#8303,1.);
#8303 = DIRECTION('',(-0.,-0.,-1.));
#8304 = ORIENTED_EDGE('',*,*,#6220,.T.);
#8305 = ORIENTED_EDGE('',*,*,#8306,.F.);
#8306 = EDGE_CURVE('',#4806,#6223,#8307,.T.);
#8307 = LINE('',#8308,#8309);
#8308 = CARTESIAN_POINT('',(-0.568629150102,34.3,0.));
#8309 = VECTOR('',#8310,1.);
#8310 = DIRECTION('',(-0.,-0.,-1.));
#8311 = CYLINDRICAL_SURFACE('',#8312,0.8);
#8312 = AXIS2_PLACEMENT_3D('',#8313,#8314,#8315);
#8313 = CARTESIAN_POINT('',(-1.134314575051,34.865685424949,0.));
#8314 = DIRECTION('',(0.,0.,1.));
#8315 = DIRECTION('',(1.,0.,0.));
#8316 = ADVANCED_FACE('',(#8317),#8328,.T.);
#8317 = FACE_BOUND('',#8318,.T.);
#8318 = EDGE_LOOP('',(#8319,#8320,#8321,#8322));
#8319 = ORIENTED_EDGE('',*,*,#4814,.F.);
#8320 = ORIENTED_EDGE('',*,*,#8299,.T.);
#8321 = ORIENTED_EDGE('',*,*,#6231,.T.);
#8322 = ORIENTED_EDGE('',*,*,#8323,.F.);
#8323 = EDGE_CURVE('',#4815,#6232,#8324,.T.);
#8324 = LINE('',#8325,#8326);
#8325 = CARTESIAN_POINT('',(-1.7,39.568629150102,0.));
#8326 = VECTOR('',#8327,1.);
#8327 = DIRECTION('',(-0.,-0.,-1.));
#8328 = PLANE('',#8329);
#8329 = AXIS2_PLACEMENT_3D('',#8330,#8331,#8332);
#8330 = CARTESIAN_POINT('',(-1.7,35.431370849898,0.));
#8331 = DIRECTION('',(1.,-5.E-17,0.));
#8332 = DIRECTION('',(5.E-17,1.,0.));
#8333 = ADVANCED_FACE('',(#8334),#8345,.F.);
#8334 = FACE_BOUND('',#8335,.F.);
#8335 = EDGE_LOOP('',(#8336,#8337,#8338,#8339));
#8336 = ORIENTED_EDGE('',*,*,#4865,.F.);
#8337 = ORIENTED_EDGE('',*,*,#8306,.T.);
#8338 = ORIENTED_EDGE('',*,*,#6282,.T.);
#8339 = ORIENTED_EDGE('',*,*,#8340,.F.);
#8340 = EDGE_CURVE('',#4857,#6274,#8341,.T.);
#8341 = LINE('',#8342,#8343);
#8342 = CARTESIAN_POINT('',(0.568629150102,34.3,0.));
#8343 = VECTOR('',#8344,1.);
#8344 = DIRECTION('',(-0.,-0.,-1.));
#8345 = PLANE('',#8346);
#8346 = AXIS2_PLACEMENT_3D('',#8347,#8348,#8349);
#8347 = CARTESIAN_POINT('',(-0.568629150102,34.3,0.));
#8348 = DIRECTION('',(1.56E-15,-1.,0.));
#8349 = DIRECTION('',(1.,1.56E-15,0.));
#8350 = ADVANCED_FACE('',(#8351),#8362,.F.);
#8351 = FACE_BOUND('',#8352,.F.);
#8352 = EDGE_LOOP('',(#8353,#8354,#8360,#8361));
#8353 = ORIENTED_EDGE('',*,*,#4822,.F.);
#8354 = ORIENTED_EDGE('',*,*,#8355,.T.);
#8355 = EDGE_CURVE('',#4823,#6240,#8356,.T.);
#8356 = LINE('',#8357,#8358);
#8357 = CARTESIAN_POINT('',(-0.568629150102,40.7,0.));
#8358 = VECTOR('',#8359,1.);
#8359 = DIRECTION('',(-0.,-0.,-1.));
#8360 = ORIENTED_EDGE('',*,*,#6239,.T.);
#8361 = ORIENTED_EDGE('',*,*,#8323,.F.);
#8362 = CYLINDRICAL_SURFACE('',#8363,0.8);
#8363 = AXIS2_PLACEMENT_3D('',#8364,#8365,#8366);
#8364 = CARTESIAN_POINT('',(-1.134314575051,40.134314575051,0.));
#8365 = DIRECTION('',(0.,0.,1.));
#8366 = DIRECTION('',(1.,0.,0.));
#8367 = ADVANCED_FACE('',(#8368),#8379,.F.);
#8368 = FACE_BOUND('',#8369,.F.);
#8369 = EDGE_LOOP('',(#8370,#8371,#8372,#8373));
#8370 = ORIENTED_EDGE('',*,*,#4856,.F.);
#8371 = ORIENTED_EDGE('',*,*,#8340,.T.);
#8372 = ORIENTED_EDGE('',*,*,#6273,.T.);
#8373 = ORIENTED_EDGE('',*,*,#8374,.F.);
#8374 = EDGE_CURVE('',#4849,#6266,#8375,.T.);
#8375 = LINE('',#8376,#8377);
#8376 = CARTESIAN_POINT('',(1.7,35.431370849898,0.));
#8377 = VECTOR('',#8378,1.);
#8378 = DIRECTION('',(-0.,-0.,-1.));
#8379 = CYLINDRICAL_SURFACE('',#8380,0.8);
#8380 = AXIS2_PLACEMENT_3D('',#8381,#8382,#8383);
#8381 = CARTESIAN_POINT('',(1.134314575051,34.865685424949,0.));
#8382 = DIRECTION('',(0.,0.,1.));
#8383 = DIRECTION('',(1.,0.,0.));
#8384 = ADVANCED_FACE('',(#8385),#8396,.T.);
#8385 = FACE_BOUND('',#8386,.T.);
#8386 = EDGE_LOOP('',(#8387,#8388,#8389,#8390));
#8387 = ORIENTED_EDGE('',*,*,#4831,.F.);
#8388 = ORIENTED_EDGE('',*,*,#8355,.T.);
#8389 = ORIENTED_EDGE('',*,*,#6248,.T.);
#8390 = ORIENTED_EDGE('',*,*,#8391,.F.);
#8391 = EDGE_CURVE('',#4832,#6249,#8392,.T.);
#8392 = LINE('',#8393,#8394);
#8393 = CARTESIAN_POINT('',(0.568629150102,40.7,0.));
#8394 = VECTOR('',#8395,1.);
#8395 = DIRECTION('',(-0.,-0.,-1.));
#8396 = PLANE('',#8397);
#8397 = AXIS2_PLACEMENT_3D('',#8398,#8399,#8400);
#8398 = CARTESIAN_POINT('',(-0.568629150102,40.7,0.));
#8399 = DIRECTION('',(-1.56E-15,-1.,0.));
#8400 = DIRECTION('',(1.,-1.56E-15,0.));
#8401 = ADVANCED_FACE('',(#8402),#8413,.F.);
#8402 = FACE_BOUND('',#8403,.F.);
#8403 = EDGE_LOOP('',(#8404,#8405,#8406,#8407));
#8404 = ORIENTED_EDGE('',*,*,#4848,.F.);
#8405 = ORIENTED_EDGE('',*,*,#8374,.T.);
#8406 = ORIENTED_EDGE('',*,*,#6265,.T.);
#8407 = ORIENTED_EDGE('',*,*,#8408,.F.);
#8408 = EDGE_CURVE('',#4840,#6257,#8409,.T.);
#8409 = LINE('',#8410,#8411);
#8410 = CARTESIAN_POINT('',(1.7,39.568629150102,0.));
#8411 = VECTOR('',#8412,1.);
#8412 = DIRECTION('',(-0.,-0.,-1.));
#8413 = PLANE('',#8414);
#8414 = AXIS2_PLACEMENT_3D('',#8415,#8416,#8417);
#8415 = CARTESIAN_POINT('',(1.7,35.431370849898,0.));
#8416 = DIRECTION('',(1.,0.,0.));
#8417 = DIRECTION('',(0.,1.,0.));
#8418 = ADVANCED_FACE('',(#8419),#8425,.F.);
#8419 = FACE_BOUND('',#8420,.F.);
#8420 = EDGE_LOOP('',(#8421,#8422,#8423,#8424));
#8421 = ORIENTED_EDGE('',*,*,#4839,.F.);
#8422 = ORIENTED_EDGE('',*,*,#8408,.T.);
#8423 = ORIENTED_EDGE('',*,*,#6256,.T.);
#8424 = ORIENTED_EDGE('',*,*,#8391,.F.);
#8425 = CYLINDRICAL_SURFACE('',#8426,0.8);
#8426 = AXIS2_PLACEMENT_3D('',#8427,#8428,#8429);
#8427 = CARTESIAN_POINT('',(1.134314575051,40.134314575051,0.));
#8428 = DIRECTION('',(0.,0.,1.));
#8429 = DIRECTION('',(1.,0.,0.));
#8430 = ADVANCED_FACE('',(#8431),#8447,.F.);
#8431 = FACE_BOUND('',#8432,.F.);
#8432 = EDGE_LOOP('',(#8433,#8434,#8440,#8441));
#8433 = ORIENTED_EDGE('',*,*,#4873,.F.);
#8434 = ORIENTED_EDGE('',*,*,#8435,.T.);
#8435 = EDGE_CURVE('',#4874,#6291,#8436,.T.);
#8436 = LINE('',#8437,#8438);
#8437 = CARTESIAN_POINT('',(18.7,38.068629150102,0.));
#8438 = VECTOR('',#8439,1.);
#8439 = DIRECTION('',(-0.,-0.,-1.));
#8440 = ORIENTED_EDGE('',*,*,#6290,.T.);
#8441 = ORIENTED_EDGE('',*,*,#8442,.F.);
#8442 = EDGE_CURVE('',#4876,#6293,#8443,.T.);
#8443 = LINE('',#8444,#8445);
#8444 = CARTESIAN_POINT('',(17.568629150102,39.2,0.));
#8445 = VECTOR('',#8446,1.);
#8446 = DIRECTION('',(-0.,-0.,-1.));
#8447 = CYLINDRICAL_SURFACE('',#8448,0.8);
#8448 = AXIS2_PLACEMENT_3D('',#8449,#8450,#8451);
#8449 = CARTESIAN_POINT('',(18.134314575051,38.634314575051,0.));
#8450 = DIRECTION('',(0.,0.,1.));
#8451 = DIRECTION('',(1.,0.,0.));
#8452 = ADVANCED_FACE('',(#8453),#8464,.T.);
#8453 = FACE_BOUND('',#8454,.T.);
#8454 = EDGE_LOOP('',(#8455,#8456,#8462,#8463));
#8455 = ORIENTED_EDGE('',*,*,#4935,.F.);
#8456 = ORIENTED_EDGE('',*,*,#8457,.T.);
#8457 = EDGE_CURVE('',#4927,#6344,#8458,.T.);
#8458 = LINE('',#8459,#8460);
#8459 = CARTESIAN_POINT('',(13.431370849898,39.2,0.));
#8460 = VECTOR('',#8461,1.);
#8461 = DIRECTION('',(-0.,-0.,-1.));
#8462 = ORIENTED_EDGE('',*,*,#6352,.T.);
#8463 = ORIENTED_EDGE('',*,*,#8442,.F.);
#8464 = PLANE('',#8465);
#8465 = AXIS2_PLACEMENT_3D('',#8466,#8467,#8468);
#8466 = CARTESIAN_POINT('',(13.431370849898,39.2,0.));
#8467 = DIRECTION('',(0.,-1.,0.));
#8468 = DIRECTION('',(1.,0.,0.));
#8469 = ADVANCED_FACE('',(#8470),#8481,.F.);
#8470 = FACE_BOUND('',#8471,.F.);
#8471 = EDGE_LOOP('',(#8472,#8473,#8474,#8475));
#8472 = ORIENTED_EDGE('',*,*,#4926,.F.);
#8473 = ORIENTED_EDGE('',*,*,#8457,.T.);
#8474 = ORIENTED_EDGE('',*,*,#6343,.T.);
#8475 = ORIENTED_EDGE('',*,*,#8476,.F.);
#8476 = EDGE_CURVE('',#4919,#6336,#8477,.T.);
#8477 = LINE('',#8478,#8479);
#8478 = CARTESIAN_POINT('',(12.3,38.068629150102,0.));
#8479 = VECTOR('',#8480,1.);
#8480 = DIRECTION('',(-0.,-0.,-1.));
#8481 = CYLINDRICAL_SURFACE('',#8482,0.8);
#8482 = AXIS2_PLACEMENT_3D('',#8483,#8484,#8485);
#8483 = CARTESIAN_POINT('',(12.865685424949,38.634314575051,0.));
#8484 = DIRECTION('',(0.,0.,1.));
#8485 = DIRECTION('',(1.,0.,0.));
#8486 = ADVANCED_FACE('',(#8487),#8498,.F.);
#8487 = FACE_BOUND('',#8488,.F.);
#8488 = EDGE_LOOP('',(#8489,#8490,#8491,#8492));
#8489 = ORIENTED_EDGE('',*,*,#4918,.F.);
#8490 = ORIENTED_EDGE('',*,*,#8476,.T.);
#8491 = ORIENTED_EDGE('',*,*,#6335,.T.);
#8492 = ORIENTED_EDGE('',*,*,#8493,.F.);
#8493 = EDGE_CURVE('',#4910,#6327,#8494,.T.);
#8494 = LINE('',#8495,#8496);
#8495 = CARTESIAN_POINT('',(12.3,36.931370849898,0.));
#8496 = VECTOR('',#8497,1.);
#8497 = DIRECTION('',(-0.,-0.,-1.));
#8498 = PLANE('',#8499);
#8499 = AXIS2_PLACEMENT_3D('',#8500,#8501,#8502);
#8500 = CARTESIAN_POINT('',(12.3,38.068629150102,0.));
#8501 = DIRECTION('',(-1.,4.69E-15,0.));
#8502 = DIRECTION('',(-4.69E-15,-1.,0.));
#8503 = ADVANCED_FACE('',(#8504),#8515,.F.);
#8504 = FACE_BOUND('',#8505,.F.);
#8505 = EDGE_LOOP('',(#8506,#8507,#8508,#8509));
#8506 = ORIENTED_EDGE('',*,*,#4909,.F.);
#8507 = ORIENTED_EDGE('',*,*,#8493,.T.);
#8508 = ORIENTED_EDGE('',*,*,#6326,.T.);
#8509 = ORIENTED_EDGE('',*,*,#8510,.F.);
#8510 = EDGE_CURVE('',#4902,#6319,#8511,.T.);
#8511 = LINE('',#8512,#8513);
#8512 = CARTESIAN_POINT('',(13.431370849898,35.8,0.));
#8513 = VECTOR('',#8514,1.);
#8514 = DIRECTION('',(-0.,-0.,-1.));
#8515 = CYLINDRICAL_SURFACE('',#8516,0.8);
#8516 = AXIS2_PLACEMENT_3D('',#8517,#8518,#8519);
#8517 = CARTESIAN_POINT('',(12.865685424949,36.365685424949,0.));
#8518 = DIRECTION('',(0.,0.,1.));
#8519 = DIRECTION('',(1.,0.,0.));
#8520 = ADVANCED_FACE('',(#8521),#8532,.F.);
#8521 = FACE_BOUND('',#8522,.F.);
#8522 = EDGE_LOOP('',(#8523,#8524,#8525,#8526));
#8523 = ORIENTED_EDGE('',*,*,#4901,.F.);
#8524 = ORIENTED_EDGE('',*,*,#8510,.T.);
#8525 = ORIENTED_EDGE('',*,*,#6318,.T.);
#8526 = ORIENTED_EDGE('',*,*,#8527,.F.);
#8527 = EDGE_CURVE('',#4893,#6310,#8528,.T.);
#8528 = LINE('',#8529,#8530);
#8529 = CARTESIAN_POINT('',(17.568629150102,35.8,0.));
#8530 = VECTOR('',#8531,1.);
#8531 = DIRECTION('',(-0.,-0.,-1.));
#8532 = PLANE('',#8533);
#8533 = AXIS2_PLACEMENT_3D('',#8534,#8535,#8536);
#8534 = CARTESIAN_POINT('',(13.431370849898,35.8,0.));
#8535 = DIRECTION('',(-4.3E-16,-1.,0.));
#8536 = DIRECTION('',(1.,-4.3E-16,0.));
#8537 = ADVANCED_FACE('',(#8538),#8549,.F.);
#8538 = FACE_BOUND('',#8539,.F.);
#8539 = EDGE_LOOP('',(#8540,#8541,#8542,#8543));
#8540 = ORIENTED_EDGE('',*,*,#4892,.F.);
#8541 = ORIENTED_EDGE('',*,*,#8527,.T.);
#8542 = ORIENTED_EDGE('',*,*,#6309,.T.);
#8543 = ORIENTED_EDGE('',*,*,#8544,.F.);
#8544 = EDGE_CURVE('',#4885,#6302,#8545,.T.);
#8545 = LINE('',#8546,#8547);
#8546 = CARTESIAN_POINT('',(18.7,36.931370849898,0.));
#8547 = VECTOR('',#8548,1.);
#8548 = DIRECTION('',(-0.,-0.,-1.));
#8549 = CYLINDRICAL_SURFACE('',#8550,0.8);
#8550 = AXIS2_PLACEMENT_3D('',#8551,#8552,#8553);
#8551 = CARTESIAN_POINT('',(18.134314575051,36.365685424949,0.));
#8552 = DIRECTION('',(0.,0.,1.));
#8553 = DIRECTION('',(1.,0.,0.));
#8554 = ADVANCED_FACE('',(#8555),#8561,.T.);
#8555 = FACE_BOUND('',#8556,.T.);
#8556 = EDGE_LOOP('',(#8557,#8558,#8559,#8560));
#8557 = ORIENTED_EDGE('',*,*,#4884,.F.);
#8558 = ORIENTED_EDGE('',*,*,#8435,.T.);
#8559 = ORIENTED_EDGE('',*,*,#6301,.T.);
#8560 = ORIENTED_EDGE('',*,*,#8544,.F.);
#8561 = PLANE('',#8562);
#8562 = AXIS2_PLACEMENT_3D('',#8563,#8564,#8565);
#8563 = CARTESIAN_POINT('',(18.7,38.068629150102,0.));
#8564 = DIRECTION('',(-1.,6.25E-15,0.));
#8565 = DIRECTION('',(-6.25E-15,-1.,0.));
#8566 = ADVANCED_FACE('',(#8567),#8583,.F.);
#8567 = FACE_BOUND('',#8568,.F.);
#8568 = EDGE_LOOP('',(#8569,#8570,#8576,#8577));
#8569 = ORIENTED_EDGE('',*,*,#4943,.F.);
#8570 = ORIENTED_EDGE('',*,*,#8571,.T.);
#8571 = EDGE_CURVE('',#4944,#6361,#8572,.T.);
#8572 = LINE('',#8573,#8574);
#8573 = CARTESIAN_POINT('',(29.3,35.431370849898,0.));
#8574 = VECTOR('',#8575,1.);
#8575 = DIRECTION('',(-0.,-0.,-1.));
#8576 = ORIENTED_EDGE('',*,*,#6360,.T.);
#8577 = ORIENTED_EDGE('',*,*,#8578,.F.);
#8578 = EDGE_CURVE('',#4946,#6363,#8579,.T.);
#8579 = LINE('',#8580,#8581);
#8580 = CARTESIAN_POINT('',(30.431370849898,34.3,0.));
#8581 = VECTOR('',#8582,1.);
#8582 = DIRECTION('',(-0.,-0.,-1.));
#8583 = CYLINDRICAL_SURFACE('',#8584,0.8);
#8584 = AXIS2_PLACEMENT_3D('',#8585,#8586,#8587);
#8585 = CARTESIAN_POINT('',(29.865685424949,34.865685424949,0.));
#8586 = DIRECTION('',(0.,0.,1.));
#8587 = DIRECTION('',(1.,0.,0.));
#8588 = ADVANCED_FACE('',(#8589),#8600,.T.);
#8589 = FACE_BOUND('',#8590,.T.);
#8590 = EDGE_LOOP('',(#8591,#8592,#8593,#8594));
#8591 = ORIENTED_EDGE('',*,*,#4954,.F.);
#8592 = ORIENTED_EDGE('',*,*,#8571,.T.);
#8593 = ORIENTED_EDGE('',*,*,#6371,.T.);
#8594 = ORIENTED_EDGE('',*,*,#8595,.F.);
#8595 = EDGE_CURVE('',#4955,#6372,#8596,.T.);
#8596 = LINE('',#8597,#8598);
#8597 = CARTESIAN_POINT('',(29.3,39.568629150102,0.));
#8598 = VECTOR('',#8599,1.);
#8599 = DIRECTION('',(-0.,-0.,-1.));
#8600 = PLANE('',#8601);
#8601 = AXIS2_PLACEMENT_3D('',#8602,#8603,#8604);
#8602 = CARTESIAN_POINT('',(29.3,35.431370849898,0.));
#8603 = DIRECTION('',(1.,-5.E-17,0.));
#8604 = DIRECTION('',(5.E-17,1.,0.));
#8605 = ADVANCED_FACE('',(#8606),#8617,.F.);
#8606 = FACE_BOUND('',#8607,.F.);
#8607 = EDGE_LOOP('',(#8608,#8609,#8610,#8611));
#8608 = ORIENTED_EDGE('',*,*,#5005,.F.);
#8609 = ORIENTED_EDGE('',*,*,#8578,.T.);
#8610 = ORIENTED_EDGE('',*,*,#6422,.T.);
#8611 = ORIENTED_EDGE('',*,*,#8612,.F.);
#8612 = EDGE_CURVE('',#4997,#6414,#8613,.T.);
#8613 = LINE('',#8614,#8615);
#8614 = CARTESIAN_POINT('',(31.568629150102,34.3,0.));
#8615 = VECTOR('',#8616,1.);
#8616 = DIRECTION('',(-0.,-0.,-1.));
#8617 = PLANE('',#8618);
#8618 = AXIS2_PLACEMENT_3D('',#8619,#8620,#8621);
#8619 = CARTESIAN_POINT('',(30.431370849898,34.3,0.));
#8620 = DIRECTION('',(1.56E-15,-1.,0.));
#8621 = DIRECTION('',(1.,1.56E-15,0.));
#8622 = ADVANCED_FACE('',(#8623),#8634,.F.);
#8623 = FACE_BOUND('',#8624,.F.);
#8624 = EDGE_LOOP('',(#8625,#8626,#8632,#8633));
#8625 = ORIENTED_EDGE('',*,*,#4962,.F.);
#8626 = ORIENTED_EDGE('',*,*,#8627,.T.);
#8627 = EDGE_CURVE('',#4963,#6380,#8628,.T.);
#8628 = LINE('',#8629,#8630);
#8629 = CARTESIAN_POINT('',(30.431370849898,40.7,0.));
#8630 = VECTOR('',#8631,1.);
#8631 = DIRECTION('',(-0.,-0.,-1.));
#8632 = ORIENTED_EDGE('',*,*,#6379,.T.);
#8633 = ORIENTED_EDGE('',*,*,#8595,.F.);
#8634 = CYLINDRICAL_SURFACE('',#8635,0.8);
#8635 = AXIS2_PLACEMENT_3D('',#8636,#8637,#8638);
#8636 = CARTESIAN_POINT('',(29.865685424949,40.134314575051,0.));
#8637 = DIRECTION('',(0.,0.,1.));
#8638 = DIRECTION('',(1.,0.,0.));
#8639 = ADVANCED_FACE('',(#8640),#8651,.F.);
#8640 = FACE_BOUND('',#8641,.F.);
#8641 = EDGE_LOOP('',(#8642,#8643,#8644,#8645));
#8642 = ORIENTED_EDGE('',*,*,#4996,.F.);
#8643 = ORIENTED_EDGE('',*,*,#8612,.T.);
#8644 = ORIENTED_EDGE('',*,*,#6413,.T.);
#8645 = ORIENTED_EDGE('',*,*,#8646,.F.);
#8646 = EDGE_CURVE('',#4989,#6406,#8647,.T.);
#8647 = LINE('',#8648,#8649);
#8648 = CARTESIAN_POINT('',(32.7,35.431370849898,0.));
#8649 = VECTOR('',#8650,1.);
#8650 = DIRECTION('',(-0.,-0.,-1.));
#8651 = CYLINDRICAL_SURFACE('',#8652,0.8);
#8652 = AXIS2_PLACEMENT_3D('',#8653,#8654,#8655);
#8653 = CARTESIAN_POINT('',(32.134314575051,34.865685424949,0.));
#8654 = DIRECTION('',(0.,0.,1.));
#8655 = DIRECTION('',(1.,0.,0.));
#8656 = ADVANCED_FACE('',(#8657),#8668,.T.);
#8657 = FACE_BOUND('',#8658,.T.);
#8658 = EDGE_LOOP('',(#8659,#8660,#8661,#8662));
#8659 = ORIENTED_EDGE('',*,*,#4971,.F.);
#8660 = ORIENTED_EDGE('',*,*,#8627,.T.);
#8661 = ORIENTED_EDGE('',*,*,#6388,.T.);
#8662 = ORIENTED_EDGE('',*,*,#8663,.F.);
#8663 = EDGE_CURVE('',#4972,#6389,#8664,.T.);
#8664 = LINE('',#8665,#8666);
#8665 = CARTESIAN_POINT('',(31.568629150102,40.7,0.));
#8666 = VECTOR('',#8667,1.);
#8667 = DIRECTION('',(-0.,-0.,-1.));
#8668 = PLANE('',#8669);
#8669 = AXIS2_PLACEMENT_3D('',#8670,#8671,#8672);
#8670 = CARTESIAN_POINT('',(30.431370849898,40.7,0.));
#8671 = DIRECTION('',(-1.56E-15,-1.,0.));
#8672 = DIRECTION('',(1.,-1.56E-15,0.));
#8673 = ADVANCED_FACE('',(#8674),#8685,.F.);
#8674 = FACE_BOUND('',#8675,.F.);
#8675 = EDGE_LOOP('',(#8676,#8677,#8678,#8679));
#8676 = ORIENTED_EDGE('',*,*,#4988,.F.);
#8677 = ORIENTED_EDGE('',*,*,#8646,.T.);
#8678 = ORIENTED_EDGE('',*,*,#6405,.T.);
#8679 = ORIENTED_EDGE('',*,*,#8680,.F.);
#8680 = EDGE_CURVE('',#4980,#6397,#8681,.T.);
#8681 = LINE('',#8682,#8683);
#8682 = CARTESIAN_POINT('',(32.7,39.568629150102,0.));
#8683 = VECTOR('',#8684,1.);
#8684 = DIRECTION('',(-0.,-0.,-1.));
#8685 = PLANE('',#8686);
#8686 = AXIS2_PLACEMENT_3D('',#8687,#8688,#8689);
#8687 = CARTESIAN_POINT('',(32.7,35.431370849898,0.));
#8688 = DIRECTION('',(1.,0.,0.));
#8689 = DIRECTION('',(0.,1.,0.));
#8690 = ADVANCED_FACE('',(#8691),#8697,.F.);
#8691 = FACE_BOUND('',#8692,.F.);
#8692 = EDGE_LOOP('',(#8693,#8694,#8695,#8696));
#8693 = ORIENTED_EDGE('',*,*,#4979,.F.);
#8694 = ORIENTED_EDGE('',*,*,#8680,.T.);
#8695 = ORIENTED_EDGE('',*,*,#6396,.T.);
#8696 = ORIENTED_EDGE('',*,*,#8663,.F.);
#8697 = CYLINDRICAL_SURFACE('',#8698,0.8);
#8698 = AXIS2_PLACEMENT_3D('',#8699,#8700,#8701);
#8699 = CARTESIAN_POINT('',(32.134314575051,40.134314575051,0.));
#8700 = DIRECTION('',(0.,0.,1.));
#8701 = DIRECTION('',(1.,0.,0.));
#8702 = ADVANCED_FACE('',(#8703),#8719,.F.);
#8703 = FACE_BOUND('',#8704,.F.);
#8704 = EDGE_LOOP('',(#8705,#8706,#8712,#8713));
#8705 = ORIENTED_EDGE('',*,*,#5013,.F.);
#8706 = ORIENTED_EDGE('',*,*,#8707,.T.);
#8707 = EDGE_CURVE('',#5014,#6431,#8708,.T.);
#8708 = LINE('',#8709,#8710);
#8709 = CARTESIAN_POINT('',(49.7,38.068629150102,0.));
#8710 = VECTOR('',#8711,1.);
#8711 = DIRECTION('',(-0.,-0.,-1.));
#8712 = ORIENTED_EDGE('',*,*,#6430,.T.);
#8713 = ORIENTED_EDGE('',*,*,#8714,.F.);
#8714 = EDGE_CURVE('',#5016,#6433,#8715,.T.);
#8715 = LINE('',#8716,#8717);
#8716 = CARTESIAN_POINT('',(48.568629150102,39.2,0.));
#8717 = VECTOR('',#8718,1.);
#8718 = DIRECTION('',(-0.,-0.,-1.));
#8719 = CYLINDRICAL_SURFACE('',#8720,0.8);
#8720 = AXIS2_PLACEMENT_3D('',#8721,#8722,#8723);
#8721 = CARTESIAN_POINT('',(49.134314575051,38.634314575051,0.));
#8722 = DIRECTION('',(0.,0.,1.));
#8723 = DIRECTION('',(1.,0.,0.));
#8724 = ADVANCED_FACE('',(#8725),#8736,.T.);
#8725 = FACE_BOUND('',#8726,.T.);
#8726 = EDGE_LOOP('',(#8727,#8728,#8734,#8735));
#8727 = ORIENTED_EDGE('',*,*,#5075,.F.);
#8728 = ORIENTED_EDGE('',*,*,#8729,.T.);
#8729 = EDGE_CURVE('',#5067,#6484,#8730,.T.);
#8730 = LINE('',#8731,#8732);
#8731 = CARTESIAN_POINT('',(44.431370849898,39.2,0.));
#8732 = VECTOR('',#8733,1.);
#8733 = DIRECTION('',(-0.,-0.,-1.));
#8734 = ORIENTED_EDGE('',*,*,#6492,.T.);
#8735 = ORIENTED_EDGE('',*,*,#8714,.F.);
#8736 = PLANE('',#8737);
#8737 = AXIS2_PLACEMENT_3D('',#8738,#8739,#8740);
#8738 = CARTESIAN_POINT('',(44.431370849898,39.2,0.));
#8739 = DIRECTION('',(0.,-1.,0.));
#8740 = DIRECTION('',(1.,0.,0.));
#8741 = ADVANCED_FACE('',(#8742),#8753,.F.);
#8742 = FACE_BOUND('',#8743,.F.);
#8743 = EDGE_LOOP('',(#8744,#8745,#8746,#8747));
#8744 = ORIENTED_EDGE('',*,*,#5066,.F.);
#8745 = ORIENTED_EDGE('',*,*,#8729,.T.);
#8746 = ORIENTED_EDGE('',*,*,#6483,.T.);
#8747 = ORIENTED_EDGE('',*,*,#8748,.F.);
#8748 = EDGE_CURVE('',#5059,#6476,#8749,.T.);
#8749 = LINE('',#8750,#8751);
#8750 = CARTESIAN_POINT('',(43.3,38.068629150102,0.));
#8751 = VECTOR('',#8752,1.);
#8752 = DIRECTION('',(-0.,-0.,-1.));
#8753 = CYLINDRICAL_SURFACE('',#8754,0.8);
#8754 = AXIS2_PLACEMENT_3D('',#8755,#8756,#8757);
#8755 = CARTESIAN_POINT('',(43.865685424949,38.634314575051,0.));
#8756 = DIRECTION('',(0.,0.,1.));
#8757 = DIRECTION('',(1.,0.,0.));
#8758 = ADVANCED_FACE('',(#8759),#8770,.F.);
#8759 = FACE_BOUND('',#8760,.F.);
#8760 = EDGE_LOOP('',(#8761,#8762,#8763,#8764));
#8761 = ORIENTED_EDGE('',*,*,#5058,.F.);
#8762 = ORIENTED_EDGE('',*,*,#8748,.T.);
#8763 = ORIENTED_EDGE('',*,*,#6475,.T.);
#8764 = ORIENTED_EDGE('',*,*,#8765,.F.);
#8765 = EDGE_CURVE('',#5050,#6467,#8766,.T.);
#8766 = LINE('',#8767,#8768);
#8767 = CARTESIAN_POINT('',(43.3,36.931370849898,0.));
#8768 = VECTOR('',#8769,1.);
#8769 = DIRECTION('',(-0.,-0.,-1.));
#8770 = PLANE('',#8771);
#8771 = AXIS2_PLACEMENT_3D('',#8772,#8773,#8774);
#8772 = CARTESIAN_POINT('',(43.3,38.068629150102,0.));
#8773 = DIRECTION('',(-1.,4.69E-15,0.));
#8774 = DIRECTION('',(-4.69E-15,-1.,0.));
#8775 = ADVANCED_FACE('',(#8776),#8787,.F.);
#8776 = FACE_BOUND('',#8777,.F.);
#8777 = EDGE_LOOP('',(#8778,#8779,#8780,#8781));
#8778 = ORIENTED_EDGE('',*,*,#5049,.F.);
#8779 = ORIENTED_EDGE('',*,*,#8765,.T.);
#8780 = ORIENTED_EDGE('',*,*,#6466,.T.);
#8781 = ORIENTED_EDGE('',*,*,#8782,.F.);
#8782 = EDGE_CURVE('',#5042,#6459,#8783,.T.);
#8783 = LINE('',#8784,#8785);
#8784 = CARTESIAN_POINT('',(44.431370849898,35.8,0.));
#8785 = VECTOR('',#8786,1.);
#8786 = DIRECTION('',(-0.,-0.,-1.));
#8787 = CYLINDRICAL_SURFACE('',#8788,0.8);
#8788 = AXIS2_PLACEMENT_3D('',#8789,#8790,#8791);
#8789 = CARTESIAN_POINT('',(43.865685424949,36.365685424949,0.));
#8790 = DIRECTION('',(0.,0.,1.));
#8791 = DIRECTION('',(1.,0.,0.));
#8792 = ADVANCED_FACE('',(#8793),#8804,.F.);
#8793 = FACE_BOUND('',#8794,.F.);
#8794 = EDGE_LOOP('',(#8795,#8796,#8797,#8798));
#8795 = ORIENTED_EDGE('',*,*,#5041,.F.);
#8796 = ORIENTED_EDGE('',*,*,#8782,.T.);
#8797 = ORIENTED_EDGE('',*,*,#6458,.T.);
#8798 = ORIENTED_EDGE('',*,*,#8799,.F.);
#8799 = EDGE_CURVE('',#5033,#6450,#8800,.T.);
#8800 = LINE('',#8801,#8802);
#8801 = CARTESIAN_POINT('',(48.568629150102,35.8,0.));
#8802 = VECTOR('',#8803,1.);
#8803 = DIRECTION('',(-0.,-0.,-1.));
#8804 = PLANE('',#8805);
#8805 = AXIS2_PLACEMENT_3D('',#8806,#8807,#8808);
#8806 = CARTESIAN_POINT('',(44.431370849898,35.8,0.));
#8807 = DIRECTION('',(-4.3E-16,-1.,0.));
#8808 = DIRECTION('',(1.,-4.3E-16,0.));
#8809 = ADVANCED_FACE('',(#8810),#8821,.F.);
#8810 = FACE_BOUND('',#8811,.F.);
#8811 = EDGE_LOOP('',(#8812,#8813,#8814,#8815));
#8812 = ORIENTED_EDGE('',*,*,#5032,.F.);
#8813 = ORIENTED_EDGE('',*,*,#8799,.T.);
#8814 = ORIENTED_EDGE('',*,*,#6449,.T.);
#8815 = ORIENTED_EDGE('',*,*,#8816,.F.);
#8816 = EDGE_CURVE('',#5025,#6442,#8817,.T.);
#8817 = LINE('',#8818,#8819);
#8818 = CARTESIAN_POINT('',(49.7,36.931370849898,0.));
#8819 = VECTOR('',#8820,1.);
#8820 = DIRECTION('',(-0.,-0.,-1.));
#8821 = CYLINDRICAL_SURFACE('',#8822,0.8);
#8822 = AXIS2_PLACEMENT_3D('',#8823,#8824,#8825);
#8823 = CARTESIAN_POINT('',(49.134314575051,36.365685424949,0.));
#8824 = DIRECTION('',(0.,0.,1.));
#8825 = DIRECTION('',(1.,0.,0.));
#8826 = ADVANCED_FACE('',(#8827),#8833,.T.);
#8827 = FACE_BOUND('',#8828,.T.);
#8828 = EDGE_LOOP('',(#8829,#8830,#8831,#8832));
#8829 = ORIENTED_EDGE('',*,*,#5024,.F.);
#8830 = ORIENTED_EDGE('',*,*,#8707,.T.);
#8831 = ORIENTED_EDGE('',*,*,#6441,.T.);
#8832 = ORIENTED_EDGE('',*,*,#8816,.F.);
#8833 = PLANE('',#8834);
#8834 = AXIS2_PLACEMENT_3D('',#8835,#8836,#8837);
#8835 = CARTESIAN_POINT('',(49.7,38.068629150102,0.));
#8836 = DIRECTION('',(-1.,6.25E-15,0.));
#8837 = DIRECTION('',(-6.25E-15,-1.,0.));
#8838 = ADVANCED_FACE('',(#8839),#8855,.F.);
#8839 = FACE_BOUND('',#8840,.F.);
#8840 = EDGE_LOOP('',(#8841,#8842,#8848,#8849));
#8841 = ORIENTED_EDGE('',*,*,#5083,.F.);
#8842 = ORIENTED_EDGE('',*,*,#8843,.T.);
#8843 = EDGE_CURVE('',#5084,#6501,#8844,.T.);
#8844 = LINE('',#8845,#8846);
#8845 = CARTESIAN_POINT('',(18.7,63.068629150102,0.));
#8846 = VECTOR('',#8847,1.);
#8847 = DIRECTION('',(-0.,-0.,-1.));
#8848 = ORIENTED_EDGE('',*,*,#6500,.T.);
#8849 = ORIENTED_EDGE('',*,*,#8850,.F.);
#8850 = EDGE_CURVE('',#5086,#6503,#8851,.T.);
#8851 = LINE('',#8852,#8853);
#8852 = CARTESIAN_POINT('',(17.568629150102,64.2,0.));
#8853 = VECTOR('',#8854,1.);
#8854 = DIRECTION('',(-0.,-0.,-1.));
#8855 = CYLINDRICAL_SURFACE('',#8856,0.8);
#8856 = AXIS2_PLACEMENT_3D('',#8857,#8858,#8859);
#8857 = CARTESIAN_POINT('',(18.134314575051,63.634314575051,0.));
#8858 = DIRECTION('',(0.,0.,1.));
#8859 = DIRECTION('',(1.,0.,0.));
#8860 = ADVANCED_FACE('',(#8861),#8872,.T.);
#8861 = FACE_BOUND('',#8862,.T.);
#8862 = EDGE_LOOP('',(#8863,#8864,#8870,#8871));
#8863 = ORIENTED_EDGE('',*,*,#5145,.F.);
#8864 = ORIENTED_EDGE('',*,*,#8865,.T.);
#8865 = EDGE_CURVE('',#5137,#6554,#8866,.T.);
#8866 = LINE('',#8867,#8868);
#8867 = CARTESIAN_POINT('',(13.431370849898,64.2,0.));
#8868 = VECTOR('',#8869,1.);
#8869 = DIRECTION('',(-0.,-0.,-1.));
#8870 = ORIENTED_EDGE('',*,*,#6562,.T.);
#8871 = ORIENTED_EDGE('',*,*,#8850,.F.);
#8872 = PLANE('',#8873);
#8873 = AXIS2_PLACEMENT_3D('',#8874,#8875,#8876);
#8874 = CARTESIAN_POINT('',(13.431370849898,64.2,0.));
#8875 = DIRECTION('',(0.,-1.,0.));
#8876 = DIRECTION('',(1.,0.,0.));
#8877 = ADVANCED_FACE('',(#8878),#8889,.F.);
#8878 = FACE_BOUND('',#8879,.F.);
#8879 = EDGE_LOOP('',(#8880,#8881,#8882,#8883));
#8880 = ORIENTED_EDGE('',*,*,#5136,.F.);
#8881 = ORIENTED_EDGE('',*,*,#8865,.T.);
#8882 = ORIENTED_EDGE('',*,*,#6553,.T.);
#8883 = ORIENTED_EDGE('',*,*,#8884,.F.);
#8884 = EDGE_CURVE('',#5129,#6546,#8885,.T.);
#8885 = LINE('',#8886,#8887);
#8886 = CARTESIAN_POINT('',(12.3,63.068629150102,0.));
#8887 = VECTOR('',#8888,1.);
#8888 = DIRECTION('',(-0.,-0.,-1.));
#8889 = CYLINDRICAL_SURFACE('',#8890,0.8);
#8890 = AXIS2_PLACEMENT_3D('',#8891,#8892,#8893);
#8891 = CARTESIAN_POINT('',(12.865685424949,63.634314575051,0.));
#8892 = DIRECTION('',(0.,0.,1.));
#8893 = DIRECTION('',(1.,0.,0.));
#8894 = ADVANCED_FACE('',(#8895),#8906,.F.);
#8895 = FACE_BOUND('',#8896,.F.);
#8896 = EDGE_LOOP('',(#8897,#8898,#8899,#8900));
#8897 = ORIENTED_EDGE('',*,*,#5128,.F.);
#8898 = ORIENTED_EDGE('',*,*,#8884,.T.);
#8899 = ORIENTED_EDGE('',*,*,#6545,.T.);
#8900 = ORIENTED_EDGE('',*,*,#8901,.F.);
#8901 = EDGE_CURVE('',#5120,#6537,#8902,.T.);
#8902 = LINE('',#8903,#8904);
#8903 = CARTESIAN_POINT('',(12.3,61.931370849898,0.));
#8904 = VECTOR('',#8905,1.);
#8905 = DIRECTION('',(-0.,-0.,-1.));
#8906 = PLANE('',#8907);
#8907 = AXIS2_PLACEMENT_3D('',#8908,#8909,#8910);
#8908 = CARTESIAN_POINT('',(12.3,63.068629150102,0.));
#8909 = DIRECTION('',(-1.,4.69E-15,0.));
#8910 = DIRECTION('',(-4.69E-15,-1.,0.));
#8911 = ADVANCED_FACE('',(#8912),#8923,.F.);
#8912 = FACE_BOUND('',#8913,.F.);
#8913 = EDGE_LOOP('',(#8914,#8915,#8916,#8917));
#8914 = ORIENTED_EDGE('',*,*,#5119,.F.);
#8915 = ORIENTED_EDGE('',*,*,#8901,.T.);
#8916 = ORIENTED_EDGE('',*,*,#6536,.T.);
#8917 = ORIENTED_EDGE('',*,*,#8918,.F.);
#8918 = EDGE_CURVE('',#5112,#6529,#8919,.T.);
#8919 = LINE('',#8920,#8921);
#8920 = CARTESIAN_POINT('',(13.431370849898,60.8,0.));
#8921 = VECTOR('',#8922,1.);
#8922 = DIRECTION('',(-0.,-0.,-1.));
#8923 = CYLINDRICAL_SURFACE('',#8924,0.8);
#8924 = AXIS2_PLACEMENT_3D('',#8925,#8926,#8927);
#8925 = CARTESIAN_POINT('',(12.865685424949,61.365685424949,0.));
#8926 = DIRECTION('',(0.,0.,1.));
#8927 = DIRECTION('',(1.,0.,0.));
#8928 = ADVANCED_FACE('',(#8929),#8940,.F.);
#8929 = FACE_BOUND('',#8930,.F.);
#8930 = EDGE_LOOP('',(#8931,#8932,#8933,#8934));
#8931 = ORIENTED_EDGE('',*,*,#5111,.F.);
#8932 = ORIENTED_EDGE('',*,*,#8918,.T.);
#8933 = ORIENTED_EDGE('',*,*,#6528,.T.);
#8934 = ORIENTED_EDGE('',*,*,#8935,.F.);
#8935 = EDGE_CURVE('',#5103,#6520,#8936,.T.);
#8936 = LINE('',#8937,#8938);
#8937 = CARTESIAN_POINT('',(17.568629150102,60.8,0.));
#8938 = VECTOR('',#8939,1.);
#8939 = DIRECTION('',(-0.,-0.,-1.));
#8940 = PLANE('',#8941);
#8941 = AXIS2_PLACEMENT_3D('',#8942,#8943,#8944);
#8942 = CARTESIAN_POINT('',(13.431370849898,60.8,0.));
#8943 = DIRECTION('',(-4.3E-16,-1.,0.));
#8944 = DIRECTION('',(1.,-4.3E-16,0.));
#8945 = ADVANCED_FACE('',(#8946),#8957,.F.);
#8946 = FACE_BOUND('',#8947,.F.);
#8947 = EDGE_LOOP('',(#8948,#8949,#8950,#8951));
#8948 = ORIENTED_EDGE('',*,*,#5102,.F.);
#8949 = ORIENTED_EDGE('',*,*,#8935,.T.);
#8950 = ORIENTED_EDGE('',*,*,#6519,.T.);
#8951 = ORIENTED_EDGE('',*,*,#8952,.F.);
#8952 = EDGE_CURVE('',#5095,#6512,#8953,.T.);
#8953 = LINE('',#8954,#8955);
#8954 = CARTESIAN_POINT('',(18.7,61.931370849898,0.));
#8955 = VECTOR('',#8956,1.);
#8956 = DIRECTION('',(-0.,-0.,-1.));
#8957 = CYLINDRICAL_SURFACE('',#8958,0.8);
#8958 = AXIS2_PLACEMENT_3D('',#8959,#8960,#8961);
#8959 = CARTESIAN_POINT('',(18.134314575051,61.365685424949,0.));
#8960 = DIRECTION('',(0.,0.,1.));
#8961 = DIRECTION('',(1.,0.,0.));
#8962 = ADVANCED_FACE('',(#8963),#8969,.T.);
#8963 = FACE_BOUND('',#8964,.T.);
#8964 = EDGE_LOOP('',(#8965,#8966,#8967,#8968));
#8965 = ORIENTED_EDGE('',*,*,#5094,.F.);
#8966 = ORIENTED_EDGE('',*,*,#8843,.T.);
#8967 = ORIENTED_EDGE('',*,*,#6511,.T.);
#8968 = ORIENTED_EDGE('',*,*,#8952,.F.);
#8969 = PLANE('',#8970);
#8970 = AXIS2_PLACEMENT_3D('',#8971,#8972,#8973);
#8971 = CARTESIAN_POINT('',(18.7,63.068629150102,0.));
#8972 = DIRECTION('',(-1.,6.25E-15,0.));
#8973 = DIRECTION('',(-6.25E-15,-1.,0.));
#8974 = ADVANCED_FACE('',(#8975),#8991,.F.);
#8975 = FACE_BOUND('',#8976,.F.);
#8976 = EDGE_LOOP('',(#8977,#8978,#8984,#8985));
#8977 = ORIENTED_EDGE('',*,*,#5153,.F.);
#8978 = ORIENTED_EDGE('',*,*,#8979,.T.);
#8979 = EDGE_CURVE('',#5154,#6571,#8980,.T.);
#8980 = LINE('',#8981,#8982);
#8981 = CARTESIAN_POINT('',(49.7,63.068629150102,0.));
#8982 = VECTOR('',#8983,1.);
#8983 = DIRECTION('',(-0.,-0.,-1.));
#8984 = ORIENTED_EDGE('',*,*,#6570,.T.);
#8985 = ORIENTED_EDGE('',*,*,#8986,.F.);
#8986 = EDGE_CURVE('',#5156,#6573,#8987,.T.);
#8987 = LINE('',#8988,#8989);
#8988 = CARTESIAN_POINT('',(48.568629150102,64.2,0.));
#8989 = VECTOR('',#8990,1.);
#8990 = DIRECTION('',(-0.,-0.,-1.));
#8991 = CYLINDRICAL_SURFACE('',#8992,0.8);
#8992 = AXIS2_PLACEMENT_3D('',#8993,#8994,#8995);
#8993 = CARTESIAN_POINT('',(49.134314575051,63.634314575051,0.));
#8994 = DIRECTION('',(0.,0.,1.));
#8995 = DIRECTION('',(1.,0.,0.));
#8996 = ADVANCED_FACE('',(#8997),#9008,.T.);
#8997 = FACE_BOUND('',#8998,.T.);
#8998 = EDGE_LOOP('',(#8999,#9000,#9006,#9007));
#8999 = ORIENTED_EDGE('',*,*,#5215,.F.);
#9000 = ORIENTED_EDGE('',*,*,#9001,.T.);
#9001 = EDGE_CURVE('',#5207,#6624,#9002,.T.);
#9002 = LINE('',#9003,#9004);
#9003 = CARTESIAN_POINT('',(44.431370849898,64.2,0.));
#9004 = VECTOR('',#9005,1.);
#9005 = DIRECTION('',(-0.,-0.,-1.));
#9006 = ORIENTED_EDGE('',*,*,#6632,.T.);
#9007 = ORIENTED_EDGE('',*,*,#8986,.F.);
#9008 = PLANE('',#9009);
#9009 = AXIS2_PLACEMENT_3D('',#9010,#9011,#9012);
#9010 = CARTESIAN_POINT('',(44.431370849898,64.2,0.));
#9011 = DIRECTION('',(0.,-1.,0.));
#9012 = DIRECTION('',(1.,0.,0.));
#9013 = ADVANCED_FACE('',(#9014),#9025,.F.);
#9014 = FACE_BOUND('',#9015,.F.);
#9015 = EDGE_LOOP('',(#9016,#9017,#9018,#9019));
#9016 = ORIENTED_EDGE('',*,*,#5206,.F.);
#9017 = ORIENTED_EDGE('',*,*,#9001,.T.);
#9018 = ORIENTED_EDGE('',*,*,#6623,.T.);
#9019 = ORIENTED_EDGE('',*,*,#9020,.F.);
#9020 = EDGE_CURVE('',#5199,#6616,#9021,.T.);
#9021 = LINE('',#9022,#9023);
#9022 = CARTESIAN_POINT('',(43.3,63.068629150102,0.));
#9023 = VECTOR('',#9024,1.);
#9024 = DIRECTION('',(-0.,-0.,-1.));
#9025 = CYLINDRICAL_SURFACE('',#9026,0.8);
#9026 = AXIS2_PLACEMENT_3D('',#9027,#9028,#9029);
#9027 = CARTESIAN_POINT('',(43.865685424949,63.634314575051,0.));
#9028 = DIRECTION('',(0.,0.,1.));
#9029 = DIRECTION('',(1.,0.,0.));
#9030 = ADVANCED_FACE('',(#9031),#9042,.F.);
#9031 = FACE_BOUND('',#9032,.F.);
#9032 = EDGE_LOOP('',(#9033,#9034,#9035,#9036));
#9033 = ORIENTED_EDGE('',*,*,#5198,.F.);
#9034 = ORIENTED_EDGE('',*,*,#9020,.T.);
#9035 = ORIENTED_EDGE('',*,*,#6615,.T.);
#9036 = ORIENTED_EDGE('',*,*,#9037,.F.);
#9037 = EDGE_CURVE('',#5190,#6607,#9038,.T.);
#9038 = LINE('',#9039,#9040);
#9039 = CARTESIAN_POINT('',(43.3,61.931370849898,0.));
#9040 = VECTOR('',#9041,1.);
#9041 = DIRECTION('',(-0.,-0.,-1.));
#9042 = PLANE('',#9043);
#9043 = AXIS2_PLACEMENT_3D('',#9044,#9045,#9046);
#9044 = CARTESIAN_POINT('',(43.3,63.068629150102,0.));
#9045 = DIRECTION('',(-1.,4.69E-15,0.));
#9046 = DIRECTION('',(-4.69E-15,-1.,0.));
#9047 = ADVANCED_FACE('',(#9048),#9059,.F.);
#9048 = FACE_BOUND('',#9049,.F.);
#9049 = EDGE_LOOP('',(#9050,#9051,#9052,#9053));
#9050 = ORIENTED_EDGE('',*,*,#5189,.F.);
#9051 = ORIENTED_EDGE('',*,*,#9037,.T.);
#9052 = ORIENTED_EDGE('',*,*,#6606,.T.);
#9053 = ORIENTED_EDGE('',*,*,#9054,.F.);
#9054 = EDGE_CURVE('',#5182,#6599,#9055,.T.);
#9055 = LINE('',#9056,#9057);
#9056 = CARTESIAN_POINT('',(44.431370849898,60.8,0.));
#9057 = VECTOR('',#9058,1.);
#9058 = DIRECTION('',(-0.,-0.,-1.));
#9059 = CYLINDRICAL_SURFACE('',#9060,0.8);
#9060 = AXIS2_PLACEMENT_3D('',#9061,#9062,#9063);
#9061 = CARTESIAN_POINT('',(43.865685424949,61.365685424949,0.));
#9062 = DIRECTION('',(0.,0.,1.));
#9063 = DIRECTION('',(1.,0.,0.));
#9064 = ADVANCED_FACE('',(#9065),#9076,.F.);
#9065 = FACE_BOUND('',#9066,.F.);
#9066 = EDGE_LOOP('',(#9067,#9068,#9069,#9070));
#9067 = ORIENTED_EDGE('',*,*,#5181,.F.);
#9068 = ORIENTED_EDGE('',*,*,#9054,.T.);
#9069 = ORIENTED_EDGE('',*,*,#6598,.T.);
#9070 = ORIENTED_EDGE('',*,*,#9071,.F.);
#9071 = EDGE_CURVE('',#5173,#6590,#9072,.T.);
#9072 = LINE('',#9073,#9074);
#9073 = CARTESIAN_POINT('',(48.568629150102,60.8,0.));
#9074 = VECTOR('',#9075,1.);
#9075 = DIRECTION('',(-0.,-0.,-1.));
#9076 = PLANE('',#9077);
#9077 = AXIS2_PLACEMENT_3D('',#9078,#9079,#9080);
#9078 = CARTESIAN_POINT('',(44.431370849898,60.8,0.));
#9079 = DIRECTION('',(-4.3E-16,-1.,0.));
#9080 = DIRECTION('',(1.,-4.3E-16,0.));
#9081 = ADVANCED_FACE('',(#9082),#9093,.F.);
#9082 = FACE_BOUND('',#9083,.F.);
#9083 = EDGE_LOOP('',(#9084,#9085,#9086,#9087));
#9084 = ORIENTED_EDGE('',*,*,#5172,.F.);
#9085 = ORIENTED_EDGE('',*,*,#9071,.T.);
#9086 = ORIENTED_EDGE('',*,*,#6589,.T.);
#9087 = ORIENTED_EDGE('',*,*,#9088,.F.);
#9088 = EDGE_CURVE('',#5165,#6582,#9089,.T.);
#9089 = LINE('',#9090,#9091);
#9090 = CARTESIAN_POINT('',(49.7,61.931370849898,0.));
#9091 = VECTOR('',#9092,1.);
#9092 = DIRECTION('',(-0.,-0.,-1.));
#9093 = CYLINDRICAL_SURFACE('',#9094,0.8);
#9094 = AXIS2_PLACEMENT_3D('',#9095,#9096,#9097);
#9095 = CARTESIAN_POINT('',(49.134314575051,61.365685424949,0.));
#9096 = DIRECTION('',(0.,0.,1.));
#9097 = DIRECTION('',(1.,0.,0.));
#9098 = ADVANCED_FACE('',(#9099),#9105,.T.);
#9099 = FACE_BOUND('',#9100,.T.);
#9100 = EDGE_LOOP('',(#9101,#9102,#9103,#9104));
#9101 = ORIENTED_EDGE('',*,*,#5164,.F.);
#9102 = ORIENTED_EDGE('',*,*,#8979,.T.);
#9103 = ORIENTED_EDGE('',*,*,#6581,.T.);
#9104 = ORIENTED_EDGE('',*,*,#9088,.F.);
#9105 = PLANE('',#9106);
#9106 = AXIS2_PLACEMENT_3D('',#9107,#9108,#9109);
#9107 = CARTESIAN_POINT('',(49.7,63.068629150102,0.));
#9108 = DIRECTION('',(-1.,6.25E-15,0.));
#9109 = DIRECTION('',(-6.25E-15,-1.,0.));
#9110 = ADVANCED_FACE('',(#9111),#9127,.F.);
#9111 = FACE_BOUND('',#9112,.F.);
#9112 = EDGE_LOOP('',(#9113,#9114,#9120,#9121));
#9113 = ORIENTED_EDGE('',*,*,#5223,.F.);
#9114 = ORIENTED_EDGE('',*,*,#9115,.T.);
#9115 = EDGE_CURVE('',#5224,#6641,#9116,.T.);
#9116 = LINE('',#9117,#9118);
#9117 = CARTESIAN_POINT('',(60.3,35.431370849898,0.));
#9118 = VECTOR('',#9119,1.);
#9119 = DIRECTION('',(-0.,-0.,-1.));
#9120 = ORIENTED_EDGE('',*,*,#6640,.T.);
#9121 = ORIENTED_EDGE('',*,*,#9122,.F.);
#9122 = EDGE_CURVE('',#5226,#6643,#9123,.T.);
#9123 = LINE('',#9124,#9125);
#9124 = CARTESIAN_POINT('',(61.431370849898,34.3,0.));
#9125 = VECTOR('',#9126,1.);
#9126 = DIRECTION('',(-0.,-0.,-1.));
#9127 = CYLINDRICAL_SURFACE('',#9128,0.8);
#9128 = AXIS2_PLACEMENT_3D('',#9129,#9130,#9131);
#9129 = CARTESIAN_POINT('',(60.865685424949,34.865685424949,0.));
#9130 = DIRECTION('',(0.,0.,1.));
#9131 = DIRECTION('',(1.,0.,0.));
#9132 = ADVANCED_FACE('',(#9133),#9144,.T.);
#9133 = FACE_BOUND('',#9134,.T.);
#9134 = EDGE_LOOP('',(#9135,#9136,#9137,#9138));
#9135 = ORIENTED_EDGE('',*,*,#5234,.F.);
#9136 = ORIENTED_EDGE('',*,*,#9115,.T.);
#9137 = ORIENTED_EDGE('',*,*,#6651,.T.);
#9138 = ORIENTED_EDGE('',*,*,#9139,.F.);
#9139 = EDGE_CURVE('',#5235,#6652,#9140,.T.);
#9140 = LINE('',#9141,#9142);
#9141 = CARTESIAN_POINT('',(60.3,39.568629150102,0.));
#9142 = VECTOR('',#9143,1.);
#9143 = DIRECTION('',(-0.,-0.,-1.));
#9144 = PLANE('',#9145);
#9145 = AXIS2_PLACEMENT_3D('',#9146,#9147,#9148);
#9146 = CARTESIAN_POINT('',(60.3,35.431370849898,0.));
#9147 = DIRECTION('',(1.,-5.E-17,0.));
#9148 = DIRECTION('',(5.E-17,1.,0.));
#9149 = ADVANCED_FACE('',(#9150),#9161,.F.);
#9150 = FACE_BOUND('',#9151,.F.);
#9151 = EDGE_LOOP('',(#9152,#9153,#9154,#9155));
#9152 = ORIENTED_EDGE('',*,*,#5285,.F.);
#9153 = ORIENTED_EDGE('',*,*,#9122,.T.);
#9154 = ORIENTED_EDGE('',*,*,#6702,.T.);
#9155 = ORIENTED_EDGE('',*,*,#9156,.F.);
#9156 = EDGE_CURVE('',#5277,#6694,#9157,.T.);
#9157 = LINE('',#9158,#9159);
#9158 = CARTESIAN_POINT('',(62.568629150102,34.3,0.));
#9159 = VECTOR('',#9160,1.);
#9160 = DIRECTION('',(-0.,-0.,-1.));
#9161 = PLANE('',#9162);
#9162 = AXIS2_PLACEMENT_3D('',#9163,#9164,#9165);
#9163 = CARTESIAN_POINT('',(61.431370849898,34.3,0.));
#9164 = DIRECTION('',(1.56E-15,-1.,0.));
#9165 = DIRECTION('',(1.,1.56E-15,0.));
#9166 = ADVANCED_FACE('',(#9167),#9178,.F.);
#9167 = FACE_BOUND('',#9168,.F.);
#9168 = EDGE_LOOP('',(#9169,#9170,#9176,#9177));
#9169 = ORIENTED_EDGE('',*,*,#5242,.F.);
#9170 = ORIENTED_EDGE('',*,*,#9171,.T.);
#9171 = EDGE_CURVE('',#5243,#6660,#9172,.T.);
#9172 = LINE('',#9173,#9174);
#9173 = CARTESIAN_POINT('',(61.431370849898,40.7,0.));
#9174 = VECTOR('',#9175,1.);
#9175 = DIRECTION('',(-0.,-0.,-1.));
#9176 = ORIENTED_EDGE('',*,*,#6659,.T.);
#9177 = ORIENTED_EDGE('',*,*,#9139,.F.);
#9178 = CYLINDRICAL_SURFACE('',#9179,0.8);
#9179 = AXIS2_PLACEMENT_3D('',#9180,#9181,#9182);
#9180 = CARTESIAN_POINT('',(60.865685424949,40.134314575051,0.));
#9181 = DIRECTION('',(0.,0.,1.));
#9182 = DIRECTION('',(1.,0.,0.));
#9183 = ADVANCED_FACE('',(#9184),#9195,.F.);
#9184 = FACE_BOUND('',#9185,.F.);
#9185 = EDGE_LOOP('',(#9186,#9187,#9188,#9189));
#9186 = ORIENTED_EDGE('',*,*,#5276,.F.);
#9187 = ORIENTED_EDGE('',*,*,#9156,.T.);
#9188 = ORIENTED_EDGE('',*,*,#6693,.T.);
#9189 = ORIENTED_EDGE('',*,*,#9190,.F.);
#9190 = EDGE_CURVE('',#5269,#6686,#9191,.T.);
#9191 = LINE('',#9192,#9193);
#9192 = CARTESIAN_POINT('',(63.7,35.431370849898,0.));
#9193 = VECTOR('',#9194,1.);
#9194 = DIRECTION('',(-0.,-0.,-1.));
#9195 = CYLINDRICAL_SURFACE('',#9196,0.8);
#9196 = AXIS2_PLACEMENT_3D('',#9197,#9198,#9199);
#9197 = CARTESIAN_POINT('',(63.134314575051,34.865685424949,0.));
#9198 = DIRECTION('',(0.,0.,1.));
#9199 = DIRECTION('',(1.,0.,0.));
#9200 = ADVANCED_FACE('',(#9201),#9212,.T.);
#9201 = FACE_BOUND('',#9202,.T.);
#9202 = EDGE_LOOP('',(#9203,#9204,#9205,#9206));
#9203 = ORIENTED_EDGE('',*,*,#5251,.F.);
#9204 = ORIENTED_EDGE('',*,*,#9171,.T.);
#9205 = ORIENTED_EDGE('',*,*,#6668,.T.);
#9206 = ORIENTED_EDGE('',*,*,#9207,.F.);
#9207 = EDGE_CURVE('',#5252,#6669,#9208,.T.);
#9208 = LINE('',#9209,#9210);
#9209 = CARTESIAN_POINT('',(62.568629150102,40.7,0.));
#9210 = VECTOR('',#9211,1.);
#9211 = DIRECTION('',(-0.,-0.,-1.));
#9212 = PLANE('',#9213);
#9213 = AXIS2_PLACEMENT_3D('',#9214,#9215,#9216);
#9214 = CARTESIAN_POINT('',(61.431370849898,40.7,0.));
#9215 = DIRECTION('',(-1.56E-15,-1.,0.));
#9216 = DIRECTION('',(1.,-1.56E-15,0.));
#9217 = ADVANCED_FACE('',(#9218),#9229,.F.);
#9218 = FACE_BOUND('',#9219,.F.);
#9219 = EDGE_LOOP('',(#9220,#9221,#9222,#9223));
#9220 = ORIENTED_EDGE('',*,*,#5268,.F.);
#9221 = ORIENTED_EDGE('',*,*,#9190,.T.);
#9222 = ORIENTED_EDGE('',*,*,#6685,.T.);
#9223 = ORIENTED_EDGE('',*,*,#9224,.F.);
#9224 = EDGE_CURVE('',#5260,#6677,#9225,.T.);
#9225 = LINE('',#9226,#9227);
#9226 = CARTESIAN_POINT('',(63.7,39.568629150102,0.));
#9227 = VECTOR('',#9228,1.);
#9228 = DIRECTION('',(-0.,-0.,-1.));
#9229 = PLANE('',#9230);
#9230 = AXIS2_PLACEMENT_3D('',#9231,#9232,#9233);
#9231 = CARTESIAN_POINT('',(63.7,35.431370849898,0.));
#9232 = DIRECTION('',(1.,0.,0.));
#9233 = DIRECTION('',(0.,1.,0.));
#9234 = ADVANCED_FACE('',(#9235),#9241,.F.);
#9235 = FACE_BOUND('',#9236,.F.);
#9236 = EDGE_LOOP('',(#9237,#9238,#9239,#9240));
#9237 = ORIENTED_EDGE('',*,*,#5259,.F.);
#9238 = ORIENTED_EDGE('',*,*,#9224,.T.);
#9239 = ORIENTED_EDGE('',*,*,#6676,.T.);
#9240 = ORIENTED_EDGE('',*,*,#9207,.F.);
#9241 = CYLINDRICAL_SURFACE('',#9242,0.8);
#9242 = AXIS2_PLACEMENT_3D('',#9243,#9244,#9245);
#9243 = CARTESIAN_POINT('',(63.134314575051,40.134314575051,0.));
#9244 = DIRECTION('',(0.,0.,1.));
#9245 = DIRECTION('',(1.,0.,0.));
#9246 = ADVANCED_FACE('',(#9247),#9263,.F.);
#9247 = FACE_BOUND('',#9248,.F.);
#9248 = EDGE_LOOP('',(#9249,#9250,#9256,#9257));
#9249 = ORIENTED_EDGE('',*,*,#5293,.F.);
#9250 = ORIENTED_EDGE('',*,*,#9251,.T.);
#9251 = EDGE_CURVE('',#5294,#6711,#9252,.T.);
#9252 = LINE('',#9253,#9254);
#9253 = CARTESIAN_POINT('',(80.7,38.068629150102,0.));
#9254 = VECTOR('',#9255,1.);
#9255 = DIRECTION('',(-0.,-0.,-1.));
#9256 = ORIENTED_EDGE('',*,*,#6710,.T.);
#9257 = ORIENTED_EDGE('',*,*,#9258,.F.);
#9258 = EDGE_CURVE('',#5296,#6713,#9259,.T.);
#9259 = LINE('',#9260,#9261);
#9260 = CARTESIAN_POINT('',(79.568629150102,39.2,0.));
#9261 = VECTOR('',#9262,1.);
#9262 = DIRECTION('',(-0.,-0.,-1.));
#9263 = CYLINDRICAL_SURFACE('',#9264,0.8);
#9264 = AXIS2_PLACEMENT_3D('',#9265,#9266,#9267);
#9265 = CARTESIAN_POINT('',(80.134314575051,38.634314575051,0.));
#9266 = DIRECTION('',(0.,0.,1.));
#9267 = DIRECTION('',(1.,0.,0.));
#9268 = ADVANCED_FACE('',(#9269),#9280,.T.);
#9269 = FACE_BOUND('',#9270,.T.);
#9270 = EDGE_LOOP('',(#9271,#9272,#9278,#9279));
#9271 = ORIENTED_EDGE('',*,*,#5355,.F.);
#9272 = ORIENTED_EDGE('',*,*,#9273,.T.);
#9273 = EDGE_CURVE('',#5347,#6764,#9274,.T.);
#9274 = LINE('',#9275,#9276);
#9275 = CARTESIAN_POINT('',(75.431370849898,39.2,0.));
#9276 = VECTOR('',#9277,1.);
#9277 = DIRECTION('',(-0.,-0.,-1.));
#9278 = ORIENTED_EDGE('',*,*,#6772,.T.);
#9279 = ORIENTED_EDGE('',*,*,#9258,.F.);
#9280 = PLANE('',#9281);
#9281 = AXIS2_PLACEMENT_3D('',#9282,#9283,#9284);
#9282 = CARTESIAN_POINT('',(75.431370849898,39.2,0.));
#9283 = DIRECTION('',(0.,-1.,0.));
#9284 = DIRECTION('',(1.,0.,0.));
#9285 = ADVANCED_FACE('',(#9286),#9297,.F.);
#9286 = FACE_BOUND('',#9287,.F.);
#9287 = EDGE_LOOP('',(#9288,#9289,#9290,#9291));
#9288 = ORIENTED_EDGE('',*,*,#5346,.F.);
#9289 = ORIENTED_EDGE('',*,*,#9273,.T.);
#9290 = ORIENTED_EDGE('',*,*,#6763,.T.);
#9291 = ORIENTED_EDGE('',*,*,#9292,.F.);
#9292 = EDGE_CURVE('',#5339,#6756,#9293,.T.);
#9293 = LINE('',#9294,#9295);
#9294 = CARTESIAN_POINT('',(74.3,38.068629150102,0.));
#9295 = VECTOR('',#9296,1.);
#9296 = DIRECTION('',(-0.,-0.,-1.));
#9297 = CYLINDRICAL_SURFACE('',#9298,0.8);
#9298 = AXIS2_PLACEMENT_3D('',#9299,#9300,#9301);
#9299 = CARTESIAN_POINT('',(74.865685424949,38.634314575051,0.));
#9300 = DIRECTION('',(0.,0.,1.));
#9301 = DIRECTION('',(1.,0.,0.));
#9302 = ADVANCED_FACE('',(#9303),#9314,.F.);
#9303 = FACE_BOUND('',#9304,.F.);
#9304 = EDGE_LOOP('',(#9305,#9306,#9307,#9308));
#9305 = ORIENTED_EDGE('',*,*,#5338,.F.);
#9306 = ORIENTED_EDGE('',*,*,#9292,.T.);
#9307 = ORIENTED_EDGE('',*,*,#6755,.T.);
#9308 = ORIENTED_EDGE('',*,*,#9309,.F.);
#9309 = EDGE_CURVE('',#5330,#6747,#9310,.T.);
#9310 = LINE('',#9311,#9312);
#9311 = CARTESIAN_POINT('',(74.3,36.931370849898,0.));
#9312 = VECTOR('',#9313,1.);
#9313 = DIRECTION('',(-0.,-0.,-1.));
#9314 = PLANE('',#9315);
#9315 = AXIS2_PLACEMENT_3D('',#9316,#9317,#9318);
#9316 = CARTESIAN_POINT('',(74.3,38.068629150102,0.));
#9317 = DIRECTION('',(-1.,4.69E-15,0.));
#9318 = DIRECTION('',(-4.69E-15,-1.,0.));
#9319 = ADVANCED_FACE('',(#9320),#9331,.F.);
#9320 = FACE_BOUND('',#9321,.F.);
#9321 = EDGE_LOOP('',(#9322,#9323,#9324,#9325));
#9322 = ORIENTED_EDGE('',*,*,#5329,.F.);
#9323 = ORIENTED_EDGE('',*,*,#9309,.T.);
#9324 = ORIENTED_EDGE('',*,*,#6746,.T.);
#9325 = ORIENTED_EDGE('',*,*,#9326,.F.);
#9326 = EDGE_CURVE('',#5322,#6739,#9327,.T.);
#9327 = LINE('',#9328,#9329);
#9328 = CARTESIAN_POINT('',(75.431370849898,35.8,0.));
#9329 = VECTOR('',#9330,1.);
#9330 = DIRECTION('',(-0.,-0.,-1.));
#9331 = CYLINDRICAL_SURFACE('',#9332,0.8);
#9332 = AXIS2_PLACEMENT_3D('',#9333,#9334,#9335);
#9333 = CARTESIAN_POINT('',(74.865685424949,36.365685424949,0.));
#9334 = DIRECTION('',(0.,0.,1.));
#9335 = DIRECTION('',(1.,0.,0.));
#9336 = ADVANCED_FACE('',(#9337),#9348,.F.);
#9337 = FACE_BOUND('',#9338,.F.);
#9338 = EDGE_LOOP('',(#9339,#9340,#9341,#9342));
#9339 = ORIENTED_EDGE('',*,*,#5321,.F.);
#9340 = ORIENTED_EDGE('',*,*,#9326,.T.);
#9341 = ORIENTED_EDGE('',*,*,#6738,.T.);
#9342 = ORIENTED_EDGE('',*,*,#9343,.F.);
#9343 = EDGE_CURVE('',#5313,#6730,#9344,.T.);
#9344 = LINE('',#9345,#9346);
#9345 = CARTESIAN_POINT('',(79.568629150102,35.8,0.));
#9346 = VECTOR('',#9347,1.);
#9347 = DIRECTION('',(-0.,-0.,-1.));
#9348 = PLANE('',#9349);
#9349 = AXIS2_PLACEMENT_3D('',#9350,#9351,#9352);
#9350 = CARTESIAN_POINT('',(75.431370849898,35.8,0.));
#9351 = DIRECTION('',(-4.3E-16,-1.,0.));
#9352 = DIRECTION('',(1.,-4.3E-16,0.));
#9353 = ADVANCED_FACE('',(#9354),#9365,.F.);
#9354 = FACE_BOUND('',#9355,.F.);
#9355 = EDGE_LOOP('',(#9356,#9357,#9358,#9359));
#9356 = ORIENTED_EDGE('',*,*,#5312,.F.);
#9357 = ORIENTED_EDGE('',*,*,#9343,.T.);
#9358 = ORIENTED_EDGE('',*,*,#6729,.T.);
#9359 = ORIENTED_EDGE('',*,*,#9360,.F.);
#9360 = EDGE_CURVE('',#5305,#6722,#9361,.T.);
#9361 = LINE('',#9362,#9363);
#9362 = CARTESIAN_POINT('',(80.7,36.931370849898,0.));
#9363 = VECTOR('',#9364,1.);
#9364 = DIRECTION('',(-0.,-0.,-1.));
#9365 = CYLINDRICAL_SURFACE('',#9366,0.8);
#9366 = AXIS2_PLACEMENT_3D('',#9367,#9368,#9369);
#9367 = CARTESIAN_POINT('',(80.134314575051,36.365685424949,0.));
#9368 = DIRECTION('',(0.,0.,1.));
#9369 = DIRECTION('',(1.,0.,0.));
#9370 = ADVANCED_FACE('',(#9371),#9377,.T.);
#9371 = FACE_BOUND('',#9372,.T.);
#9372 = EDGE_LOOP('',(#9373,#9374,#9375,#9376));
#9373 = ORIENTED_EDGE('',*,*,#5304,.F.);
#9374 = ORIENTED_EDGE('',*,*,#9251,.T.);
#9375 = ORIENTED_EDGE('',*,*,#6721,.T.);
#9376 = ORIENTED_EDGE('',*,*,#9360,.F.);
#9377 = PLANE('',#9378);
#9378 = AXIS2_PLACEMENT_3D('',#9379,#9380,#9381);
#9379 = CARTESIAN_POINT('',(80.7,38.068629150102,0.));
#9380 = DIRECTION('',(-1.,6.25E-15,0.));
#9381 = DIRECTION('',(-6.25E-15,-1.,0.));
#9382 = ADVANCED_FACE('',(#9383),#9399,.F.);
#9383 = FACE_BOUND('',#9384,.F.);
#9384 = EDGE_LOOP('',(#9385,#9386,#9392,#9393));
#9385 = ORIENTED_EDGE('',*,*,#5363,.F.);
#9386 = ORIENTED_EDGE('',*,*,#9387,.T.);
#9387 = EDGE_CURVE('',#5364,#6781,#9388,.T.);
#9388 = LINE('',#9389,#9390);
#9389 = CARTESIAN_POINT('',(91.3,35.431370849898,0.));
#9390 = VECTOR('',#9391,1.);
#9391 = DIRECTION('',(-0.,-0.,-1.));
#9392 = ORIENTED_EDGE('',*,*,#6780,.T.);
#9393 = ORIENTED_EDGE('',*,*,#9394,.F.);
#9394 = EDGE_CURVE('',#5366,#6783,#9395,.T.);
#9395 = LINE('',#9396,#9397);
#9396 = CARTESIAN_POINT('',(92.431370849898,34.3,0.));
#9397 = VECTOR('',#9398,1.);
#9398 = DIRECTION('',(-0.,-0.,-1.));
#9399 = CYLINDRICAL_SURFACE('',#9400,0.8);
#9400 = AXIS2_PLACEMENT_3D('',#9401,#9402,#9403);
#9401 = CARTESIAN_POINT('',(91.865685424949,34.865685424949,0.));
#9402 = DIRECTION('',(0.,0.,1.));
#9403 = DIRECTION('',(1.,0.,0.));
#9404 = ADVANCED_FACE('',(#9405),#9416,.T.);
#9405 = FACE_BOUND('',#9406,.T.);
#9406 = EDGE_LOOP('',(#9407,#9408,#9409,#9410));
#9407 = ORIENTED_EDGE('',*,*,#5374,.F.);
#9408 = ORIENTED_EDGE('',*,*,#9387,.T.);
#9409 = ORIENTED_EDGE('',*,*,#6791,.T.);
#9410 = ORIENTED_EDGE('',*,*,#9411,.F.);
#9411 = EDGE_CURVE('',#5375,#6792,#9412,.T.);
#9412 = LINE('',#9413,#9414);
#9413 = CARTESIAN_POINT('',(91.3,39.568629150102,0.));
#9414 = VECTOR('',#9415,1.);
#9415 = DIRECTION('',(-0.,-0.,-1.));
#9416 = PLANE('',#9417);
#9417 = AXIS2_PLACEMENT_3D('',#9418,#9419,#9420);
#9418 = CARTESIAN_POINT('',(91.3,35.431370849898,0.));
#9419 = DIRECTION('',(1.,-5.E-17,0.));
#9420 = DIRECTION('',(5.E-17,1.,0.));
#9421 = ADVANCED_FACE('',(#9422),#9433,.F.);
#9422 = FACE_BOUND('',#9423,.F.);
#9423 = EDGE_LOOP('',(#9424,#9425,#9426,#9427));
#9424 = ORIENTED_EDGE('',*,*,#5425,.F.);
#9425 = ORIENTED_EDGE('',*,*,#9394,.T.);
#9426 = ORIENTED_EDGE('',*,*,#6842,.T.);
#9427 = ORIENTED_EDGE('',*,*,#9428,.F.);
#9428 = EDGE_CURVE('',#5417,#6834,#9429,.T.);
#9429 = LINE('',#9430,#9431);
#9430 = CARTESIAN_POINT('',(93.568629150102,34.3,0.));
#9431 = VECTOR('',#9432,1.);
#9432 = DIRECTION('',(-0.,-0.,-1.));
#9433 = PLANE('',#9434);
#9434 = AXIS2_PLACEMENT_3D('',#9435,#9436,#9437);
#9435 = CARTESIAN_POINT('',(92.431370849898,34.3,0.));
#9436 = DIRECTION('',(1.56E-15,-1.,0.));
#9437 = DIRECTION('',(1.,1.56E-15,0.));
#9438 = ADVANCED_FACE('',(#9439),#9450,.F.);
#9439 = FACE_BOUND('',#9440,.F.);
#9440 = EDGE_LOOP('',(#9441,#9442,#9448,#9449));
#9441 = ORIENTED_EDGE('',*,*,#5382,.F.);
#9442 = ORIENTED_EDGE('',*,*,#9443,.T.);
#9443 = EDGE_CURVE('',#5383,#6800,#9444,.T.);
#9444 = LINE('',#9445,#9446);
#9445 = CARTESIAN_POINT('',(92.431370849898,40.7,0.));
#9446 = VECTOR('',#9447,1.);
#9447 = DIRECTION('',(-0.,-0.,-1.));
#9448 = ORIENTED_EDGE('',*,*,#6799,.T.);
#9449 = ORIENTED_EDGE('',*,*,#9411,.F.);
#9450 = CYLINDRICAL_SURFACE('',#9451,0.8);
#9451 = AXIS2_PLACEMENT_3D('',#9452,#9453,#9454);
#9452 = CARTESIAN_POINT('',(91.865685424949,40.134314575051,0.));
#9453 = DIRECTION('',(0.,0.,1.));
#9454 = DIRECTION('',(1.,0.,0.));
#9455 = ADVANCED_FACE('',(#9456),#9467,.F.);
#9456 = FACE_BOUND('',#9457,.F.);
#9457 = EDGE_LOOP('',(#9458,#9459,#9460,#9461));
#9458 = ORIENTED_EDGE('',*,*,#5416,.F.);
#9459 = ORIENTED_EDGE('',*,*,#9428,.T.);
#9460 = ORIENTED_EDGE('',*,*,#6833,.T.);
#9461 = ORIENTED_EDGE('',*,*,#9462,.F.);
#9462 = EDGE_CURVE('',#5409,#6826,#9463,.T.);
#9463 = LINE('',#9464,#9465);
#9464 = CARTESIAN_POINT('',(94.7,35.431370849898,0.));
#9465 = VECTOR('',#9466,1.);
#9466 = DIRECTION('',(-0.,-0.,-1.));
#9467 = CYLINDRICAL_SURFACE('',#9468,0.8);
#9468 = AXIS2_PLACEMENT_3D('',#9469,#9470,#9471);
#9469 = CARTESIAN_POINT('',(94.134314575051,34.865685424949,0.));
#9470 = DIRECTION('',(0.,0.,1.));
#9471 = DIRECTION('',(1.,0.,0.));
#9472 = ADVANCED_FACE('',(#9473),#9484,.T.);
#9473 = FACE_BOUND('',#9474,.T.);
#9474 = EDGE_LOOP('',(#9475,#9476,#9477,#9478));
#9475 = ORIENTED_EDGE('',*,*,#5391,.F.);
#9476 = ORIENTED_EDGE('',*,*,#9443,.T.);
#9477 = ORIENTED_EDGE('',*,*,#6808,.T.);
#9478 = ORIENTED_EDGE('',*,*,#9479,.F.);
#9479 = EDGE_CURVE('',#5392,#6809,#9480,.T.);
#9480 = LINE('',#9481,#9482);
#9481 = CARTESIAN_POINT('',(93.568629150102,40.7,0.));
#9482 = VECTOR('',#9483,1.);
#9483 = DIRECTION('',(-0.,-0.,-1.));
#9484 = PLANE('',#9485);
#9485 = AXIS2_PLACEMENT_3D('',#9486,#9487,#9488);
#9486 = CARTESIAN_POINT('',(92.431370849898,40.7,0.));
#9487 = DIRECTION('',(-1.56E-15,-1.,0.));
#9488 = DIRECTION('',(1.,-1.56E-15,0.));
#9489 = ADVANCED_FACE('',(#9490),#9501,.F.);
#9490 = FACE_BOUND('',#9491,.F.);
#9491 = EDGE_LOOP('',(#9492,#9493,#9494,#9495));
#9492 = ORIENTED_EDGE('',*,*,#5408,.F.);
#9493 = ORIENTED_EDGE('',*,*,#9462,.T.);
#9494 = ORIENTED_EDGE('',*,*,#6825,.T.);
#9495 = ORIENTED_EDGE('',*,*,#9496,.F.);
#9496 = EDGE_CURVE('',#5400,#6817,#9497,.T.);
#9497 = LINE('',#9498,#9499);
#9498 = CARTESIAN_POINT('',(94.7,39.568629150102,0.));
#9499 = VECTOR('',#9500,1.);
#9500 = DIRECTION('',(-0.,-0.,-1.));
#9501 = PLANE('',#9502);
#9502 = AXIS2_PLACEMENT_3D('',#9503,#9504,#9505);
#9503 = CARTESIAN_POINT('',(94.7,35.431370849898,0.));
#9504 = DIRECTION('',(1.,0.,0.));
#9505 = DIRECTION('',(0.,1.,0.));
#9506 = ADVANCED_FACE('',(#9507),#9513,.F.);
#9507 = FACE_BOUND('',#9508,.F.);
#9508 = EDGE_LOOP('',(#9509,#9510,#9511,#9512));
#9509 = ORIENTED_EDGE('',*,*,#5399,.F.);
#9510 = ORIENTED_EDGE('',*,*,#9496,.T.);
#9511 = ORIENTED_EDGE('',*,*,#6816,.T.);
#9512 = ORIENTED_EDGE('',*,*,#9479,.F.);
#9513 = CYLINDRICAL_SURFACE('',#9514,0.8);
#9514 = AXIS2_PLACEMENT_3D('',#9515,#9516,#9517);
#9515 = CARTESIAN_POINT('',(94.134314575051,40.134314575051,0.));
#9516 = DIRECTION('',(0.,0.,1.));
#9517 = DIRECTION('',(1.,0.,0.));
#9518 = ADVANCED_FACE('',(#9519),#9535,.F.);
#9519 = FACE_BOUND('',#9520,.F.);
#9520 = EDGE_LOOP('',(#9521,#9522,#9528,#9529));
#9521 = ORIENTED_EDGE('',*,*,#5433,.F.);
#9522 = ORIENTED_EDGE('',*,*,#9523,.T.);
#9523 = EDGE_CURVE('',#5434,#6851,#9524,.T.);
#9524 = LINE('',#9525,#9526);
#9525 = CARTESIAN_POINT('',(80.7,63.068629150102,0.));
#9526 = VECTOR('',#9527,1.);
#9527 = DIRECTION('',(-0.,-0.,-1.));
#9528 = ORIENTED_EDGE('',*,*,#6850,.T.);
#9529 = ORIENTED_EDGE('',*,*,#9530,.F.);
#9530 = EDGE_CURVE('',#5436,#6853,#9531,.T.);
#9531 = LINE('',#9532,#9533);
#9532 = CARTESIAN_POINT('',(79.568629150102,64.2,0.));
#9533 = VECTOR('',#9534,1.);
#9534 = DIRECTION('',(-0.,-0.,-1.));
#9535 = CYLINDRICAL_SURFACE('',#9536,0.8);
#9536 = AXIS2_PLACEMENT_3D('',#9537,#9538,#9539);
#9537 = CARTESIAN_POINT('',(80.134314575051,63.634314575051,0.));
#9538 = DIRECTION('',(0.,0.,1.));
#9539 = DIRECTION('',(1.,0.,0.));
#9540 = ADVANCED_FACE('',(#9541),#9552,.T.);
#9541 = FACE_BOUND('',#9542,.T.);
#9542 = EDGE_LOOP('',(#9543,#9544,#9550,#9551));
#9543 = ORIENTED_EDGE('',*,*,#5495,.F.);
#9544 = ORIENTED_EDGE('',*,*,#9545,.T.);
#9545 = EDGE_CURVE('',#5487,#6904,#9546,.T.);
#9546 = LINE('',#9547,#9548);
#9547 = CARTESIAN_POINT('',(75.431370849898,64.2,0.));
#9548 = VECTOR('',#9549,1.);
#9549 = DIRECTION('',(-0.,-0.,-1.));
#9550 = ORIENTED_EDGE('',*,*,#6912,.T.);
#9551 = ORIENTED_EDGE('',*,*,#9530,.F.);
#9552 = PLANE('',#9553);
#9553 = AXIS2_PLACEMENT_3D('',#9554,#9555,#9556);
#9554 = CARTESIAN_POINT('',(75.431370849898,64.2,0.));
#9555 = DIRECTION('',(0.,-1.,0.));
#9556 = DIRECTION('',(1.,0.,0.));
#9557 = ADVANCED_FACE('',(#9558),#9569,.F.);
#9558 = FACE_BOUND('',#9559,.F.);
#9559 = EDGE_LOOP('',(#9560,#9561,#9562,#9563));
#9560 = ORIENTED_EDGE('',*,*,#5486,.F.);
#9561 = ORIENTED_EDGE('',*,*,#9545,.T.);
#9562 = ORIENTED_EDGE('',*,*,#6903,.T.);
#9563 = ORIENTED_EDGE('',*,*,#9564,.F.);
#9564 = EDGE_CURVE('',#5479,#6896,#9565,.T.);
#9565 = LINE('',#9566,#9567);
#9566 = CARTESIAN_POINT('',(74.3,63.068629150102,0.));
#9567 = VECTOR('',#9568,1.);
#9568 = DIRECTION('',(-0.,-0.,-1.));
#9569 = CYLINDRICAL_SURFACE('',#9570,0.8);
#9570 = AXIS2_PLACEMENT_3D('',#9571,#9572,#9573);
#9571 = CARTESIAN_POINT('',(74.865685424949,63.634314575051,0.));
#9572 = DIRECTION('',(0.,0.,1.));
#9573 = DIRECTION('',(1.,0.,0.));
#9574 = ADVANCED_FACE('',(#9575),#9586,.F.);
#9575 = FACE_BOUND('',#9576,.F.);
#9576 = EDGE_LOOP('',(#9577,#9578,#9579,#9580));
#9577 = ORIENTED_EDGE('',*,*,#5478,.F.);
#9578 = ORIENTED_EDGE('',*,*,#9564,.T.);
#9579 = ORIENTED_EDGE('',*,*,#6895,.T.);
#9580 = ORIENTED_EDGE('',*,*,#9581,.F.);
#9581 = EDGE_CURVE('',#5470,#6887,#9582,.T.);
#9582 = LINE('',#9583,#9584);
#9583 = CARTESIAN_POINT('',(74.3,61.931370849898,0.));
#9584 = VECTOR('',#9585,1.);
#9585 = DIRECTION('',(-0.,-0.,-1.));
#9586 = PLANE('',#9587);
#9587 = AXIS2_PLACEMENT_3D('',#9588,#9589,#9590);
#9588 = CARTESIAN_POINT('',(74.3,63.068629150102,0.));
#9589 = DIRECTION('',(-1.,4.69E-15,0.));
#9590 = DIRECTION('',(-4.69E-15,-1.,0.));
#9591 = ADVANCED_FACE('',(#9592),#9603,.F.);
#9592 = FACE_BOUND('',#9593,.F.);
#9593 = EDGE_LOOP('',(#9594,#9595,#9596,#9597));
#9594 = ORIENTED_EDGE('',*,*,#5469,.F.);
#9595 = ORIENTED_EDGE('',*,*,#9581,.T.);
#9596 = ORIENTED_EDGE('',*,*,#6886,.T.);
#9597 = ORIENTED_EDGE('',*,*,#9598,.F.);
#9598 = EDGE_CURVE('',#5462,#6879,#9599,.T.);
#9599 = LINE('',#9600,#9601);
#9600 = CARTESIAN_POINT('',(75.431370849898,60.8,0.));
#9601 = VECTOR('',#9602,1.);
#9602 = DIRECTION('',(-0.,-0.,-1.));
#9603 = CYLINDRICAL_SURFACE('',#9604,0.8);
#9604 = AXIS2_PLACEMENT_3D('',#9605,#9606,#9607);
#9605 = CARTESIAN_POINT('',(74.865685424949,61.365685424949,0.));
#9606 = DIRECTION('',(0.,0.,1.));
#9607 = DIRECTION('',(1.,0.,0.));
#9608 = ADVANCED_FACE('',(#9609),#9620,.F.);
#9609 = FACE_BOUND('',#9610,.F.);
#9610 = EDGE_LOOP('',(#9611,#9612,#9613,#9614));
#9611 = ORIENTED_EDGE('',*,*,#5461,.F.);
#9612 = ORIENTED_EDGE('',*,*,#9598,.T.);
#9613 = ORIENTED_EDGE('',*,*,#6878,.T.);
#9614 = ORIENTED_EDGE('',*,*,#9615,.F.);
#9615 = EDGE_CURVE('',#5453,#6870,#9616,.T.);
#9616 = LINE('',#9617,#9618);
#9617 = CARTESIAN_POINT('',(79.568629150102,60.8,0.));
#9618 = VECTOR('',#9619,1.);
#9619 = DIRECTION('',(-0.,-0.,-1.));
#9620 = PLANE('',#9621);
#9621 = AXIS2_PLACEMENT_3D('',#9622,#9623,#9624);
#9622 = CARTESIAN_POINT('',(75.431370849898,60.8,0.));
#9623 = DIRECTION('',(-4.3E-16,-1.,0.));
#9624 = DIRECTION('',(1.,-4.3E-16,0.));
#9625 = ADVANCED_FACE('',(#9626),#9637,.F.);
#9626 = FACE_BOUND('',#9627,.F.);
#9627 = EDGE_LOOP('',(#9628,#9629,#9630,#9631));
#9628 = ORIENTED_EDGE('',*,*,#5452,.F.);
#9629 = ORIENTED_EDGE('',*,*,#9615,.T.);
#9630 = ORIENTED_EDGE('',*,*,#6869,.T.);
#9631 = ORIENTED_EDGE('',*,*,#9632,.F.);
#9632 = EDGE_CURVE('',#5445,#6862,#9633,.T.);
#9633 = LINE('',#9634,#9635);
#9634 = CARTESIAN_POINT('',(80.7,61.931370849898,0.));
#9635 = VECTOR('',#9636,1.);
#9636 = DIRECTION('',(-0.,-0.,-1.));
#9637 = CYLINDRICAL_SURFACE('',#9638,0.8);
#9638 = AXIS2_PLACEMENT_3D('',#9639,#9640,#9641);
#9639 = CARTESIAN_POINT('',(80.134314575051,61.365685424949,0.));
#9640 = DIRECTION('',(0.,0.,1.));
#9641 = DIRECTION('',(1.,0.,0.));
#9642 = ADVANCED_FACE('',(#9643),#9649,.T.);
#9643 = FACE_BOUND('',#9644,.T.);
#9644 = EDGE_LOOP('',(#9645,#9646,#9647,#9648));
#9645 = ORIENTED_EDGE('',*,*,#5444,.F.);
#9646 = ORIENTED_EDGE('',*,*,#9523,.T.);
#9647 = ORIENTED_EDGE('',*,*,#6861,.T.);
#9648 = ORIENTED_EDGE('',*,*,#9632,.F.);
#9649 = PLANE('',#9650);
#9650 = AXIS2_PLACEMENT_3D('',#9651,#9652,#9653);
#9651 = CARTESIAN_POINT('',(80.7,63.068629150102,0.));
#9652 = DIRECTION('',(-1.,6.25E-15,0.));
#9653 = DIRECTION('',(-6.25E-15,-1.,0.));
#9654 = ( GEOMETRIC_REPRESENTATION_CONTEXT(3) 
GLOBAL_UNCERTAINTY_ASSIGNED_CONTEXT((#9658)) 
GLOBAL_UNIT_ASSIGNED_CONTEXT((#9655,#9656,#9657)) REPRESENTATION_CONTEXT
('Context #1','3D Context with UNIT and UNCERTAINTY') );
#9655 = ( LENGTH_UNIT() NAMED_UNIT(*) SI_UNIT(.MILLI.,.METRE.) );
#9656 = ( NAMED_UNIT(*) PLANE_ANGLE_UNIT() SI_UNIT($,.RADIAN.) );
#9657 = ( NAMED_UNIT(*) SI_UNIT($,.STERADIAN.) SOLID_ANGLE_UNIT() );
#9658 = UNCERTAINTY_MEASURE_WITH_UNIT(LENGTH_MEASURE(1.E-04),#9655,
  'distance_accuracy_value','confusion accuracy');
#9659 = CONTEXT_DEPENDENT_SHAPE_REPRESENTATION(#9660,#9662);
#9660 = ( REPRESENTATION_RELATIONSHIP('','',#3983,#3960) 
REPRESENTATION_RELATIONSHIP_WITH_TRANSFORMATION(#9661) 
SHAPE_REPRESENTATION_RELATIONSHIP() );
#9661 = ITEM_DEFINED_TRANSFORMATION('','',#11,#3961);
#9662 = PRODUCT_DEFINITION_SHAPE('Placement','Placement of an item',
  #9663);
#9663 = NEXT_ASSEMBLY_USAGE_OCCURRENCE('5','Body005','',#3955,#3978,$);
#9664 = PRODUCT_RELATED_PRODUCT_CATEGORY('part',$,(#3980));
#9665 = SHAPE_DEFINITION_REPRESENTATION(#9666,#9672);
#9666 = PRODUCT_DEFINITION_SHAPE('','',#9667);
#9667 = PRODUCT_DEFINITION('design','',#9668,#9671);
#9668 = PRODUCT_DEFINITION_FORMATION('','',#9669);
#9669 = PRODUCT('PomA','PomA','',(#9670));
#9670 = PRODUCT_CONTEXT('',#2,'mechanical');
#9671 = PRODUCT_DEFINITION_CONTEXT('part definition',#2,'design');
#9672 = ADVANCED_BREP_SHAPE_REPRESENTATION('',(#11,#9673),#9823);
#9673 = MANIFOLD_SOLID_BREP('',#9674);
#9674 = CLOSED_SHELL('',(#9675,#9715,#9746,#9777,#9799,#9811));
#9675 = ADVANCED_FACE('',(#9676),#9710,.F.);
#9676 = FACE_BOUND('',#9677,.F.);
#9677 = EDGE_LOOP('',(#9678,#9688,#9696,#9704));
#9678 = ORIENTED_EDGE('',*,*,#9679,.T.);
#9679 = EDGE_CURVE('',#9680,#9682,#9684,.T.);
#9680 = VERTEX_POINT('',#9681);
#9681 = CARTESIAN_POINT('',(-45.,107.5,0.));
#9682 = VERTEX_POINT('',#9683);
#9683 = CARTESIAN_POINT('',(-45.,107.5,35.));
#9684 = LINE('',#9685,#9686);
#9685 = CARTESIAN_POINT('',(-45.,107.5,0.));
#9686 = VECTOR('',#9687,1.);
#9687 = DIRECTION('',(0.,0.,1.));
#9688 = ORIENTED_EDGE('',*,*,#9689,.T.);
#9689 = EDGE_CURVE('',#9682,#9690,#9692,.T.);
#9690 = VERTEX_POINT('',#9691);
#9691 = CARTESIAN_POINT('',(-45.,97.5,35.));
#9692 = LINE('',#9693,#9694);
#9693 = CARTESIAN_POINT('',(-45.,107.5,35.));
#9694 = VECTOR('',#9695,1.);
#9695 = DIRECTION('',(0.,-1.,0.));
#9696 = ORIENTED_EDGE('',*,*,#9697,.F.);
#9697 = EDGE_CURVE('',#9698,#9690,#9700,.T.);
#9698 = VERTEX_POINT('',#9699);
#9699 = CARTESIAN_POINT('',(-45.,97.5,0.));
#9700 = LINE('',#9701,#9702);
#9701 = CARTESIAN_POINT('',(-45.,97.5,0.));
#9702 = VECTOR('',#9703,1.);
#9703 = DIRECTION('',(0.,0.,1.));
#9704 = ORIENTED_EDGE('',*,*,#9705,.F.);
#9705 = EDGE_CURVE('',#9680,#9698,#9706,.T.);
#9706 = LINE('',#9707,#9708);
#9707 = CARTESIAN_POINT('',(-45.,107.5,0.));
#9708 = VECTOR('',#9709,1.);
#9709 = DIRECTION('',(0.,-1.,0.));
#9710 = PLANE('',#9711);
#9711 = AXIS2_PLACEMENT_3D('',#9712,#9713,#9714);
#9712 = CARTESIAN_POINT('',(-45.,107.5,0.));
#9713 = DIRECTION('',(1.,0.,0.));
#9714 = DIRECTION('',(0.,-1.,0.));
#9715 = ADVANCED_FACE('',(#9716),#9741,.F.);
#9716 = FACE_BOUND('',#9717,.F.);
#9717 = EDGE_LOOP('',(#9718,#9719,#9727,#9735));
#9718 = ORIENTED_EDGE('',*,*,#9697,.T.);
#9719 = ORIENTED_EDGE('',*,*,#9720,.T.);
#9720 = EDGE_CURVE('',#9690,#9721,#9723,.T.);
#9721 = VERTEX_POINT('',#9722);
#9722 = CARTESIAN_POINT('',(138.,97.5,35.));
#9723 = LINE('',#9724,#9725);
#9724 = CARTESIAN_POINT('',(-45.,97.5,35.));
#9725 = VECTOR('',#9726,1.);
#9726 = DIRECTION('',(1.,0.,0.));
#9727 = ORIENTED_EDGE('',*,*,#9728,.F.);
#9728 = EDGE_CURVE('',#9729,#9721,#9731,.T.);
#9729 = VERTEX_POINT('',#9730);
#9730 = CARTESIAN_POINT('',(138.,97.5,0.));
#9731 = LINE('',#9732,#9733);
#9732 = CARTESIAN_POINT('',(138.,97.5,0.));
#9733 = VECTOR('',#9734,1.);
#9734 = DIRECTION('',(0.,0.,1.));
#9735 = ORIENTED_EDGE('',*,*,#9736,.F.);
#9736 = EDGE_CURVE('',#9698,#9729,#9737,.T.);
#9737 = LINE('',#9738,#9739);
#9738 = CARTESIAN_POINT('',(-45.,97.5,0.));
#9739 = VECTOR('',#9740,1.);
#9740 = DIRECTION('',(1.,0.,0.));
#9741 = PLANE('',#9742);
#9742 = AXIS2_PLACEMENT_3D('',#9743,#9744,#9745);
#9743 = CARTESIAN_POINT('',(-45.,97.5,0.));
#9744 = DIRECTION('',(0.,1.,0.));
#9745 = DIRECTION('',(1.,0.,0.));
#9746 = ADVANCED_FACE('',(#9747),#9772,.F.);
#9747 = FACE_BOUND('',#9748,.F.);
#9748 = EDGE_LOOP('',(#9749,#9750,#9758,#9766));
#9749 = ORIENTED_EDGE('',*,*,#9728,.T.);
#9750 = ORIENTED_EDGE('',*,*,#9751,.T.);
#9751 = EDGE_CURVE('',#9721,#9752,#9754,.T.);
#9752 = VERTEX_POINT('',#9753);
#9753 = CARTESIAN_POINT('',(138.,107.5,35.));
#9754 = LINE('',#9755,#9756);
#9755 = CARTESIAN_POINT('',(138.,97.5,35.));
#9756 = VECTOR('',#9757,1.);
#9757 = DIRECTION('',(0.,1.,0.));
#9758 = ORIENTED_EDGE('',*,*,#9759,.F.);
#9759 = EDGE_CURVE('',#9760,#9752,#9762,.T.);
#9760 = VERTEX_POINT('',#9761);
#9761 = CARTESIAN_POINT('',(138.,107.5,0.));
#9762 = LINE('',#9763,#9764);
#9763 = CARTESIAN_POINT('',(138.,107.5,0.));
#9764 = VECTOR('',#9765,1.);
#9765 = DIRECTION('',(0.,0.,1.));
#9766 = ORIENTED_EDGE('',*,*,#9767,.F.);
#9767 = EDGE_CURVE('',#9729,#9760,#9768,.T.);
#9768 = LINE('',#9769,#9770);
#9769 = CARTESIAN_POINT('',(138.,97.5,0.));
#9770 = VECTOR('',#9771,1.);
#9771 = DIRECTION('',(0.,1.,0.));
#9772 = PLANE('',#9773);
#9773 = AXIS2_PLACEMENT_3D('',#9774,#9775,#9776);
#9774 = CARTESIAN_POINT('',(138.,97.5,0.));
#9775 = DIRECTION('',(-1.,0.,0.));
#9776 = DIRECTION('',(0.,1.,0.));
#9777 = ADVANCED_FACE('',(#9778),#9794,.F.);
#9778 = FACE_BOUND('',#9779,.F.);
#9779 = EDGE_LOOP('',(#9780,#9781,#9787,#9788));
#9780 = ORIENTED_EDGE('',*,*,#9759,.T.);
#9781 = ORIENTED_EDGE('',*,*,#9782,.T.);
#9782 = EDGE_CURVE('',#9752,#9682,#9783,.T.);
#9783 = LINE('',#9784,#9785);
#9784 = CARTESIAN_POINT('',(138.,107.5,35.));
#9785 = VECTOR('',#9786,1.);
#9786 = DIRECTION('',(-1.,0.,0.));
#9787 = ORIENTED_EDGE('',*,*,#9679,.F.);
#9788 = ORIENTED_EDGE('',*,*,#9789,.F.);
#9789 = EDGE_CURVE('',#9760,#9680,#9790,.T.);
#9790 = LINE('',#9791,#9792);
#9791 = CARTESIAN_POINT('',(138.,107.5,0.));
#9792 = VECTOR('',#9793,1.);
#9793 = DIRECTION('',(-1.,0.,0.));
#9794 = PLANE('',#9795);
#9795 = AXIS2_PLACEMENT_3D('',#9796,#9797,#9798);
#9796 = CARTESIAN_POINT('',(138.,107.5,0.));
#9797 = DIRECTION('',(0.,-1.,0.));
#9798 = DIRECTION('',(-1.,0.,0.));
#9799 = ADVANCED_FACE('',(#9800),#9806,.F.);
#9800 = FACE_BOUND('',#9801,.F.);
#9801 = EDGE_LOOP('',(#9802,#9803,#9804,#9805));
#9802 = ORIENTED_EDGE('',*,*,#9705,.T.);
#9803 = ORIENTED_EDGE('',*,*,#9736,.T.);
#9804 = ORIENTED_EDGE('',*,*,#9767,.T.);
#9805 = ORIENTED_EDGE('',*,*,#9789,.T.);
#9806 = PLANE('',#9807);
#9807 = AXIS2_PLACEMENT_3D('',#9808,#9809,#9810);
#9808 = CARTESIAN_POINT('',(46.5,102.5,0.));
#9809 = DIRECTION('',(0.,0.,1.));
#9810 = DIRECTION('',(1.,0.,0.));
#9811 = ADVANCED_FACE('',(#9812),#9818,.T.);
#9812 = FACE_BOUND('',#9813,.T.);
#9813 = EDGE_LOOP('',(#9814,#9815,#9816,#9817));
#9814 = ORIENTED_EDGE('',*,*,#9689,.T.);
#9815 = ORIENTED_EDGE('',*,*,#9720,.T.);
#9816 = ORIENTED_EDGE('',*,*,#9751,.T.);
#9817 = ORIENTED_EDGE('',*,*,#9782,.T.);
#9818 = PLANE('',#9819);
#9819 = AXIS2_PLACEMENT_3D('',#9820,#9821,#9822);
#9820 = CARTESIAN_POINT('',(46.5,102.5,35.));
#9821 = DIRECTION('',(0.,0.,1.));
#9822 = DIRECTION('',(1.,0.,0.));
#9823 = ( GEOMETRIC_REPRESENTATION_CONTEXT(3) 
GLOBAL_UNCERTAINTY_ASSIGNED_CONTEXT((#9827)) 
GLOBAL_UNIT_ASSIGNED_CONTEXT((#9824,#9825,#9826)) REPRESENTATION_CONTEXT
('Context #1','3D Context with UNIT and UNCERTAINTY') );
#9824 = ( LENGTH_UNIT() NAMED_UNIT(*) SI_UNIT(.MILLI.,.METRE.) );
#9825 = ( NAMED_UNIT(*) PLANE_ANGLE_UNIT() SI_UNIT($,.RADIAN.) );
#9826 = ( NAMED_UNIT(*) SI_UNIT($,.STERADIAN.) SOLID_ANGLE_UNIT() );
#9827 = UNCERTAINTY_MEASURE_WITH_UNIT(LENGTH_MEASURE(1.E-07),#9824,
  'distance_accuracy_value','confusion accuracy');
#9828 = CONTEXT_DEPENDENT_SHAPE_REPRESENTATION(#9829,#9831);
#9829 = ( REPRESENTATION_RELATIONSHIP('','',#9672,#10) 
REPRESENTATION_RELATIONSHIP_WITH_TRANSFORMATION(#9830) 
SHAPE_REPRESENTATION_RELATIONSHIP() );
#9830 = ITEM_DEFINED_TRANSFORMATION('','',#11,#27);
#9831 = PRODUCT_DEFINITION_SHAPE('Placement','Placement of an item',
  #9832);
#9832 = NEXT_ASSEMBLY_USAGE_OCCURRENCE('7','PomA001','',#5,#9667,$);
#9833 = PRODUCT_RELATED_PRODUCT_CATEGORY('part',$,(#9669));
#9834 = MECHANICAL_DESIGN_GEOMETRIC_PRESENTATION_REPRESENTATION('',(
    #9835),#3942);
#9835 = STYLED_ITEM('color',(#9836),#2198);
#9836 = PRESENTATION_STYLE_ASSIGNMENT((#9837,#9843));
#9837 = SURFACE_STYLE_USAGE(.BOTH.,#9838);
#9838 = SURFACE_SIDE_STYLE('',(#9839));
#9839 = SURFACE_STYLE_FILL_AREA(#9840);
#9840 = FILL_AREA_STYLE('',(#9841));
#9841 = FILL_AREA_STYLE_COLOUR('',#9842);
#9842 = COLOUR_RGB('',0.329411773243,0.329411773243,1.);
#9843 = CURVE_STYLE('',#9844,POSITIVE_LENGTH_MEASURE(0.1),#9845);
#9844 = DRAUGHTING_PRE_DEFINED_CURVE_FONT('continuous');
#9845 = COLOUR_RGB('',9.803921802644E-02,9.803921802644E-02,
  9.803921802644E-02);
#9846 = MECHANICAL_DESIGN_GEOMETRIC_PRESENTATION_REPRESENTATION('',(
    #9847),#9823);
#9847 = STYLED_ITEM('color',(#9848),#9673);
#9848 = PRESENTATION_STYLE_ASSIGNMENT((#9849,#9855));
#9849 = SURFACE_STYLE_USAGE(.BOTH.,#9850);
#9850 = SURFACE_SIDE_STYLE('',(#9851));
#9851 = SURFACE_STYLE_FILL_AREA(#9852);
#9852 = FILL_AREA_STYLE('',(#9853));
#9853 = FILL_AREA_STYLE_COLOUR('',#9854);
#9854 = COLOUR_RGB('',0.,0.,0.501960817233);
#9855 = CURVE_STYLE('',#9856,POSITIVE_LENGTH_MEASURE(0.1),#9845);
#9856 = DRAUGHTING_PRE_DEFINED_CURVE_FONT('continuous');
#9857 = MECHANICAL_DESIGN_GEOMETRIC_PRESENTATION_REPRESENTATION('',(
    #9858),#9654);
#9858 = STYLED_ITEM('color',(#9859),#3984);
#9859 = PRESENTATION_STYLE_ASSIGNMENT((#9860,#9866));
#9860 = SURFACE_STYLE_USAGE(.BOTH.,#9861);
#9861 = SURFACE_SIDE_STYLE('',(#9862));
#9862 = SURFACE_STYLE_FILL_AREA(#9863);
#9863 = FILL_AREA_STYLE('',(#9864));
#9864 = FILL_AREA_STYLE_COLOUR('',#9865);
#9865 = COLOUR_RGB('',0.,0.329411773243,0.);
#9866 = CURVE_STYLE('',#9867,POSITIVE_LENGTH_MEASURE(0.1),#9845);
#9867 = DRAUGHTING_PRE_DEFINED_CURVE_FONT('continuous');
#9868 = MECHANICAL_DESIGN_GEOMETRIC_PRESENTATION_REPRESENTATION('',(
    #9869),#2156);
#9869 = STYLED_ITEM('color',(#9870),#68);
#9870 = PRESENTATION_STYLE_ASSIGNMENT((#9871,#9877));
#9871 = SURFACE_STYLE_USAGE(.BOTH.,#9872);
#9872 = SURFACE_SIDE_STYLE('',(#9873));
#9873 = SURFACE_STYLE_FILL_AREA(#9874);
#9874 = FILL_AREA_STYLE('',(#9875));
#9875 = FILL_AREA_STYLE_COLOUR('',#9876);
#9876 = COLOUR_RGB('',0.329411773243,0.670588257465,1.);
#9877 = CURVE_STYLE('',#9878,POSITIVE_LENGTH_MEASURE(0.1),#9845);
#9878 = DRAUGHTING_PRE_DEFINED_CURVE_FONT('continuous');
ENDSEC;
END-ISO-10303-21;
